country_code,country_name,year,gdp_usd,gdp_growth_pct,gdp_per_capita_usd,inflation_cpi_pct,real_interest_rate_pct,unemployment_rate_pct,labor_force_total,population_total,life_expectancy,trade_pct_gdp,exports_pct_gdp,imports_pct_gdp,current_account_pct_gdp,fdi_inflows_pct_gdp,internet_users_pct,electricity_access_pct
ABW,Aruba,2000,1873452513.9665,7.6229,20681.023,4.044,10.9175,,,90588.0,72.939,145.0729,74.386,70.6869,11.0569,-6.8287,15.4428,91.7
ABW,Aruba,2001,1896456983.2402,4.182,20740.1326,2.8836,15.8859,,,91439.0,73.044,140.3911,70.9968,69.3943,16.2809,-14.0751,17.1,100.0
ABW,Aruba,2002,1961843575.419,-0.945,21307.2483,3.3152,6.5738,,,92074.0,73.135,133.2308,64.5643,68.6665,-17.3435,16.9491,18.8,100.0
ABW,Aruba,2003,2044111731.8436,1.1105,21949.486,3.6564,7.4246,,,93128.0,73.236,132.7943,62.7312,70.0631,-8.099,7.8164,20.8,100.0
ABW,Aruba,2004,2254830726.257,7.2937,23700.632,2.5291,6.6045,,,95138.0,73.223,132.4309,64.6656,67.7654,12.0137,-4.6876,23.0,100.0
ABW,Aruba,2005,2360017318.4358,-0.3831,24171.8371,3.3978,5.6464,,,97635.0,73.415,145.0503,68.0753,76.975,4.4476,-8.8049,25.4,100.0
ABW,Aruba,2006,2469782681.5642,1.1274,24845.6585,3.608,5.8131,,,99405.0,73.498,141.0426,64.5942,76.4485,12.5742,8.9205,28.0,100.0
ABW,Aruba,2007,2677641340.7821,3.0895,26736.3089,5.3926,4.976,,,100150.0,73.642,139.9723,65.0613,74.911,9.6454,-17.5903,30.9,100.0
ABW,Aruba,2008,2843024581.0056,1.8358,28171.9094,8.956,5.9825,,,100917.0,73.783,139.1101,65.5293,73.5809,0.0039,0.6642,52.0,100.0
ABW,Aruba,2009,2553793296.0894,-11.6777,25134.7712,-2.1354,8.846,,,101604.0,73.974,137.5566,62.9186,74.638,6.7224,-0.4156,58.0,100.0
ABW,Aruba,2010,2453597206.7039,-2.7335,24093.1402,2.0781,11.6661,,,101838.0,74.297,135.4647,60.2182,75.2465,-18.7525,7.6117,62.0,93.4
ABW,Aruba,2011,2637859217.8771,3.3692,25712.3843,4.3163,4.802,,,102591.0,74.578,154.4378,69.751,84.6868,-9.8777,18.5058,69.0,100.0
ABW,Aruba,2012,2615208379.8883,-1.0408,25119.6655,0.6275,8.2009,,,104110.0,74.841,156.6452,73.1035,83.5417,3.4735,-12.0332,74.0,100.0
ABW,Aruba,2013,2727849162.0112,6.4315,25813.5714,-2.3721,10.7097,,,105675.0,75.072,155.7319,73.5764,82.1555,-11.8132,9.9745,78.9,100.0
ABW,Aruba,2014,2790849720.6704,1.4261,26129.8391,0.4214,6.3735,,,106807.0,75.261,156.4911,75.4546,81.0364,-4.6586,7.4653,83.78,100.0
ABW,Aruba,2015,2962906703.9106,3.6115,27458.2202,0.4748,4.4264,,,107906.0,75.405,140.493,70.3217,70.1713,3.9941,-0.9073,88.6612,100.0
ABW,Aruba,2016,2983637430.1676,1.2343,27441.5502,-0.9312,7.4676,,,108727.0,75.54,136.8873,68.9667,67.9206,4.7318,0.9234,93.5425,100.0
ABW,Aruba,2017,3092427932.9609,3.4934,28440.0417,-1.0283,6.1433,,,108735.0,75.62,138.7166,69.6369,69.0797,1.1198,5.2534,97.17,100.0
ABW,Aruba,2018,3276187709.4972,3.2125,30082.1584,3.626,3.2687,,,108908.0,75.88,138.825,68.4089,70.4161,-0.5914,4.3998,,100.0
ABW,Aruba,2019,3347561738.9459,1.2291,30654.4851,4.2575,4.7179,,,109203.0,76.019,137.9232,66.7031,71.2202,2.5331,-2.2472,,100.0
ABW,Aruba,2020,2461056053.228,-23.9401,22664.371,,10.4929,,,108587.0,75.406,123.2405,53.8025,69.438,-12.8585,6.5446,,100.0
ABW,Aruba,2021,2889305033.5598,14.8337,26827.3448,,4.0732,,,107700.0,73.655,139.5109,67.3235,72.1874,2.7431,4.622,,100.0
ABW,Aruba,2022,3326671314.7742,10.608,31000.5714,,1.9261,,,107310.0,76.226,160.5581,80.7428,79.8153,6.9305,7.4594,,99.9
ABW,Aruba,2023,3746573413.0757,9.5164,34897.6184,,2.8822,,,107359.0,76.353,153.7192,79.8589,73.8603,5.1914,-3.6689,,100.0
ABW,Aruba,2024,4167588070.2922,6.8108,38590.565,,,,,107995.0,76.5,164.1386,85.9688,78.1698,,2.4775,,100.0
ABW,Aruba,2025,,,,,,,,108785.0,,,,,,,,
AFG,Afghanistan,2000,3521418059.9234,,174.931,,,7.897,4684205.0,20130327.0,55.005,,,,,0.0048,,4.4
AFG,Afghanistan,2001,2813571753.8725,-9.432,138.7068,,,7.973,4702818.0,20284307.0,55.511,,,,,0.0242,0.0047,9.3
AFG,Afghanistan,2002,3825701438.9996,28.6,178.9541,,,7.867,4947295.0,21378117.0,56.225,,,,,1.3069,0.0046,14.1
AFG,Afghanistan,2003,4520946818.5458,8.8323,198.8711,,,7.844,5259694.0,22733049.0,57.171,,,,,1.2785,0.0879,19.0
AFG,Afghanistan,2004,5224896718.6778,1.4141,221.7637,,,7.794,5459174.0,23560654.0,57.81,,,,,3.5771,0.1058,23.8
AFG,Afghanistan,2005,6203256538.7097,11.2297,254.1842,12.6863,,7.878,5672338.0,24404567.0,58.247,,,,,4.3687,1.2241,28.7
AFG,Afghanistan,2006,6971758282.2935,5.3574,274.2186,6.7846,10.0469,7.897,5937185.0,25424094.0,58.553,,,,,3.4138,2.1071,33.5
AFG,Afghanistan,2007,9747886187.3939,13.8263,376.2232,8.6806,-3.5851,7.841,6089849.0,25909852.0,58.956,,,,,1.9357,1.9,38.4
AFG,Afghanistan,2008,10109297047.5432,3.925,381.7332,26.4187,12.558,7.879,6273854.0,26482622.0,59.708,,,,-2.358,0.4554,1.84,42.4
AFG,Afghanistan,2009,12416152732.0567,21.3905,452.0537,-6.8112,17.5429,7.808,6563683.0,27466101.0,60.248,,,,2.236,0.4519,3.55,48.3
AFG,Afghanistan,2010,15856668555.8336,14.3624,560.6215,2.1785,11.3641,7.809,6823542.0,28284089.0,60.702,,,,-3.6433,1.2031,4.0,42.7
AFG,Afghanistan,2011,17805098206.3141,0.4264,606.6947,11.8042,-1.2415,7.83,7149401.0,29347708.0,61.25,,,,-12.6195,0.293,5.0,43.2
AFG,Afghanistan,2012,19907329777.5872,12.7523,651.4171,6.4412,7.1744,7.875,7518518.0,30560034.0,61.735,,,,-25.8707,0.2854,5.4545,69.1
AFG,Afghanistan,2013,20146416757.5987,5.6007,637.0871,7.3858,9.7845,7.921,7857574.0,31622704.0,62.188,,,,-25.2901,0.2398,5.9,68.0
AFG,Afghanistan,2014,20497128555.6972,2.7245,625.0549,4.674,14.3517,7.915,8229616.0,32792523.0,62.26,,,,-15.7724,0.2097,7.0,89.5
AFG,Afghanistan,2015,19134221644.7325,1.4513,565.5697,-0.6617,12.2525,9.032,8575264.0,33831764.0,62.27,,,,-21.9127,0.884,8.26,71.5
AFG,Afghanistan,2016,18116572395.0772,2.2603,522.0822,4.3839,17.5839,10.116,8883595.0,34700612.0,62.646,,,,-14.9502,0.5166,11.0,97.7
AFG,Afghanistan,2017,18753456497.8159,2.647,525.4698,4.976,12.1412,11.184,9223903.0,35688935.0,62.406,,,,-18.956,0.2748,13.5,97.7
AFG,Afghanistan,2018,18053222687.4126,1.1892,491.3372,0.6261,,11.192,9215046.0,36743039.0,62.443,,,,-21.5853,0.6616,16.8,93.4
AFG,Afghanistan,2019,18799444490.1128,3.9116,496.6025,2.3024,,11.187,9192643.0,37856121.0,62.941,,,,-20.1705,0.1245,17.6,97.7
AFG,Afghanistan,2020,19955929052.1496,-2.3511,510.7871,5.6019,,11.71,9060510.0,39068979.0,61.454,46.7099,10.4208,36.2891,-15.7183,0.065,17.0485,97.7
AFG,Afghanistan,2021,14259995441.0759,-20.7388,356.4962,5.1332,,12.006,9128262.0,40000412.0,60.417,51.4117,14.3422,37.0696,,0.1445,16.5143,97.7
AFG,Afghanistan,2022,14497243872.1337,-6.2402,357.2612,13.7121,,14.1,8617545.0,40578842.0,65.617,72.8855,18.38,54.5054,,,15.8663,85.3
AFG,Afghanistan,2023,17152234636.8715,2.2669,413.7579,-4.6447,,14.008,8846502.0,41454761.0,66.035,66.9996,16.2353,50.7643,,,15.9284,85.3
AFG,Afghanistan,2024,17778508875.7396,1.8732,416.8711,-6.6012,,13.687,9145340.0,42647492.0,66.289,83.763,15.7028,68.0603,,,16.095,87.8
AFG,Afghanistan,2025,,,,,,13.351,9433041.0,43844111.0,,,,,,,,
AGO,Angola,2000,9129594970.153,3.0546,563.7338,324.9969,-60.7813,16.646,6813281.0,16194869.0,46.501,,,,8.7151,9.6239,0.105,24.2
AGO,Angola,2001,8936079117.7314,4.206,533.5862,152.561,-5.0329,16.668,7055911.0,16747208.0,47.032,,,,-16.013,24.0091,0.136,20.0
AGO,Angola,2002,17311512433.1938,13.6657,999.0659,108.8974,-41.3295,16.432,7311174.0,17327699.0,47.874,90.5708,49.4975,41.0733,-0.867,10.0714,0.2704,26.3
AGO,Angola,2003,20342128111.9406,3.4873,1133.6633,98.2241,0.7748,16.445,7582160.0,17943712.0,50.218,90.6807,47.5645,43.1163,-3.5373,17.5841,0.3707,27.4
AGO,Angola,2004,26997977896.2907,11.4199,1451.4712,43.5421,36.7004,16.313,7870095.0,18600423.0,51.123,90.386,51.0442,39.3419,2.5233,8.1385,0.4648,28.4
AGO,Angola,2005,41396636383.8231,14.1548,2145.8862,22.9535,19.682,16.295,8170696.0,19291161.0,52.13,95.3415,58.7233,36.6182,12.4114,-3.1496,1.1434,29.4
AGO,Angola,2006,58653659979.5501,11.8418,2930.4443,13.3052,2.3083,16.123,8483347.0,20015279.0,52.965,84.6246,56.8533,27.7713,18.2253,-0.0643,1.5,30.5
AGO,Angola,2007,73037821926.4655,13.0027,3515.0568,12.2515,11.9081,16.066,8810729.0,20778561.0,54.2,97.2256,61.2105,36.0151,14.4874,-1.2231,1.7,37.5
AGO,Angola,2008,98790432989.3077,10.7866,4578.1553,12.4758,-5.7724,16.152,9150465.0,21578655.0,55.281,108.6804,65.0305,43.6499,7.2823,1.6995,1.9,38.5
AGO,Angola,2009,81705175408.8809,1.9956,3645.1485,13.7303,34.9397,16.383,9502781.0,22414773.0,56.225,102.2632,50.8994,51.3638,-9.267,2.6991,2.3,33.8
AGO,Angola,2010,95546919754.2873,5.2937,4101.6372,14.4697,-4.7619,16.595,9873442.0,23294825.0,57.242,90.9941,53.8925,37.1015,7.8558,-3.3776,2.8,35.0
AGO,Angola,2011,125551634704.941,3.5939,5184.1527,13.4825,-8.398,16.77,10270426.0,24218352.0,58.093,89.0369,54.1205,34.9164,10.4217,-2.4084,4.7,34.6
AGO,Angola,2012,143572907527.976,8.5031,5702.4531,10.2779,8.9104,16.539,10636117.0,25177394.0,58.916,81.9395,50.0271,31.9124,9.6405,-1.0201,7.7,37.3
AGO,Angola,2013,148845200696.335,4.8831,5688.5792,8.7778,12.1812,16.464,11009075.0,26165620.0,59.705,77.3498,45.2323,32.1175,5.4722,-4.7835,13.0,38.4
AGO,Angola,2014,153449860495.966,4.6557,5649.6876,7.2804,11.8182,16.372,11376942.0,27160769.0,60.396,69.5801,37.0143,32.5658,-2.4422,2.3835,21.3623,32.0
AGO,Angola,2015,102543067840.819,0.7632,3641.7289,9.356,20.4438,16.472,11740075.0,28157798.0,61.042,54.9794,26.1489,28.8304,-10.0181,9.7795,22.0,42.0
AGO,Angola,2016,60770049747.3832,-0.2331,2082.3734,30.6944,-4.2096,16.572,12119717.0,29183070.0,61.619,46.3256,24.2973,22.0283,-5.0768,-0.2954,23.2,41.8
AGO,Angola,2017,85629598654.1906,-0.1647,2832.15,29.8445,-6.4011,16.617,12515803.0,30234839.0,62.122,44.9963,25.0848,19.9115,-0.7391,-8.6387,26.0,42.9
AGO,Angola,2018,90506061877.2765,-0.5067,2891.8303,19.6289,-3.1653,16.602,12917977.0,31297155.0,62.622,58.2699,35.8481,22.4218,8.1791,-7.1333,29.0,45.3
AGO,Angola,2019,81193813808.0382,-1.0552,2507.8681,17.081,-0.7938,16.497,13331298.0,32375632.0,63.051,60.3713,36.9501,23.4212,6.3273,-5.0478,32.1294,45.6
AGO,Angola,2020,58512033805.8981,-5.2735,1749.1795,22.2715,2.9471,16.696,13484525.0,33451132.0,63.116,54.6604,31.7595,22.9009,1.4902,-3.1899,33.3209,47.0
AGO,Angola,2021,78283923543.8237,1.0906,2266.9683,25.7543,-11.9442,15.799,14529142.0,34532429.0,62.958,62.5288,40.0923,22.4365,10.7295,-5.5632,34.5565,48.2
AGO,Angola,2022,128233959333.275,3.5575,3598.5367,21.3553,1.7358,14.124,14812783.0,35635029.0,64.246,56.5381,36.0135,20.5246,9.173,-5.1458,35.838,48.5
AGO,Angola,2023,106042349567.303,1.3202,2885.5135,13.6441,-2.0222,14.051,15255232.0,36749906.0,64.617,53.607,32.6694,20.9376,3.9465,-1.9989,37.8859,51.1
AGO,Angola,2024,103080538044.058,4.9527,2720.819,28.2405,-6.6281,14.02,15787244.0,37885849.0,64.805,49.849,30.8795,18.9694,6.1213,-1.0765,40.7048,55.5
AGO,Angola,2025,122174889423.635,3.1335,3129.4766,20.162,-0.9317,14.108,16321277.0,39040039.0,,34.6466,22.9778,11.6689,0.4389,0.9402,,
ALB,Albania,2000,3584570164.852,7.4629,1160.4205,0.05,15.2785,19.023,1329781.0,3089027.0,74.826,61.6093,19.5305,42.0788,-4.3604,3.9893,0.1141,99.4
ALB,Albania,2001,4059064033.1338,8.8637,1326.4165,3.1076,15.3116,18.57,1305821.0,3060173.0,75.083,64.2474,20.6136,43.6339,-5.3559,5.1071,0.3258,99.4
ALB,Albania,2002,4515003116.6804,4.6284,1479.8388,7.7705,10.972,17.891,1304298.0,3051010.0,75.299,65.9915,20.1712,45.8203,-9.0259,2.99,0.3901,99.4
ALB,Albania,2003,5801712040.4846,5.3333,1908.699,0.484,8.8942,16.985,1290479.0,3039616.0,75.557,64.8232,20.1639,44.6593,-7.012,3.0687,0.9719,99.4
ALB,Albania,2004,7406645793.4404,5.2663,2446.9095,2.28,8.406,16.306,1275726.0,3026939.0,75.951,65.0379,21.5518,43.4862,-4.8325,4.6078,2.4204,99.4
ALB,Albania,2005,8256658249.8128,5.1308,2741.7214,2.3666,9.6286,15.966,1259700.0,3011487.0,76.427,69.1163,22.4428,46.6735,-6.9214,3.179,6.0439,99.4
ALB,Albania,2006,9150528132.1763,6.019,3057.7726,2.3707,9.987,15.626,1241897.0,2992547.0,76.994,72.2019,24.5086,47.6933,-7.3319,3.5532,9.61,99.4
ALB,Albania,2007,11116937869.8568,6.5001,3743.0553,2.9327,8.5117,15.966,1222005.0,2970017.0,77.691,79.9119,27.1308,52.7811,-10.3519,5.8674,15.0361,99.4
ALB,Albania,2008,13258506375.4518,6.9071,4498.5049,3.3209,9.1992,13.06,1201455.0,2947314.0,78.248,75.2485,24.5827,50.6659,-15.184,9.4067,23.86,100.0
ALB,Albania,2009,12335540656.1006,2.6908,4213.6501,2.2669,9.8377,13.674,1247208.0,2927519.0,78.509,73.3214,24.6446,48.6767,-15.0172,10.9068,41.2,99.6
ALB,Albania,2010,12086545641.299,2.9732,4149.1447,3.6271,8.3502,14.086,1259163.0,2913021.0,78.414,75.5325,27.6099,47.9226,-11.2158,9.0174,45.0,99.6
ALB,Albania,2011,12973755874.5365,2.4635,4465.7091,3.4281,10.5584,13.481,1376922.0,2905195.0,78.303,80.699,29.0545,51.6445,-12.8504,8.0833,47.0,99.7
ALB,Albania,2012,12246499747.9714,0.9841,4280.9332,2.0316,10.6295,13.376,1299606.0,2860708.0,78.084,76.9684,29.1108,47.8576,-10.2613,7.496,49.4,99.9
ALB,Albania,2013,12796985886.1478,1.7072,4542.929,1.9376,9.4408,15.866,1184290.0,2816902.0,77.995,75.7506,28.8694,46.8812,-9.2591,9.8004,51.8,99.9
ALB,Albania,2014,13296322588.1684,2.2402,4793.5975,1.6259,6.4362,18.055,1194487.0,2773767.0,78.029,75.0212,28.0683,46.9529,-10.7201,8.6485,54.3,100.0
ALB,Albania,2015,11470171826.9575,2.2277,4199.5391,1.8962,7.0515,17.193,1227883.0,2731293.0,78.358,71.2794,27.0693,44.2101,-8.5424,8.6274,56.9,100.0
ALB,Albania,2016,11988668784.6628,3.9089,4457.6341,1.2754,7.6647,15.418,1254637.0,2689469.0,78.643,74.0145,28.6698,45.3447,-7.5101,8.7115,59.6,99.9
ALB,Albania,2017,13258268435.6048,3.2832,5006.3601,1.9867,3.4022,13.616,1256406.0,2648285.0,78.9,76.7874,31.0018,45.7856,-7.4085,7.7141,62.4,99.9
ALB,Albania,2018,15379508329.7568,3.6714,5897.6545,2.0281,4.415,12.304,1267869.0,2607733.0,79.238,75.6941,31.114,44.5801,-6.6077,7.8311,65.4,100.0
ALB,Albania,2019,15585111614.0376,2.0626,6069.439,1.4111,5.2229,11.466,1273761.0,2567801.0,79.467,75.3821,30.9361,44.446,-7.8206,7.7062,68.5504,100.0
ALB,Albania,2020,15241458744.5927,-3.3138,6027.9135,1.6209,6.0773,11.639,1238064.0,2528480.0,77.824,59.5207,22.5408,36.9799,-8.625,7.0187,72.2377,100.0
ALB,Albania,2021,18031989573.0294,8.9696,7242.4551,2.0415,2.4916,11.474,1227911.0,2489762.0,76.844,75.5904,31.1331,44.4573,-7.6904,6.7579,79.3237,100.0
ALB,Albania,2022,19017247013.8821,4.8268,7756.9619,6.7252,-3.0538,10.785,1261497.0,2451636.0,78.769,84.698,37.1971,47.501,-6.1805,7.5793,82.6137,100.0
ALB,Albania,2023,23491242727.4082,4.0154,9740.7023,4.7583,0.5843,10.669,1278064.0,2411658.0,79.602,82.3525,38.4188,43.9337,-1.6629,6.9004,83.1356,100.0
ALB,Albania,2024,27037474263.2977,4.0459,11374.0086,2.2159,3.9961,10.689,1265271.0,2377128.0,79.776,79.4546,36.2849,43.1698,-2.3963,6.3256,85.8639,100.0
ALB,Albania,2025,30540188271.3421,3.7889,12998.1479,2.1462,,10.926,1259172.0,2349580.0,,79.5328,37.0141,42.5187,-0.5269,6.0632,,
AND,Andorra,2000,1432606188.6588,3.5284,21810.2487,,,,,65685.0,81.863,,,,,,10.5388,100.0
AND,Andorra,2001,1548265807.9961,8.1194,23511.2951,,,,,65852.0,82.162,,,,,,,100.0
AND,Andorra,2002,1764279824.2314,4.5464,26528.1302,,,,,66506.0,82.448,,,,,,11.2605,100.0
AND,Andorra,2003,2366941808.9843,8.6942,34063.5784,,,,,69486.0,82.718,,,,,,13.5464,100.0
AND,Andorra,2004,2900245324.3205,8.1357,39021.1278,,,,,74325.0,82.815,,,,,,26.838,100.0
AND,Andorra,2005,3161084091.2685,5.3978,40829.8019,,,,,77421.0,83.086,,,,,,37.6058,100.0
AND,Andorra,2006,3459337986.6706,4.8087,43467.211,,,,,79585.0,83.374,,,,,,48.9368,100.0
AND,Andorra,2007,3957625367.3059,1.5532,48336.2283,,,,,81877.0,83.632,,,,,,70.87,100.0
AND,Andorra,2008,4102319398.7656,-5.5592,49132.5157,,,,,83495.0,83.855,,,,,,70.04,100.0
AND,Andorra,2009,3688976340.6719,-5.3028,43975.0184,,,,,83888.0,84.1,,,,,,78.53,100.0
AND,Andorra,2010,3449925738.8333,-1.975,42746.831,,,,,80706.0,84.197,,,,,,81.0,100.0
AND,Andorra,2011,3629133574.5136,-0.0081,46657.1561,,,,,77783.0,84.296,,,,,,81.0,100.0
AND,Andorra,2012,3188652765.293,-4.9744,41500.5436,,,,,76834.0,84.334,,,,,,82.7,100.0
AND,Andorra,2013,3193512950.0157,-3.5476,42470.3161,,,,,75194.0,84.406,,,,,,84.4,100.0
AND,Andorra,2014,3271685596.5216,2.5045,44369.6597,,,,,73737.0,84.485,,,,,,86.1,100.0
AND,Andorra,2015,2789881258.6055,1.4341,38654.9347,,,,,72174.0,84.532,,,,,,87.9,100.0
AND,Andorra,2016,2896610479.8677,3.7097,40129.8192,,,,,72181.0,84.489,,,,,,89.7,100.0
AND,Andorra,2017,3000162081.2235,0.3461,40672.9943,,,,,73763.0,84.359,,,,,,91.5675,100.0
AND,Andorra,2018,3218419896.9333,1.5888,42819.7746,,,,,75162.0,84.242,,,,,,93.5,100.0
AND,Andorra,2019,3155149347.9216,2.0155,41257.8046,,,,,76474.0,84.098,,,,18.0105,13.3818,90.7187,100.0
AND,Andorra,2020,2891001149.4008,-11.1839,37361.0901,,,,,77380.0,79.418,,,,15.5264,9.4323,93.2057,100.0
AND,Andorra,2021,3324647529.4186,8.2868,42425.6997,,,,,78364.0,82.331,,,,15.0218,14.5827,93.8975,100.0
AND,Andorra,2022,3380612573.4825,9.5646,42414.059,,,,,79705.0,84.016,,,,11.6434,17.5702,94.0517,100.0
AND,Andorra,2023,3785067331.8824,2.5836,46812.4485,,,,,80856.0,84.041,,,,14.2213,7.286,94.215,100.0
AND,Andorra,2024,4044249678.6562,3.8492,49357.4371,,,,,81938.0,84.188,,,,16.0452,6.6354,94.3976,100.0
AND,Andorra,2025,4500982731.8078,3.868,54291.5026,,,,,82904.0,,,,,,,,
ARE,United Arab Emirates,2000,104337463730.167,10.8528,29865.5285,,,2.25,2060609.0,3493575.0,76.347,,,,,-0.4853,23.6253,100.0
ARE,United Arab Emirates,2001,103311631797.329,1.3989,27745.1685,,,2.443,2229575.0,3723590.0,77.621,89.8646,49.1592,40.7054,,1.1459,26.2718,100.0
ARE,United Arab Emirates,2002,109816091078.603,2.4334,27753.581,,,2.659,2406156.0,3956826.0,78.721,93.0718,49.5034,43.5684,,0.0868,28.3165,100.0
ARE,United Arab Emirates,2003,124346476180.46,8.8006,29659.571,,,2.903,2586345.0,4192457.0,79.6,102.3001,55.9231,46.3769,,3.4227,29.478,100.0
ARE,United Arab Emirates,2004,147824249957.985,9.5665,33376.6881,,,2.965,2768037.0,4428967.0,80.272,116.6227,63.5678,53.0549,,6.7672,30.1313,100.0
ARE,United Arab Emirates,2005,180617467954.23,4.8551,38719.3138,,,3.12,2952666.0,4664790.0,80.779,119.5529,67.5853,51.9676,,6.0348,40.0,100.0
ARE,United Arab Emirates,2006,222116532963.026,9.8373,44342.6031,,,2.964,3202706.0,5009100.0,81.155,119.4707,68.6278,50.8429,,5.7654,52.0,100.0
ARE,United Arab Emirates,2007,257916148767.436,3.1844,45854.7352,,,2.934,3609902.0,5624635.0,81.438,136.7981,72.3841,64.4141,,5.5004,61.0,100.0
ARE,United Arab Emirates,2008,315474615741.223,3.1918,50054.1701,12.2504,,2.818,4037891.0,6302664.0,81.591,148.5135,78.8679,69.6457,,1.6049,63.0,100.0
ARE,United Arab Emirates,2009,253547358746.804,-5.2429,37803.0664,1.5618,,2.932,4270876.0,6707058.0,81.679,153.4619,79.6533,73.8086,,0.4474,64.0,100.0
ARE,United Arab Emirates,2010,307736348527.33,1.6029,44795.2846,0.878,,2.798,4376792.0,6869838.0,81.886,135.4857,77.4456,58.0402,,2.8585,68.0,100.0
ARE,United Arab Emirates,2011,368881033962.57,6.7365,51921.8891,0.8773,,2.587,4542648.0,7104538.0,81.898,144.1768,85.6287,58.5482,,1.9389,78.0,100.0
ARE,United Arab Emirates,2012,392793559050.783,4.6833,53141.6252,0.6623,,2.323,4738061.0,7391448.0,81.913,156.6377,95.6008,61.0368,,2.4355,85.0,100.0
ARE,United Arab Emirates,2013,409632574702.715,4.9185,53247.2279,1.1011,,2.125,4948156.0,7693031.0,81.95,157.3981,95.7552,61.6429,,2.3838,88.0,100.0
ARE,United Arab Emirates,2014,424935834104.193,4.6329,52725.2308,2.3463,,1.999,5205610.0,8059440.0,81.99,159.5156,94.7739,64.7418,,2.6055,90.4,100.0
ARE,United Arab Emirates,2015,381973135513.065,7.0877,44910.3459,4.07,,1.793,5517279.0,8505237.0,82.076,164.2861,93.8625,70.4236,,2.2386,90.5,100.0
ARE,United Arab Emirates,2016,381717208620.964,5.6579,42721.1136,1.6175,,1.64,5830903.0,8935095.0,82.195,165.395,94.4747,70.9202,,2.5162,90.6,100.0
ARE,United Arab Emirates,2017,403365056078.846,-1.0614,43733.6242,1.9668,,2.462,6046380.0,9223225.0,82.388,165.4765,94.7374,70.7391,,2.567,94.8199,100.0
ARE,United Arab Emirates,2018,440560003161.236,1.5372,47135.3479,3.0686,,2.236,6158515.0,9346701.0,82.449,154.747,90.843,63.9041,,2.3573,98.45,100.0
ARE,United Arab Emirates,2019,433926218686.108,1.2713,45938.6085,-1.9311,,2.331,6256531.0,9445785.0,82.596,163.8221,93.3023,70.5198,,4.1193,99.15,100.0
ARE,United Arab Emirates,2020,357161776271.328,-8.6934,37991.7384,-2.0794,,4.294,6178311.0,9401038.0,81.936,181.2919,98.0725,83.2194,,5.5674,100.0,100.0
ARE,United Arab Emirates,2021,422441282436.237,4.5528,44118.4936,0.1799,,3.105,6160044.0,9575152.0,79.083,182.9094,100.6426,82.2668,,4.8923,100.0,100.0
ARE,United Arab Emirates,2022,511403404642.173,7.5145,50759.759,5.2912,,2.872,6499963.0,10074977.0,80.487,185.7417,102.052,83.6897,,4.4459,100.0,100.0
ARE,United Arab Emirates,2023,522622268401.125,4.3011,49850.6945,1.6267,,2.151,6873426.0,10483751.0,82.909,199.045,106.8461,92.1988,13.1296,5.8718,100.0,100.0
ARE,United Arab Emirates,2024,552324919095.872,3.9918,50273.5126,1.6634,,2.16,7233386.0,10986400.0,83.069,,,,14.4793,8.2626,100.0,100.0
ARE,United Arab Emirates,2025,,,,1.2509,,2.174,7602907.0,11513149.0,,,,,,,,
ARG,Argentina,2000,284203750000.0,-0.789,7637.0149,,,15.0,16658086.0,37213984.0,73.91,22.6224,10.9864,11.6361,-3.1599,3.6658,7.0387,95.7
ARG,Argentina,2001,268696750000.0,-4.4088,7141.4751,,,17.32,16713495.0,37624825.0,74.154,21.8523,11.579,10.2732,-1.4069,0.8062,9.7808,95.5
ARG,Argentina,2002,97724004251.8602,-10.8945,2569.6996,,,19.59,16535085.0,38029349.0,74.312,41.7527,28.3826,13.3701,8.9708,2.199,10.8821,96.1
ARG,Argentina,2003,127586973492.177,8.837,3320.4778,,,15.36,17011226.0,38424282.0,74.307,40.6447,25.9309,14.7138,6.3799,1.2948,11.9137,96.3
ARG,Argentina,2004,164657930452.787,9.0296,4242.021,,,13.522,17502349.0,38815916.0,74.871,40.6926,23.8476,16.845,1.9506,2.505,16.0367,96.5
ARG,Argentina,2005,198737095012.282,8.8517,5067.6534,,,11.506,17624307.0,39216789.0,75.231,40.5513,23.2459,17.3054,2.6536,2.6494,17.7206,96.7
ARG,Argentina,2006,232557260817.308,8.0472,5869.3803,,,10.078,17955872.0,39622115.0,75.279,40.4335,23.0267,17.4068,2.7945,2.3811,20.9272,97.0
ARG,Argentina,2007,287530508430.568,9.0077,7185.2516,,,8.47,18001087.0,40016763.0,74.783,40.9452,22.6628,18.2824,2.1036,2.2513,25.9466,97.2
ARG,Argentina,2008,361558037110.419,4.0572,8944.1103,,,7.837,18041663.0,40424148.0,75.428,40.4027,22.0609,18.3418,1.4994,2.6899,28.1126,97.5
ARG,Argentina,2009,332976484577.619,-5.9185,8150.2353,,,8.645,18399678.0,40854831.0,75.577,34.0571,19.561,14.4961,2.1786,1.2064,34.0,97.8
ARG,Argentina,2010,423627422092.49,10.1254,10260.1313,,-8.566,7.714,18468692.0,41288694.0,75.68,34.971,18.9338,16.0372,-0.3831,2.6752,45.0,98.8
ARG,Argentina,2011,530158122010.442,6.004,12704.2832,,-7.7734,7.18,18857586.0,41730660.0,76.1,35.2062,18.4492,16.7569,-1.0073,2.0447,51.0,99.0
ARG,Argentina,2012,545982375701.128,-1.0264,12949.7175,,-6.7482,7.217,19006986.0,42161721.0,75.802,30.5265,16.2379,14.2887,-0.3916,2.8067,55.8,99.1
ARG,Argentina,2013,552025140252.246,2.4053,12963.6758,,-5.4858,7.1,19111596.0,42582455.0,75.829,29.3339,14.6172,14.7168,-2.3775,1.7792,59.9,99.3
ARG,Argentina,2014,526319673731.638,-2.5126,12233.1444,,-11.6007,7.268,19177885.0,43024071.0,76.268,28.4068,14.4055,14.0013,-1.744,0.9624,64.7,100.0
ARG,Argentina,2015,594749285413.212,2.7312,13679.6265,,-1.3147,7.577,19343227.0,43477012.0,76.6,22.4862,10.7057,11.7806,-2.9629,1.9771,68.0431,99.7
ARG,Argentina,2016,557532320662.955,-2.0803,12699.9623,,-7.006,8.088,19497873.0,43900313.0,76.105,26.0939,12.5271,13.5668,-2.7092,0.5847,70.969,99.9
ARG,Argentina,2017,643628393281.364,2.8185,14532.5009,,0.4559,8.347,19643677.0,44288894.0,76.543,25.2896,11.3203,13.9693,-4.84,1.7894,74.2949,100.0
ARG,Argentina,2018,524819892360.176,-2.6174,11752.7999,34.2772,4.5644,9.22,20125838.0,44654882.0,76.77,30.7625,14.4367,16.3259,-5.1606,2.2325,77.7,100.0
ARG,Argentina,2019,447754683615.225,-2.0009,9955.9748,53.5483,12.104,9.843,20580300.0,44973465.0,76.847,32.6306,17.9249,14.7057,-0.78,1.485,79.947,100.0
ARG,Argentina,2020,385740508436.965,-9.9005,8535.5994,42.0151,-7.6352,11.461,19317784.0,45191965.0,75.878,30.2037,16.6054,13.5983,0.6969,1.2662,85.5144,100.0
ARG,Argentina,2021,486564085480.036,10.4418,10738.0179,48.4094,-11.8618,8.736,20993886.0,45312281.0,73.948,33.0787,18.0667,15.012,1.3615,1.3684,87.1507,100.0
ARG,Argentina,2022,633993756301.08,6.0207,13962.1894,72.4308,-9.8197,6.805,21566906.0,45407904.0,75.806,31.5802,16.2817,15.2985,-0.6253,2.3985,88.3754,100.0
ARG,Argentina,2023,649461687959.174,-1.8558,14261.8466,133.4889,-17.2543,6.139,22069879.0,45538401.0,77.395,26.677,12.8223,13.8546,-3.1951,3.8119,89.229,100.0
ARG,Argentina,2024,638365455340.04,-1.3429,13969.7837,219.8839,-47.4305,7.15,22161435.0,45696159.0,77.543,27.9298,15.2497,12.68,0.8931,1.8241,89.6672,98.4
ARG,Argentina,2025,683097891618.597,4.3673,14898.0886,,4.9826,7.145,22422031.0,45851378.0,,30.3646,15.5557,14.809,-1.1099,0.4588,,
ARM,Armenia,2000,1911563668.8501,5.9,593.4506,-0.7909,33.3985,11.107,1475960.0,3221100.0,72.8805,72.2333,22.1614,50.0719,-15.7812,5.4504,1.3005,98.9
ARM,Armenia,2001,2118467913.3787,9.6,659.589,3.1459,21.7822,11.012,1493640.0,3211800.0,72.9756,69.8643,24.1459,45.7184,-10.4398,3.2981,1.6311,100.0
ARM,Armenia,2002,2376335048.3998,13.2,742.6511,1.06,18.3471,10.888,1500767.0,3199800.0,72.8268,73.9845,27.8321,46.1524,-6.2201,4.6595,1.9604,98.0
ARM,Armenia,2003,2807061008.6908,14.0,882.0302,4.7216,15.517,10.769,1502199.0,3182500.0,72.8268,80.0514,30.483,49.5684,-6.1812,4.3766,4.5752,99.1
ARM,Armenia,2004,3576615240.4162,10.5,1130.0879,6.9613,11.6248,10.676,1503545.0,3164900.0,73.0268,73.0706,28.1907,44.8799,-2.2044,6.9099,4.899,99.1
ARM,Armenia,2005,4900469511.1019,13.9,1557.4846,0.6389,14.3161,10.584,1506023.0,3146400.0,73.0756,70.1397,27.3132,42.8265,-2.5283,5.9601,5.253,99.8
ARM,Armenia,2006,6384452066.5146,13.2,2041.6527,2.8924,11.3815,10.497,1509698.0,3127100.0,72.8244,61.0301,22.146,38.8842,-2.3954,7.3073,5.6318,99.1
ARM,Armenia,2007,9206301269.7916,13.7,2962.7023,4.4074,12.6947,10.394,1513707.0,3107400.0,72.8732,56.975,18.1894,38.7857,-7.3566,7.2523,6.0213,99.2
ARM,Armenia,2008,11662040713.8753,6.9,3777.6686,8.95,10.4349,17.1,1503687.0,3087100.0,73.0732,54.5423,14.2657,40.2766,-14.2246,8.0923,6.21,99.2
ARM,Armenia,2009,8647937081.2562,-14.1,2820.5927,3.4068,15.8709,19.295,1531465.0,3066000.0,73.0732,57.2742,14.6709,42.6033,-16.4837,8.7887,15.3,99.3
ARM,Armenia,2010,9260285755.6242,2.2,3041.3445,8.1764,10.6076,19.523,1522315.0,3044800.0,73.1732,64.643,19.7484,44.8946,-13.6219,5.716,25.0,99.8
ARM,Armenia,2011,10142111824.5835,4.7,3349.5531,7.65,12.9198,18.884,1509387.0,3027900.0,73.8171,69.4356,22.5232,46.9124,-10.4403,6.4407,32.0,99.5
ARM,Armenia,2012,10619320682.9474,7.2,3511.564,2.558,11.2812,17.511,1499083.0,3024100.0,74.1195,75.9617,27.5618,48.3999,-9.9623,4.6767,37.5,99.5
ARM,Armenia,2013,11121464437.0415,3.3,3680.1669,5.7897,12.2168,16.576,1494270.0,3022000.0,74.622,77.555,28.3535,49.2016,-7.3162,3.1119,41.9,99.4
ARM,Armenia,2014,11609513246.7958,3.6,3852.118,2.9813,13.7812,17.498,1485574.0,3013800.0,74.8732,75.7789,28.5604,47.2185,-7.7679,3.5021,54.6228,99.7
ARM,Armenia,2015,10553337518.414,3.2,3512.3935,3.7317,16.18,18.261,1477065.0,3004600.0,74.8707,71.6821,29.7254,41.9567,-2.6618,1.7447,59.1008,100.0
ARM,Armenia,2016,10546136235.5219,0.2,3524.4248,-1.4036,17.0424,17.617,1469687.0,2992300.0,74.8683,76.078,33.7443,42.3337,-0.9566,3.1654,64.346,99.8
ARM,Armenia,2017,11527458709.0158,7.5,3869.0537,0.9696,11.9973,17.704,1456321.0,2979400.0,75.2171,87.2024,38.216,48.9863,-1.2607,2.1926,64.7449,99.7
ARM,Armenia,2018,12457940694.7395,5.2,4196.0056,2.5202,9.734,18.966,1448464.0,2969000.0,75.6195,92.4731,39.3929,53.0802,-7.2281,2.142,68.2451,99.9
ARM,Armenia,2019,13619290539.2116,7.6,4597.2289,1.4434,10.9596,18.304,1387309.0,2962500.0,76.222,97.847,42.2626,55.5844,-7.0569,0.7363,66.5439,100.0
ARM,Armenia,2020,12641698583.2152,-7.2,4268.6809,1.2114,9.6391,18.175,1448279.0,2961500.0,73.3756,70.1214,30.0766,40.0447,-3.9978,0.4634,76.5077,100.0
ARM,Armenia,2021,13878908628.9378,5.8,4685.18,7.1848,4.5476,15.469,1467125.0,2962300.0,72.278,79.2489,35.6689,43.58,-3.3963,2.6401,78.6123,100.0
ARM,Armenia,2022,19513506553.1251,12.6,6571.9745,8.6409,3.4574,13.451,1399516.0,2969200.0,74.7659,103.8786,51.5709,52.3077,0.7379,4.9999,77.0277,100.0
ARM,Armenia,2023,24185982215.6543,8.3,8159.0872,1.9804,9.0058,12.405,1430641.0,2964300.0,77.4659,123.4188,61.0083,62.4104,-2.7703,2.3996,79.9966,100.0
ARM,Armenia,2024,25955275380.0321,5.9,8556.2141,0.2695,11.5859,12.405,1467933.0,3033500.0,78.3195,150.0647,73.6254,76.4394,-4.6022,0.5069,81.3393,100.0
ARM,Armenia,2025,29243452882.3545,7.2,9474.0185,3.3069,9.8601,12.871,1485063.0,3086700.0,,101.7059,48.0989,53.607,-7.2185,2.0693,,
ASM,American Samoa,2000,,,,,,,,56855.0,71.443,,,,,,,
ASM,American Samoa,2001,,,,,,,,57053.0,71.573,,,,,,,
ASM,American Samoa,2002,512000000.0,,8972.6964,,,,,57062.0,71.755,210.9375,101.1719,109.7656,,,,
ASM,American Samoa,2003,524000000.0,0.9655,9197.662,,,,,56971.0,71.698,207.4427,97.9008,109.542,,,,
ASM,American Samoa,2004,509000000.0,0.4098,8958.4287,,,,,56818.0,72.277,202.3576,90.3733,111.9843,,,,
ASM,American Samoa,2005,500000000.0,-0.4082,8831.2698,,,,,56617.0,72.382,223.2,99.6,123.6,,,,
ASM,American Samoa,2006,493000000.0,-4.0984,8745.1662,,,,,56374.0,72.397,229.8174,100.4057,129.4118,,,,
ASM,American Samoa,2007,518000000.0,1.8519,9231.3724,,,,,56113.0,72.365,218.1467,97.4903,120.6564,,,,
ASM,American Samoa,2008,560000000.0,-2.6573,10030.8089,,,,,55828.0,72.43,249.8214,114.4643,135.3571,,,,
ASM,American Samoa,2009,675000000.0,-4.1667,12156.0294,,,,,55528.0,70.839,161.3333,78.5185,82.8148,,,,
ASM,American Samoa,2010,573000000.0,0.2999,10375.172,,,,,55228.0,72.587,157.9407,63.5253,94.4154,,,,
ASM,American Samoa,2011,570000000.0,0.0,10383.4593,,,,,54895.0,72.662,157.5439,58.7719,98.7719,,,,
ASM,American Samoa,2012,640000000.0,-4.3348,11745.4899,,,,,54489.0,72.709,176.4062,75.4688,100.9375,,,,
ASM,American Samoa,2013,638000000.0,-2.5,11813.5022,,,,,54006.0,72.769,173.8245,71.7868,102.0376,,,,
ASM,American Samoa,2014,643000000.0,1.7628,12026.3345,,,,,53466.0,72.687,174.8056,66.7185,108.0871,,,,
ASM,American Samoa,2015,673000000.0,3.1496,12727.4103,,,,,52878.0,72.654,162.4071,63.5958,98.8113,,,,
ASM,American Samoa,2016,671000000.0,-1.6794,12843.3343,,,,,52245.0,72.64,159.1654,63.9344,95.231,,,,
ASM,American Samoa,2017,612000000.0,-6.9876,11863.6839,,,,,51586.0,72.801,161.4379,59.1503,102.2876,,,,
ASM,American Samoa,2018,639000000.0,2.6711,12552.0547,,,,,50908.0,72.794,171.831,68.2316,103.5994,,,,
ASM,American Samoa,2019,647000000.0,-0.4878,12886.136,,,,,50209.0,72.751,156.5688,61.6692,94.8995,,,,
ASM,American Samoa,2020,721000000.0,4.4118,14489.2587,,,,,49761.0,72.672,154.3689,59.2233,95.1456,,,,
ASM,American Samoa,2021,750000000.0,-0.7825,15236.1605,,,,,49225.0,72.708,136.8,44.2667,92.5333,,,,
ASM,American Samoa,2022,871000000.0,1.735,18017.4589,,,,,48342.0,72.752,124.6843,46.9575,77.7268,,,,
ASM,American Samoa,2023,,,,,,,,47521.0,72.852,,,,,,,
ASM,American Samoa,2024,,,,,,,,46765.0,72.992,,,,,,,
ASM,American Samoa,2025,,,,,,,,46029.0,,,,,,,,
ATG,Antigua and Barbuda,2000,901003703.7037,6.2036,12027.495,0.7718,10.4752,,,74912.0,74.819,,,,-7.9291,10.7108,6.4822,97.7
ATG,Antigua and Barbuda,2001,877774074.0741,-4.5481,11539.1825,1.4028,9.3673,,,76069.0,75.108,,,,-10.3866,16.6118,8.8993,97.7
ATG,Antigua and Barbuda,2002,898092592.5926,1.0272,11658.695,2.4077,9.9862,,,77032.0,75.237,,,,-9.4208,10.3454,12.5,100.0
ATG,Antigua and Barbuda,2003,948100000.0,6.0766,12173.232,1.9935,13.3654,,,77884.0,75.313,,,,-9.1581,12.6797,17.2286,97.9
ATG,Antigua and Barbuda,2004,1026329629.6296,5.7671,13037.8896,2.0301,9.3951,,,78719.0,75.329,,,,-6.3101,10.1894,24.2665,97.9
ATG,Antigua and Barbuda,2005,1143896296.2963,6.4737,14368.5709,2.0988,6.4153,,,79611.0,75.364,,,,-10.0008,10.8187,27.0,92.2
ATG,Antigua and Barbuda,2006,1303674074.0741,12.7081,16173.8136,1.7878,9.6649,,,80604.0,75.506,,,,-19.8432,22.1475,30.0,100.0
ATG,Antigua and Barbuda,2007,1487381481.4815,9.3152,18204.5124,1.4161,5.8151,,,81704.0,75.72,,,,-28.7522,23.2995,34.0,100.0
ATG,Antigua and Barbuda,2008,1557640740.7407,-0.014,18786.6743,5.3338,5.4333,,,82912.0,76.075,,,,-21.6401,9.8594,38.0,100.0
ATG,Antigua and Barbuda,2009,1386518518.5185,-11.9629,16472.2479,-0.5502,8.8574,,,84173.0,76.386,,,,-13.0522,6.057,42.0,98.5
ATG,Antigua and Barbuda,2010,1298348148.1481,-7.8405,15217.3951,3.37,9.2434,,,85320.0,76.701,,,,-10.8739,7.2186,47.0,98.7
ATG,Antigua and Barbuda,2011,1287359259.2593,-1.9587,14911.7275,3.4567,9.6701,,,86332.0,77.023,,,,-5.073,5.4088,52.0,94.6
ATG,Antigua and Barbuda,2012,1364729629.6296,3.3731,15639.8078,3.3769,7.4172,,,87260.0,77.1,,,,-8.1103,9.1471,58.0,100.0
ATG,Antigua and Barbuda,2013,1325496296.2963,-0.601,15051.5114,1.0595,12.5265,,,88064.0,77.05,,,,-8.7806,7.0076,63.4,100.0
ATG,Antigua and Barbuda,2014,1378707407.4074,2.1983,15532.1062,1.0894,8.1499,,,88765.0,76.912,141.5462,74.5107,67.0354,-0.0379,3.3555,67.78,100.0
ATG,Antigua and Barbuda,2015,1437485185.1852,1.4216,16077.6341,0.969,6.8416,,,89409.0,76.892,130.0715,70.7045,59.3671,2.0339,7.9322,70.0,100.0
ATG,Antigua and Barbuda,2016,1489603703.7037,4.1204,16556.8552,-0.4894,10.0981,,,89969.0,76.968,132.0259,70.0241,62.0018,-2.3876,6.5408,70.2716,100.0
ATG,Antigua and Barbuda,2017,1534855555.5556,2.7127,16965.7288,2.4325,8.9651,,,90468.0,77.03,127.6643,64.416,63.2483,-7.6969,9.8558,70.5442,100.0
ATG,Antigua and Barbuda,2018,1661529629.6296,6.712,18273.4271,1.2072,7.4251,,,90926.0,77.132,130.6552,62.4705,68.1846,-13.9938,12.1775,70.8179,100.0
ATG,Antigua and Barbuda,2019,1726448148.1481,3.1722,18896.3722,1.4314,7.8431,,,91364.0,77.168,137.5378,69.1647,68.3731,-6.5053,7.7563,71.0926,100.0
ATG,Antigua and Barbuda,2020,1411637037.037,-18.8688,15369.6082,0.626,6.8487,,,91846.0,77.161,94.2895,41.886,52.4036,-15.5664,6.8277,71.3684,100.0
ATG,Antigua and Barbuda,2021,1602125925.9259,8.1729,17348.6007,2.063,2.357,,,92349.0,77.197,101.075,46.9612,54.1137,-17.5775,17.8855,71.6453,100.0
ATG,Antigua and Barbuda,2022,1857114814.8148,8.4978,20003.3909,7.5311,0.4474,,,92840.0,77.483,118.3026,55.0023,63.3003,-15.0827,16.4666,71.9233,100.0
ATG,Antigua and Barbuda,2023,2054096296.2963,3.8655,22012.2626,5.0671,0.2104,,,93316.0,77.598,,,,-12.9053,14.2657,72.1241,100.0
ATG,Antigua and Barbuda,2024,2162366666.6667,2.5404,23059.8331,6.1989,3.7622,,,93772.0,77.766,,,,-7.4572,11.3644,72.7304,100.0
ATG,Antigua and Barbuda,2025,2338196296.2963,4.998,24819.2455,1.3687,3.3066,,,94209.0,,,,,-12.0326,12.0586,,
AUS,Australia,2000,416901962163.479,3.9161,21908.9968,4.4574,5.0341,6.288,9542614.0,19028802.0,79.2341,40.8631,19.3561,21.507,-3.7148,3.5723,46.7561,100.0
AUS,Australia,2001,380360222861.197,2.0315,19733.651,4.4071,2.103,6.747,9713101.0,19274701.0,79.6341,44.1337,22.1098,22.024,-2.0998,2.8176,52.6893,100.0
AUS,Australia,2002,396436967262.563,3.9498,20335.096,2.9816,3.4249,6.375,9859433.0,19495210.0,79.9366,41.3813,20.6928,20.6885,-4.0365,3.697,,100.0
AUS,Australia,2003,468517181129.878,3.0913,23757.5898,2.7326,3.5197,5.933,10032150.0,19720737.0,80.239,40.1348,19.0256,21.1092,-6.2554,1.9178,,100.0
AUS,Australia,2004,615643050220.515,4.2189,30886.0501,2.3433,3.6995,5.399,10143548.0,19932722.0,80.4902,36.9505,17.1351,19.8155,-6.7063,6.9696,,100.0
AUS,Australia,2005,696811489612.816,3.1555,34535.2073,2.6918,3.3068,5.036,10443456.0,20176844.0,80.8415,39.0979,18.1951,20.9028,-6.2202,-3.6011,63.0,100.0
AUS,Australia,2006,749708370332.989,2.7709,36658.8243,3.5553,2.3792,4.785,10664324.0,20450966.0,81.0415,41.4879,19.8194,21.6685,-6.1743,4.0751,66.0,100.0
AUS,Australia,2007,856603595823.192,3.7895,41128.2477,2.3276,3.0588,4.381,10951719.0,20827622.0,81.2927,41.9297,20.1459,21.7838,-7.5509,5.188,69.45,100.0
AUS,Australia,2008,1058448244063.77,3.624,49811.2067,4.3503,4.151,4.242,11241263.0,21249199.0,81.3951,42.7522,20.1044,22.6478,-4.8713,4.2676,71.67,100.0
AUS,Australia,2009,931761689770.843,1.9548,42954.8495,1.7711,0.9803,5.565,11482552.0,21691653.0,81.5439,45.5936,22.9369,22.6567,-5.2146,3.1052,74.25,100.0
AUS,Australia,2010,1152566632022.13,2.21,52313.8939,2.9183,6.0436,5.214,11675443.0,22031750.0,81.6951,40.3905,19.7322,20.6583,-3.9921,3.0848,76.0,100.0
AUS,Australia,2011,1402939868653.4,2.3947,62799.3895,3.3038,1.4488,5.083,11857590.0,22340024.0,81.8951,41.722,21.3711,20.3509,-3.2539,4.6743,79.4877,100.0
AUS,Australia,2012,1552728401401.58,3.9525,68301.4403,1.7628,5.0863,5.225,12022336.0,22733465.0,82.0463,43.0198,21.4212,21.5986,-4.4292,3.7077,79.0,100.0
AUS,Australia,2013,1583737461925.39,2.6545,68476.6788,2.4499,6.3187,5.663,12191663.0,23128129.0,82.1488,41.1005,19.8931,21.2074,-3.2444,3.4395,83.4535,100.0
AUS,Australia,2014,1474677007565.64,2.6012,62817.2062,2.4879,4.4696,6.078,12332149.0,23475686.0,82.3,42.2993,20.9959,21.3034,-3.0792,4.286,84.0,100.0
AUS,Australia,2015,1356805839935.9,2.1643,56970.3613,1.5084,6.2416,6.055,12568796.0,23815995.0,82.4,41.4948,19.9846,21.5101,-4.2951,3.4561,84.5605,100.0
AUS,Australia,2016,1211588128417.61,2.7556,50084.4441,1.277,6.1356,5.711,12744765.0,24190907.0,82.4488,40.8134,19.2031,21.6103,-3.6021,3.5466,86.54,100.0
AUS,Australia,2017,1330890554614.09,2.2933,54117.5477,1.9486,1.543,5.592,13022869.0,24592588.0,82.5,42.0354,21.1718,20.8636,-3.0053,3.6216,86.545,100.0
AUS,Australia,2018,1433144978761.67,2.8742,57410.1737,1.9114,3.3528,5.345,13344850.0,24963258.0,82.7488,43.5732,21.8126,21.7607,-2.5895,4.2345,90.0082,100.0
AUS,Australia,2019,1398349602956.35,2.194,55194.7585,1.6108,1.5698,5.143,13618789.0,25334826.0,82.9,46.0017,24.0625,21.9392,-0.0757,2.7708,93.6099,100.0
AUS,Australia,2020,1333336461648.09,-0.1335,51983.4524,0.8469,,6.394,13583584.0,25649248.0,83.2,44.4996,23.938,20.5615,1.6427,1.3483,94.6935,100.0
AUS,Australia,2021,1560617493202.69,2.0069,60758.9044,2.8639,,5.022,13859964.0,25685412.0,83.3,40.2022,22.0018,18.2004,2.4473,2.0154,96.9722,100.0
AUS,Australia,2022,1695627535475.8,4.253,65169.5191,6.5941,,3.728,14230223.0,26018721.0,83.2,45.6946,25.4615,20.2331,0.2542,4.0522,96.1194,100.0
AUS,Australia,2023,1734451264655.6,3.5838,65058.3773,5.597,,3.668,14646578.0,26659922.0,83.0512,49.0443,26.7011,22.3433,-0.4331,2.0361,96.1161,100.0
AUS,Australia,2024,1757022451652.83,1.3734,64609.9865,3.1666,,3.942,14906574.0,27194286.0,83.0512,47.1454,24.6215,22.5239,-2.3075,3.0576,96.1314,100.0
AUS,Australia,2025,1798518933689.21,1.3504,65129.7228,2.874,,4.09,15125385.0,27614411.0,,45.9014,23.2444,22.657,-2.6812,2.0306,,
AUT,Austria,2000,196181599831.287,3.1895,24487.2975,2.3449,,4.687,3883391.0,8011566.0,78.1268,85.8426,43.5911,42.2515,,4.3332,33.7301,100.0
AUT,Austria,2001,196477206829.33,1.317,24430.496,2.65,,4.007,3872867.0,8042293.0,78.5756,87.9963,44.8518,43.1444,,2.8957,39.1855,100.0
AUT,Austria,2002,212837224022.813,1.4844,26334.8622,1.8104,,4.852,3955409.0,8081957.0,78.678,87.5845,45.6511,41.9334,,0.065,36.56,100.0
AUT,Austria,2003,260779834340.097,1.1416,32110.116,1.3556,,4.779,3985902.0,8121423.0,78.6317,86.8822,44.8257,42.0565,,2.3756,42.7,100.0
AUT,Austria,2004,299210411454.823,2.5653,36614.2507,2.0612,,5.969,3946112.0,8171966.0,79.1805,91.4742,47.2192,44.255,,1.064,54.28,100.0
AUT,Austria,2005,313952317330.776,2.3204,38157.3702,2.2991,,5.682,4012358.0,8227829.0,79.3317,94.6748,48.9512,45.7236,1.9853,25.8307,58.0,100.0
AUT,Austria,2006,333905979332.481,3.2693,40382.2078,1.4415,,5.32,4078846.0,8268641.0,79.8805,98.7857,51.2032,47.5826,3.2925,3.1447,63.6,100.0
AUT,Austria,2007,386760177589.497,3.7752,46622.9623,2.1686,,4.909,4165230.0,8295487.0,80.1805,101.365,52.8905,48.4745,3.8135,17.8058,69.37,100.0
AUT,Austria,2008,429234399096.173,1.4533,51581.3982,3.216,,4.198,4207426.0,8321496.0,80.4317,102.7437,53.5984,49.1453,4.4962,1.468,72.87,100.0
AUT,Austria,2009,399290118782.429,-3.5863,47857.4447,0.5063,,5.371,4248651.0,8343323.0,80.3317,87.6005,45.4869,42.1136,2.5805,3.5814,73.45,100.0
AUT,Austria,2010,389827789217.634,1.809,46611.1393,1.8135,,4.883,4265488.0,8363404.0,80.5805,99.6449,51.584,48.0609,2.9429,-5.6454,75.17,100.0
AUT,Austria,2011,428954737064.057,2.9275,51116.8954,3.2866,,4.637,4291049.0,8391643.0,80.9829,105.7751,54.2921,51.483,1.585,5.3581,78.74,100.0
AUT,Austria,2012,406750487603.59,0.6282,48250.4059,2.4857,,4.909,4340007.0,8429991.0,80.9366,105.8408,54.3255,51.5153,1.51,1.283,80.03,100.0
AUT,Austria,2013,426580502769.417,-0.2507,50305.3546,2.0002,,5.367,4382851.0,8479823.0,81.1366,104.9854,53.8898,51.0956,1.753,-0.3026,80.6188,100.0
AUT,Austria,2014,438556021078.034,0.7558,51314.9723,1.6058,,5.674,4407077.0,8546356.0,81.4902,104.4967,53.8562,50.6406,2.3139,0.3896,80.9958,100.0
AUT,Austria,2015,379546097300.633,1.3035,43915.228,0.8966,,5.802,4460463.0,8642699.0,81.1902,103.1176,53.396,49.7216,1.5883,-1.8041,83.9401,100.0
AUT,Austria,2016,393687359770.273,2.1172,45061.4994,0.8916,,6.064,4541001.0,8736668.0,81.6415,101.5735,52.6634,48.9101,2.5715,-7.2399,84.3237,100.0
AUT,Austria,2017,414926138132.691,2.2722,47163.7426,2.0813,,5.561,4567690.0,8797566.0,81.6439,105.5561,54.326,51.23,1.2444,3.3818,87.9356,100.0
AUT,Austria,2018,452582294972.775,2.4842,51194.075,1.9984,,4.933,4608423.0,8840521.0,81.6927,108.378,55.7022,52.6757,0.9082,-6.1512,87.4791,100.0
AUT,Austria,2019,442983642371.842,1.755,49885.9947,1.5309,,4.56,4627750.0,8879920.0,81.8951,108.2073,55.8958,52.3115,2.3842,-2.8526,87.7522,100.0
AUT,Austria,2020,434397601557.696,-6.3183,48716.4099,1.3819,,5.201,4607777.0,8916864.0,81.1927,99.9482,51.6631,48.2851,3.3514,-2.7633,87.5294,100.0
AUT,Austria,2021,480466363176.806,4.9231,53648.6438,2.7667,,6.459,4650207.0,8955797.0,81.1902,111.0329,55.9539,55.079,1.7159,3.9541,92.5292,100.0
AUT,Austria,2022,473221298968.216,5.331,52336.7725,8.5469,,4.992,4715201.0,9041851.0,81.2951,123.5796,61.4273,62.1523,-0.8266,3.0222,93.6141,100.0
AUT,Austria,2023,516670509628.876,-0.7862,56579.5042,7.8141,,5.264,4762160.0,9131761.0,81.7927,115.1529,58.4868,56.6662,1.3128,0.5661,95.3347,100.0
AUT,Austria,2024,534790720466.822,-0.6591,58268.8788,2.9379,,5.2,4763195.0,9177982.0,81.9951,108.8258,55.6783,53.1475,1.5309,2.5535,94.9197,100.0
AUT,Austria,2025,579470021095.418,0.6157,62930.0351,3.5272,,5.582,4753079.0,9208163.0,,107.0198,54.7019,52.3179,1.7949,-2.0158,91.9257,
AZE,Azerbaijan,2000,5272615722.9689,11.1,655.0972,1.805,6.3676,11.78,4306234.0,8048600.0,65.377,78.5486,40.1708,38.3777,-3.182,2.4644,0.1478,98.9
AZE,Azerbaijan,2001,5707616203.7201,9.9,703.671,1.5472,16.7691,10.91,4283030.0,8111200.0,66.043,78.8152,41.4986,37.3166,-0.9068,14.3594,0.3056,98.6
AZE,Azerbaijan,2002,6236087738.2828,9.4389,763.1089,2.7712,12.6244,10.04,4260614.0,8171950.0,66.769,92.8181,42.7678,50.0503,-12.3214,32.4655,4.9997,100.0
AZE,Azerbaijan,2003,7276413079.1145,10.2083,883.6926,2.2339,7.9423,9.17,4242455.0,8234100.0,67.036,107.5519,42.0066,65.5454,-27.7727,55.0729,,98.8
AZE,Azerbaijan,2004,8680405740.9412,9.2538,1045.0136,6.7089,5.9203,7.99,4179032.0,8306500.0,67.488,121.5071,48.789,72.7181,-29.8282,54.3651,,99.0
AZE,Azerbaijan,2005,13245421880.834,27.9615,1578.3673,9.6795,2.009,7.26,4180297.0,8391850.0,67.71,115.8419,62.9411,52.9008,1.2632,33.7958,8.0304,99.1
AZE,Azerbaijan,2006,20981929497.6188,34.4662,2472.9573,8.3289,5.8692,6.62,4157327.0,8484550.0,68.489,105.2624,66.5041,38.7583,17.6705,21.3801,11.9922,99.5
AZE,Azerbaijan,2007,33049419431.2244,25.4632,3851.3302,16.6998,-1.2039,6.33,4042762.0,8581300.0,68.659,96.6418,68.1289,28.5129,27.2891,13.9011,14.54,99.5
AZE,Azerbaijan,2008,48851293785.4483,10.5914,5574.4681,20.8491,-6.4144,5.86,4094522.0,8763400.0,69.355,89.2429,65.7761,23.4668,33.6794,8.1611,17.08,99.7
AZE,Azerbaijan,2009,44292427184.9492,9.3695,4950.3995,1.457,48.0,5.74,4219228.0,8947243.0,69.874,74.744,51.6357,23.1083,22.972,6.5475,27.4,99.9
AZE,Azerbaijan,2010,52909294791.9262,4.7888,5843.5338,5.7269,6.0375,5.63,4281288.0,9054332.0,70.309,74.986,54.3047,20.6813,28.4268,6.3373,46.0,99.9
AZE,Azerbaijan,2011,65952796427.9473,-1.573,7189.8187,7.8583,-4.5091,5.42,4368984.0,9173082.0,70.565,80.508,56.427,24.0811,25.9958,6.8005,50.0,99.9
AZE,Azerbaijan,2012,69679944504.1972,2.2029,7495.8653,1.0662,15.0721,5.19,4449918.0,9295784.0,71.08,78.2631,52.9747,25.2884,21.4925,7.5965,54.2,100.0
AZE,Azerbaijan,2013,74160560123.6902,5.8434,7875.3454,2.4157,17.7236,4.97,4508074.0,9416801.0,71.485,74.6758,48.4158,26.26,16.4936,3.5321,73.0,100.0
AZE,Azerbaijan,2014,75239785452.1022,2.7976,7890.8403,1.3734,19.4464,4.91,4602987.0,9535079.0,71.93,69.4832,43.2736,26.2097,13.5684,5.8885,75.0,100.0
AZE,Azerbaijan,2015,53076235354.746,1.0495,5500.5036,4.0277,28.8888,4.96,4693026.0,9649341.0,72.349,72.6015,37.7948,34.8067,-0.4192,7.6261,77.0,100.0
AZE,Azerbaijan,2016,37866996882.9157,-3.0636,3880.6852,12.4434,1.524,5.0,4809412.0,9757812.0,72.568,90.0773,46.4276,43.6497,-3.6005,11.8828,78.2,100.0
AZE,Azerbaijan,2017,40866627351.9817,0.1536,4147.1981,12.9359,0.2721,5.0,4876185.0,9854033.0,72.694,90.4023,48.5479,41.8545,4.1221,7.0167,79.0,100.0
AZE,Azerbaijan,2018,47112470051.7701,1.5004,4739.7943,2.2685,4.6922,4.9,4955866.0,9939771.0,73.016,91.6726,54.0923,37.5803,12.6824,2.978,79.8,100.0
AZE,Azerbaijan,2019,48174235294.1176,2.4798,4805.7537,2.6106,17.5417,5.0,4998924.0,10024283.0,73.29,85.8181,49.0506,36.7675,8.7046,3.1218,81.1,100.0
AZE,Azerbaijan,2020,42693000000.0,-4.199,4229.9106,2.7598,26.6704,7.24,5197914.0,10093121.0,70.312,72.0179,35.6236,36.3943,-0.7409,1.1879,84.6,100.0
AZE,Azerbaijan,2021,54825411764.7059,5.6164,5408.0454,6.6503,-4.2462,6.04,4963081.0,10137750.0,70.999,76.2869,46.4887,29.7981,14.962,-3.1147,86.0,100.0
AZE,Azerbaijan,2022,78807470588.2353,4.7147,7770.5942,13.8523,-16.5228,5.65,5071753.0,10141756.0,74.125,86.9823,59.9868,26.9954,29.7917,-5.6777,88.0,100.0
AZE,Azerbaijan,2023,72428470588.2353,1.3545,7133.0284,8.7854,25.6817,5.64,5073676.0,10153958.0,74.429,83.5359,48.9964,34.5395,11.5001,0.3491,89.0,100.0
AZE,Azerbaijan,2024,74426000000.0,4.1581,7294.6428,2.2122,16.2335,5.648,5097655.0,10202830.0,74.576,82.5675,45.8346,36.7329,6.2762,0.3107,90.4398,100.0
AZE,Azerbaijan,2025,75937647058.8235,1.4499,7410.7228,5.6221,14.6787,5.457,5110243.0,10246996.0,,79.8296,43.0222,36.8074,4.5762,0.4928,90.8,
BDI,Burundi,2000,870486065.8831,-0.8569,134.5379,24.432,-16.6792,3.137,2766896.0,6470194.0,47.617,,,,-5.7626,1.3422,0.0772,2.5
BDI,Burundi,2001,876794723.0686,2.0558,132.1596,9.2962,2.7329,3.154,2838292.0,6634365.0,48.509,,,,-4.1872,-0.0013,0.106,2.8
BDI,Burundi,2002,825394519.4237,4.4465,120.9523,-1.3657,18.252,3.168,2918476.0,6824132.0,49.924,,,,-0.398,,0.1182,3.1
BDI,Burundi,2003,784654423.6205,-1.2237,111.4067,10.6475,5.6144,3.145,3009287.0,7043154.0,50.997,,,,-3.0463,,0.2013,3.4
BDI,Burundi,2004,915257323.3961,4.8337,125.195,8.1764,4.5145,3.177,3123186.0,7310656.0,52.217,,,,-3.5366,0.0049,0.3491,3.7
BDI,Burundi,2005,1117113079.7364,0.9,147.2346,13.2521,-0.3337,3.162,3227287.0,7587299.0,53.053,,,,-0.5101,0.0523,0.5421,3.2
BDI,Burundi,2006,1273375078.4484,5.4138,161.8928,2.7454,13.8332,3.185,3316162.0,7865547.0,53.962,,,,-10.487,0.0025,0.6576,2.7
BDI,Burundi,2007,1356199387.4231,3.4445,166.1627,8.4121,7.9073,2.404,3458975.0,8161874.0,54.832,,,,-8.2073,0.0369,0.7,4.7
BDI,Burundi,2008,1611835857.0459,4.9087,189.5021,24.407,-6.1528,1.634,3627058.0,8505637.0,55.581,,,,-16.0907,0.2378,0.81,4.8
BDI,Burundi,2009,1775495032.424,3.7871,198.4315,10.5554,3.5956,1.622,3843653.0,8947646.0,56.422,,,,-9.0781,0.0196,0.9,5.4
BDI,Burundi,2010,2032135192.0125,5.0937,216.7277,6.4933,3.1778,1.615,4037123.0,9376444.0,57.088,,,,-14.8111,0.0384,1.0,5.3
BDI,Burundi,2011,2235812879.5671,4.0244,230.0698,9.5922,4.4846,1.602,4169441.0,9717978.0,57.804,,,,-12.6837,0.1501,1.11,6.2
BDI,Burundi,2012,2327402362.8157,4.423,231.0988,18.161,0.2548,1.593,4302379.0,10071028.0,58.501,,,,-11.221,0.026,1.22,6.5
BDI,Burundi,2013,2451624637.6716,4.9239,234.8448,7.938,6.3918,1.584,4439368.0,10439341.0,59.179,,,,-10.5411,4.7612,1.2642,6.9
BDI,Burundi,2014,2705826648.2102,4.2449,250.5445,4.4054,9.8441,1.572,4568956.0,10799785.0,59.764,,,,-15.8475,3.3897,1.0424,7.0
BDI,Burundi,2015,2810532912.4998,-0.4045,254.4026,5.5447,8.8098,1.449,4650400.0,11047580.0,60.107,,,,-12.7717,0.2647,2.0,7.9
BDI,Burundi,2016,2618093125.1469,3.2002,232.9378,5.5577,7.4293,1.352,4696640.0,11239451.0,60.789,,,,-12.5184,0.0021,2.2,8.5
BDI,Burundi,2017,2831362208.3404,3.8319,246.0607,16.0525,1.3459,1.25,4797040.0,11506762.0,61.345,,,,-13.1913,2.307,2.6607,9.3
BDI,Burundi,2018,2913411408.4478,5.3422,245.6617,-2.8147,16.5825,1.147,4958957.0,11859446.0,61.806,,,,-13.367,0.2287,4.0195,9.5
BDI,Burundi,2019,2871555326.3103,4.4593,234.3106,-0.6868,14.1982,1.043,5145487.0,12255336.0,62.18,,,,-13.6892,1.0545,6.0722,9.8
BDI,Burundi,2020,3188355943.6351,0.3064,252.7025,7.3211,-1.9549,1.03,5256681.0,12617036.0,62.569,,,,-10.8615,0.6648,6.4301,9.1
BDI,Burundi,2021,3425127990.7052,3.2371,264.1728,8.4045,1.5543,1.118,5484419.0,12965481.0,62.101,,,,-11.3663,0.6526,6.778,10.2
BDI,Burundi,2022,4020736756.6426,2.3177,301.8323,18.8009,-2.772,0.909,5691432.0,13321097.0,62.882,,,,-15.3008,0.628,7.1448,10.3
BDI,Burundi,2023,3419558408.3541,3.2548,249.7952,26.9415,-6.5704,0.911,5893737.0,13689450.0,63.651,,,,-18.3607,0.9943,7.1723,11.6
BDI,Burundi,2024,3037579858.3814,4.1123,216.2319,20.2125,-5.6813,0.915,6097715.0,14047786.0,63.818,,,,-15.6377,1.097,8.596,20.1
BDI,Burundi,2025,3364713864.0849,4.2401,233.823,34.134,-4.9485,0.922,6308213.0,14390003.0,,,,,-13.7148,1.0437,,
BEL,Belgium,2000,236792460312.471,3.7167,23098.8865,2.5445,,6.586,4412646.0,10251250.0,77.722,142.2301,72.5474,69.6827,,37.4753,29.4317,100.0
BEL,Belgium,2001,236746141604.37,1.0996,23015.0713,2.4693,,6.178,4307825.0,10286570.0,77.9732,139.5768,71.612,67.9649,,37.2565,31.2884,100.0
BEL,Belgium,2002,258383599375.177,1.7069,25006.1914,1.6452,,6.91,4358408.0,10332785.0,78.0756,136.0851,70.8313,65.2539,4.498,7.0124,46.33,100.0
BEL,Belgium,2003,318082528506.588,1.038,30655.2093,1.589,,7.68,4395670.0,10376133.0,78.1293,132.7156,69.0365,63.679,3.3972,10.8649,49.97,100.0
BEL,Belgium,2004,369214712443.206,3.5712,35429.4078,2.0973,,7.363,4480433.0,10421137.0,78.878,136.9184,70.9063,66.0121,3.097,12.0521,53.86,100.0
BEL,Belgium,2005,385714762230.039,2.3217,36809.7013,2.7814,,8.44,4627612.0,10478617.0,78.9805,144.5291,74.2828,70.2462,1.9966,8.7272,55.82,100.0
BEL,Belgium,2006,408259840868.823,2.5523,38705.1068,1.7912,,8.246,4647632.0,10547958.0,79.3805,149.5675,76.805,72.7625,1.8503,14.4079,61.9819,100.0
BEL,Belgium,2007,470922156309.453,3.6769,44319.1654,1.8231,,7.459,4735412.0,10625700.0,79.7829,152.4684,78.3018,74.1666,1.4957,20.5027,66.7604,100.0
BEL,Belgium,2008,517328087920.078,0.4469,48303.398,4.4894,,6.976,4779497.0,10709973.0,79.6805,161.0884,80.8806,80.2078,-0.8312,36.8029,68.8573,100.0
BEL,Belgium,2009,485014525992.461,-1.9064,44923.34,-0.0531,,7.908,4801697.0,10796493.0,80.0341,135.1384,68.5961,66.5423,1.8097,15.9489,74.5441,100.0
BEL,Belgium,2010,481556503720.001,2.7103,44197.3937,2.1893,,8.293,4901576.0,10895586.0,80.1829,150.1626,75.8283,74.3343,1.5238,26.0596,77.6398,100.0
BEL,Belgium,2011,527196649048.639,1.9312,47760.8299,3.5321,,7.14,4884172.0,11038264.0,80.5854,160.7655,80.2714,80.4942,-1.9289,31.0367,81.61,100.0
BEL,Belgium,2012,498414364944.961,0.2158,44874.1709,2.8397,,7.542,4917260.0,11106932.0,80.3854,160.3833,80.049,80.3343,-0.083,2.3696,80.72,100.0
BEL,Belgium,2013,524097026598.55,0.3055,46964.5947,1.1131,,8.425,4966858.0,11159407.0,80.5878,157.5736,78.9114,78.6622,0.9691,-5.6556,82.1702,100.0
BEL,Belgium,2014,537987419164.351,1.7655,47995.7787,0.34,,8.523,4984459.0,11209057.0,81.2878,158.5716,79.3965,79.1751,0.7512,-2.8264,85.0012,100.0
BEL,Belgium,2015,461044767544.531,1.4742,40893.8045,0.5614,,8.482,4994454.0,11274196.0,80.9927,155.0687,77.8777,77.1909,1.3802,-4.2326,85.0529,100.0
BEL,Belgium,2016,474271566739.729,1.1935,41854.5498,1.9739,,7.83,5001167.0,11331422.0,81.439,159.0577,79.6181,79.4396,0.5581,12.1319,86.5165,100.0
BEL,Belgium,2017,500908767351.53,1.4745,44035.3239,2.126,,7.09,5037325.0,11375158.0,81.4927,166.9041,83.4444,83.4597,0.7024,-7.4442,87.6797,100.0
BEL,Belgium,2018,542638913427.921,1.878,47487.21,2.0532,,5.941,5093485.0,11427054.0,81.5951,168.2777,83.4831,84.7946,-0.8741,-7.6665,88.6473,100.0
BEL,Belgium,2019,536726344405.489,2.4429,46716.6227,1.4368,,5.364,5146209.0,11488980.0,81.9951,165.4655,82.9674,82.4981,0.1231,-1.9725,90.2754,100.0
BEL,Belgium,2020,529694473501.791,-4.793,45906.2876,0.7408,,5.545,5124712.0,11538604.0,80.6951,156.9501,79.1969,77.7533,0.9039,-5.6902,91.5264,100.0
BEL,Belgium,2021,598522422241.851,6.2545,51658.2383,2.4402,,6.248,5217415.0,11586195.0,81.7902,177.3819,89.6254,87.7565,1.8683,5.6774,92.7887,100.0
BEL,Belgium,2022,591474463578.602,4.0246,50639.0265,9.5975,,5.57,5320892.0,11680210.0,81.7488,191.0534,94.3593,96.6941,-1.8203,2.221,94.0078,100.0
BEL,Belgium,2023,650779364363.737,1.5613,55244.6815,4.049,,5.547,5365023.0,11779946.0,82.4,165.9874,82.8133,83.1741,0.1824,-0.6527,94.6263,100.0
BEL,Belgium,2024,670983130618.828,1.0978,56581.9376,3.1435,,5.7,5432908.0,11858610.0,82.3,159.0235,79.3188,79.7047,-0.379,-6.1638,95.7758,100.0
BEL,Belgium,2025,725466462859.646,0.9831,60750.2736,2.4671,,5.906,5463472.0,11941781.0,,152.9178,75.4501,77.4677,-1.9319,-3.9684,,
BEN,Benin,2000,3519991440.4791,5.8577,487.4241,4.1654,,0.864,2830348.0,7221619.0,56.594,47.3482,20.6053,26.7428,-2.295,-0.3635,0.2252,21.5
BEN,Benin,2001,3666222635.1388,5.3331,492.4015,3.9843,,0.766,2925855.0,7445596.0,56.654,48.2572,19.8686,28.3886,-2.0455,0.4566,0.3634,21.9
BEN,Benin,2002,4194342686.2178,4.643,546.4638,2.4892,,0.69,3024243.0,7675426.0,56.851,43.7684,19.7266,24.0418,-3.7415,-0.4624,0.7029,23.4
BEN,Benin,2003,5349258094.4824,3.4436,676.0029,1.4872,,0.747,3128205.0,7913070.0,57.092,41.6162,18.6443,22.9719,-6.2056,0.1989,0.9513,24.3
BEN,Benin,2004,6190270380.4986,4.4297,758.6958,0.8739,,0.79,3235131.0,8159094.0,57.346,39.903,18.5135,21.3894,-4.6688,-0.6587,1.1825,25.2
BEN,Benin,2005,6567654954.389,1.7132,779.4378,5.3645,3.5961,0.859,3353095.0,8426144.0,57.738,39.0959,18.4836,20.6123,-3.4438,-0.1338,1.271,26.1
BEN,Benin,2006,7034111314.8881,3.9437,809.1471,3.7822,2.5881,0.888,3468401.0,8693242.0,57.966,39.7747,18.0579,21.7168,-3.0878,-0.1758,1.5379,27.9
BEN,Benin,2007,8169048382.8387,5.9863,912.3382,1.2981,4.3446,0.902,3577425.0,8953969.0,58.249,49.1138,22.0429,27.0709,-6.5462,1.7039,1.79,28.0
BEN,Benin,2008,9787734526.2397,4.8966,1060.6025,7.9473,-1.3623,0.895,3695226.0,9228466.0,58.099,47.7754,22.1407,25.6346,-5.4986,0.4926,1.85,29.0
BEN,Benin,2009,9738626517.0032,2.3193,1024.1028,0.8961,2.3774,0.95,3820397.0,9509423.0,58.258,44.7026,19.928,24.7747,-6.6903,-0.1931,2.24,30.0
BEN,Benin,2010,9535345015.7836,2.1141,973.2443,2.2078,4.1955,1.04,3950053.0,9797484.0,58.387,51.4309,23.072,28.3588,-5.5672,0.5611,3.13,34.2
BEN,Benin,2011,10693321363.6574,2.9638,1059.4136,2.7042,1.468,2.647,4080183.0,10093623.0,58.462,47.217,20.8497,26.3674,-4.8333,1.5084,4.1483,36.9
BEN,Benin,2012,11141358115.8991,4.8112,1071.5258,6.7447,-2.4696,2.458,4235463.0,10397657.0,58.559,50.7367,23.8967,26.84,-5.1783,2.5271,4.5,38.4
BEN,Benin,2013,12517845123.9315,7.1914,1168.927,0.4289,3.8366,2.198,4393926.0,10708834.0,58.863,59.2002,27.5706,31.6296,-5.3793,2.8786,4.9,34.7
BEN,Benin,2014,13284527846.9081,6.3577,1204.3992,-0.5488,5.6,1.952,4557889.0,11030004.0,59.008,65.2683,31.4308,33.8374,-6.6679,3.0542,6.0,34.1
BEN,Benin,2015,11388160996.7738,1.7782,1002.4189,0.2188,4.2663,1.886,4727555.0,11360681.0,59.123,56.7563,24.7205,32.0359,-5.9641,1.315,11.255,29.6
BEN,Benin,2016,11821065853.3838,3.3397,1010.5339,-0.7933,4.5801,1.834,4901776.0,11697842.0,59.283,58.9869,27.6068,31.3801,-2.9967,1.1149,14.5,37.0
BEN,Benin,2017,12701655836.9467,5.6716,1054.9741,0.0433,7.329,1.691,5081385.0,12039780.0,59.528,61.4766,27.2056,34.271,-4.1808,1.5817,18.7,34.5
BEN,Benin,2018,14262408089.9261,6.6973,1151.741,0.9192,6.0523,1.426,5267149.0,12383347.0,59.71,61.7952,27.2742,34.521,-4.5492,1.3607,19.0,39.0
BEN,Benin,2019,14391686313.4641,6.8657,1130.8214,0.7328,7.1142,1.214,5459336.0,12726755.0,59.888,63.6813,29.6305,34.0508,-3.9995,1.5162,20.501,40.0
BEN,Benin,2020,15686741883.934,3.8488,1200.1943,3.0227,3.5571,1.518,5605006.0,13070169.0,60.154,44.8332,19.8725,24.9608,-1.7465,1.1093,22.1206,41.0
BEN,Benin,2021,17687623530.3355,7.1555,1318.6516,1.7335,4.5575,1.833,5877845.0,13413417.0,59.61,48.0549,20.9188,27.1361,-4.1535,1.9561,28.2047,42.0
BEN,Benin,2022,17425405090.862,6.2529,1266.4271,1.3508,,1.685,6074872.0,13759501.0,60.475,44.3816,20.8153,23.5663,-5.6871,2.1577,30.5373,56.5
BEN,Benin,2023,19673291004.1444,6.3528,1394.1778,2.7387,,1.641,6260192.0,14111034.0,60.774,44.6631,20.0035,24.6596,-8.1763,2.2516,32.394,57.0
BEN,Benin,2024,21482643706.4249,7.4531,1485.3802,1.1609,,1.637,6447181.0,14462724.0,60.961,40.6398,18.8402,21.7996,,2.5277,33.9838,59.0
BEN,Benin,2025,24566420903.5337,8.0741,1658.2731,1.1016,,1.589,6644562.0,14814460.0,,37.1169,17.0524,20.0645,,,,
BFA,Burkina Faso,2000,2968370087.5976,1.8885,248.9085,-0.3042,,2.687,5231474.0,11925546.0,50.808,35.1229,8.8447,26.2782,,0.7785,0.0771,9.1
BFA,Burkina Faso,2001,3190371080.9477,6.6134,259.4852,5.0074,,2.748,5404652.0,12295001.0,51.188,31.6582,9.0441,22.6141,,0.1964,0.1577,9.5
BFA,Burkina Faso,2002,3622350062.9605,4.353,285.6541,2.1757,,2.862,5585808.0,12680897.0,51.447,31.3125,8.8654,22.4472,,0.4148,0.201,9.9
BFA,Burkina Faso,2003,4740768142.6749,7.8025,362.3739,2.0346,,2.78,5771423.0,13082532.0,51.959,30.3682,9.2204,21.1478,,0.6143,0.3734,11.4
BFA,Burkina Faso,2004,5451688537.6096,4.4785,403.8128,-0.4002,,3.48,5960801.0,13500533.0,52.6,35.4809,10.8816,24.5994,,0.2632,0.4003,10.7
BFA,Burkina Faso,2005,6146353173.3493,8.6619,441.1641,6.415,4.9441,4.0,6152177.0,13932123.0,53.271,34.1722,9.8418,24.3303,-10.3243,0.8481,0.4699,11.1
BFA,Burkina Faso,2006,6547419820.3811,6.2532,455.5137,2.3331,5.4355,3.67,6339851.0,14373707.0,53.784,35.1065,10.9569,24.1497,-8.3076,1.2806,0.6327,11.6
BFA,Burkina Faso,2007,7625722836.7685,4.1114,514.6845,-0.2306,2.2044,3.3,6517021.0,14816307.0,54.377,33.7797,10.3485,23.4312,-7.3532,0.2847,0.75,12.0
BFA,Burkina Faso,2008,9451435490.1147,5.8,619.4375,10.6598,-3.8252,3.501,6684501.0,15258093.0,55.199,35.3853,10.1493,25.236,-10.2316,0.3512,0.92,12.5
BFA,Burkina Faso,2009,9450696873.3433,2.962,601.5695,2.6082,2.5116,3.723,6852468.0,15710066.0,55.791,40.296,13.789,26.507,-4.0375,0.5995,1.13,12.6
BFA,Burkina Faso,2010,10109619740.6994,8.4463,624.9573,-0.7642,1.2851,3.725,7026133.0,16176498.0,56.343,49.0732,20.5158,28.5574,-1.7966,0.3845,2.4,13.1
BFA,Burkina Faso,2011,12080295977.5632,6.6226,725.0248,2.7598,-1.3885,3.827,7209651.0,16661908.0,57.001,57.4973,26.1955,31.3018,-1.3277,1.1907,3.0,14.8
BFA,Burkina Faso,2012,12561015156.5683,6.4527,731.4701,3.8182,-0.7416,3.849,7407953.0,17172287.0,57.457,61.2386,26.5981,34.6405,-1.292,2.6215,3.725,15.1
BFA,Burkina Faso,2013,13444300485.8412,5.7926,759.7621,0.5337,7.578,4.054,7612290.0,17695409.0,57.903,64.0359,27.077,36.9589,-10.0083,3.6477,5.0,15.4
BFA,Burkina Faso,2014,13943016076.7436,4.3268,764.8617,-0.2581,5.9959,4.255,7823803.0,18229461.0,58.331,58.8236,26.932,31.8916,-7.1645,2.5626,6.0,19.2
BFA,Burkina Faso,2015,11832159315.6298,3.9212,630.1248,0.7248,7.5459,4.472,8047980.0,18777487.0,58.778,59.0892,26.1076,32.9815,-7.5675,1.9599,6.5457,16.2
BFA,Burkina Faso,2016,12833363045.3367,5.958,663.7424,0.441,2.6224,4.598,8284194.0,19334856.0,59.173,57.8932,25.916,31.9772,-6.0796,3.0438,7.141,16.6
BFA,Burkina Faso,2017,14106955615.3442,6.2035,709.0915,1.483,5.0242,4.662,8529005.0,19894407.0,59.578,59.2688,26.4524,32.8164,-6.3535,0.0182,7.7904,17.0
BFA,Burkina Faso,2018,15890066221.2882,6.6046,777.4656,1.9559,5.6289,4.695,8776683.0,20438288.0,59.972,60.5956,28.0789,32.5167,-4.1837,1.6892,8.4989,14.4
BFA,Burkina Faso,2019,16032813503.3707,5.8892,764.8531,-3.2334,6.1439,4.493,9029420.0,20961952.0,60.184,60.4087,29.2577,31.151,-3.2673,1.0165,9.2718,17.6
BFA,Burkina Faso,2020,17725010532.5268,2.0108,825.237,1.8847,0.0675,4.59,9036235.0,21478690.0,60.454,60.7398,31.7769,28.9629,4.1931,-0.5573,12.9732,18.5
BFA,Burkina Faso,2021,19697516284.3787,6.9425,895.5353,3.6533,6.1302,4.511,9191515.0,21995243.0,60.046,62.4204,32.7971,29.6233,0.3922,-0.4059,18.1522,19.0
BFA,Burkina Faso,2022,18622421394.6133,1.6267,827.3308,14.2902,,3.828,9286105.0,22509038.0,60.7,67.5203,31.2181,36.3022,-7.5391,3.5964,25.3988,19.5
BFA,Burkina Faso,2023,20106062971.6533,3.0003,873.1981,0.7429,,3.601,9442280.0,23025776.0,61.092,63.153,28.9494,34.2036,-5.0591,0.5443,25.3612,21.7
BFA,Burkina Faso,2024,23136514855.7646,4.834,982.4931,4.1908,,3.441,9601936.0,23548781.0,61.292,60.4929,28.5645,31.9284,-3.9688,-0.874,28.2527,34.0
BFA,Burkina Faso,2025,27627297461.3181,5.2946,1147.5713,-0.5862,,3.477,9914873.0,24074580.0,,65.003,34.9899,30.0131,,,,
BGD,Bangladesh,2000,53369787318.6245,5.2933,396.6707,2.2083,8.9982,3.27,49048139.0,134544304.0,62.049,29.3217,12.3442,16.9775,-0.573,0.5254,0.071,32.0
BGD,Bangladesh,2001,53991289844.3291,5.0773,394.6564,2.0072,9.257,3.609,50230500.0,136805810.0,62.836,32.098,13.3866,18.7115,-0.9917,0.1454,0.1298,35.0
BGD,Bangladesh,2002,54724081490.5102,3.8331,393.8864,3.3326,8.3897,3.966,51244757.0,138933658.0,63.591,28.9674,12.41,16.5574,1.3509,0.0956,0.1399,37.8
BGD,Bangladesh,2003,60158929188.2556,4.7396,426.7488,5.6687,5.8845,4.32,52208969.0,140970351.0,64.288,27.6579,11.4311,16.2267,0.2188,0.446,0.1639,40.5
BGD,Bangladesh,2004,65108544250.0425,5.2395,455.614,7.5875,5.5824,4.316,53140734.0,142902856.0,64.912,26.8582,11.1465,15.7117,-0.428,0.6895,0.199,40.6
BGD,Bangladesh,2005,69476001239.419,6.5359,480.0859,7.0466,5.7643,4.25,54049068.0,144715786.0,65.509,34.3969,14.3928,20.0041,-0.2501,1.1707,0.2416,44.2
BGD,Bangladesh,2006,71795736172.1561,6.6719,490.388,6.7653,5.467,3.591,54908227.0,146405973.0,66.048,38.1119,16.3535,21.7585,1.6659,0.6359,1.0,50.5
BGD,Bangladesh,2007,79611644974.5571,7.0586,537.9555,9.107,5.7891,4.015,55892527.0,147989278.0,66.458,39.9424,16.9953,22.947,1.0762,0.8178,1.8,46.5
BGD,Bangladesh,2008,91636997370.9772,6.0138,613.062,8.9019,4.6617,4.49,56846810.0,149474264.0,67.047,42.6209,17.6589,24.9621,1.0107,1.4497,2.5,54.3
BGD,Bangladesh,2009,102475158190.998,5.0451,679.2115,5.4235,6.1465,5.0,57807404.0,150873714.0,67.527,40.0928,16.9401,23.1527,3.4702,0.8795,3.1,57.1
BGD,Bangladesh,2010,115275540051.262,5.5718,757.3853,8.1267,4.7361,3.379,58796583.0,152201981.0,68.009,37.8028,16.0241,21.7787,1.8291,1.069,3.7,55.3
BGD,Bangladesh,2011,128607482310.357,6.4644,837.3369,11.3952,5.0642,3.737,59281113.0,153591076.0,68.499,47.4208,19.9221,27.4988,-0.1258,0.9834,4.5,59.6
BGD,Bangladesh,2012,133310747603.483,6.5215,859.6805,6.2175,5.3433,4.07,59869794.0,155070101.0,68.989,48.1109,20.1616,27.9493,1.932,1.1885,5.0,65.5
BGD,Bangladesh,2013,149998957434.186,6.0136,958.263,7.5304,5.9887,4.426,60484221.0,156532141.0,69.487,46.2964,19.5379,26.7585,1.3723,1.7353,6.63,61.5
BGD,Bangladesh,2014,172886611653.786,6.0611,1094.462,6.9916,6.8859,4.417,61204476.0,157964929.0,70.016,44.5141,18.9897,25.5244,0.4372,1.4687,9.0529,62.4
BGD,Bangladesh,2015,195146608978.131,6.5526,1224.3865,6.1943,5.5126,4.397,61920877.0,159383179.0,70.543,42.086,17.3367,24.7493,1.3219,1.4508,12.3688,74.0
BGD,Bangladesh,2016,265224515675.034,7.1135,1649.2838,5.5135,-13.6421,4.35,62629015.0,160811932.0,71.075,31.3342,13.9212,17.4129,0.3512,0.8795,16.8991,75.9
BGD,Bangladesh,2017,293732446624.596,6.5902,1811.0822,5.7021,4.2765,4.372,66147765.0,162186147.0,71.606,29.9997,12.8197,17.18,-2.0376,0.6163,21.5,88.0
BGD,Bangladesh,2018,321362752441.78,7.3194,1965.2437,5.5436,3.6343,4.439,67683856.0,163523103.0,72.122,32.5146,12.6748,19.8398,-2.2078,0.7535,25.5651,86.9
BGD,Bangladesh,2019,351231654603.692,7.8819,2129.799,5.592,5.6896,4.504,69165404.0,164913055.0,72.625,31.5781,13.0948,18.4833,-0.8395,0.5432,30.3831,92.2
BGD,Bangladesh,2020,373979442362.193,3.448,2248.8508,5.6911,4.2892,5.539,70314500.0,166298024.0,71.421,26.2714,10.4428,15.8287,0.3189,0.4079,36.1091,96.2
BGD,Bangladesh,2021,416271647911.014,6.9387,2482.8492,5.5457,3.0762,5.457,72637932.0,167658854.0,71.103,27.724,10.6628,17.0612,-3.7897,0.4141,38.9174,99.0
BGD,Bangladesh,2022,460131689083.083,7.0998,2716.4859,7.697,1.9725,4.593,74651451.0,169384897.0,74.265,33.78,12.8822,20.8977,-3.8101,0.348,41.6165,99.4
BGD,Bangladesh,2023,437415333018.291,5.7751,2551.0177,9.8835,0.6295,3.352,74789575.0,171466990.0,74.672,30.983,13.1572,17.8258,-1.646,0.3357,44.5027,99.5
BGD,Bangladesh,2024,450119432068.852,4.2233,2593.4161,10.4657,2.7784,3.635,73619393.0,173562364.0,74.93,26.7781,10.4612,16.3169,-0.6695,0.2839,53.4217,99.5
BGD,Bangladesh,2025,456319229255.578,3.4899,2597.3435,8.7688,1.9704,3.778,74739682.0,175686899.0,,27.9506,11.1161,16.8345,-0.0525,0.4045,,
BGR,Bulgaria,2000,13246669553.9701,4.5872,1621.3452,10.3163,3.6901,16.218,3441466.0,8170172.0,71.6634,77.7457,36.2189,41.5268,-5.3122,7.5604,5.3709,88.1
BGR,Bulgaria,2001,14184170318.951,3.8237,1770.9975,7.3609,4.7052,19.921,3494894.0,8009142.0,71.7683,79.0814,34.8813,44.2001,-5.6729,5.7313,7.6123,88.6
BGR,Bulgaria,2002,16403880782.9964,5.8719,2093.0897,5.8101,5.1609,18.11,3404016.0,7837161.0,71.8659,75.2696,33.6473,41.6223,-1.9449,5.5149,9.08,89.1
BGR,Bulgaria,2003,21146038619.2612,5.2372,2719.6334,2.3486,6.2178,13.733,3340007.0,7775327.0,72.0659,79.0139,34.4169,44.5969,-4.8338,9.9158,12.04,89.6
BGR,Bulgaria,2004,26159078743.1056,6.5104,3389.8605,6.1471,3.1159,12.037,3379275.0,7716860.0,72.5634,93.0639,40.9566,52.1073,-6.3883,11.7456,18.13,90.1
BGR,Bulgaria,2005,29870182424.913,7.0563,3900.025,5.0388,1.9389,10.083,3314525.0,7658972.0,72.561,99.7142,42.5296,57.1847,-11.2052,13.7198,19.97,90.6
BGR,Bulgaria,2006,34382295487.2238,6.8026,4523.378,7.2616,2.0009,8.951,3421452.0,7601022.0,72.6122,111.0475,46.9779,64.0696,-17.0531,22.9027,27.09,91.2
BGR,Bulgaria,2007,44433521724.8301,6.6544,5888.8709,8.4025,-0.9488,6.878,3500732.0,7545338.0,72.6634,123.5326,52.355,71.1775,-25.7396,31.227,33.64,91.7
BGR,Bulgaria,2008,54483464293.1671,6.1296,7271.6744,12.3487,2.5512,5.609,3562863.0,7492561.0,72.9634,124.6888,52.4777,72.2111,-21.7962,18.8988,39.67,92.3
BGR,Bulgaria,2009,52026461289.6618,-3.3471,6988.6305,2.7532,7.1167,6.817,3489069.0,7444443.0,73.4122,92.6926,42.2189,50.4738,-8.1811,7.4898,45.0,92.9
BGR,Bulgaria,2010,50691645231.0083,1.5554,6854.2988,2.439,10.3015,10.279,3424396.0,7395599.0,73.5122,103.3805,50.098,53.2825,-1.9029,3.6355,46.23,93.5
BGR,Bulgaria,2011,57684243980.4624,2.0902,7849.9822,4.2199,4.2564,11.26,3339707.0,7348328.0,74.1634,117.4181,58.7882,58.6299,0.4724,3.6471,47.98,94.1
BGR,Bulgaria,2012,54299825600.0647,0.7488,7432.3375,2.9546,8.5074,12.27,3358087.0,7305888.0,74.3146,123.9713,60.3463,63.625,-0.9735,3.293,51.9,94.7
BGR,Bulgaria,2013,55822115861.1854,-0.5428,7796.3795,0.8901,8.965,12.941,3333973.0,7160005.0,74.861,129.6887,64.565,65.1237,1.2157,3.5632,53.0615,95.3
BGR,Bulgaria,2014,57083817239.8145,0.9494,8070.0129,-1.4182,6.8303,11.424,3290417.0,7073572.0,74.4659,130.2484,64.5508,65.6976,2.1924,1.9158,55.4904,95.9
BGR,Bulgaria,2015,50768512172.9373,3.3976,7269.0259,-0.1046,4.3722,9.143,3259536.0,6984225.0,74.6146,126.7367,63.7864,62.9502,0.0184,4.3755,56.6563,96.6
BGR,Bulgaria,2016,53932152153.5457,3.0266,7822.8989,-0.7986,2.9707,7.575,3159813.0,6894139.0,74.8122,122.8055,63.8609,58.9446,3.1021,2.7598,59.8255,97.3
BGR,Bulgaria,2017,59170671046.4798,2.7459,8697.1337,2.0616,0.5977,6.164,3235284.0,6803468.0,74.8146,129.6344,66.9905,62.6439,3.2463,3.3924,63.4101,98.1
BGR,Bulgaria,2018,66100606676.6544,2.3302,9849.8877,2.8145,0.6984,5.211,3181267.0,6710798.0,74.9634,129.1665,65.9187,63.2478,0.5745,2.738,64.782,98.7
BGR,Bulgaria,2019,68511235459.4907,3.7933,10354.25,3.1037,-0.6966,4.148,3209606.0,6616726.0,75.1122,125.2604,64.3006,60.9598,1.6578,3.2422,67.947,99.2
BGR,Bulgaria,2020,70490478088.1395,-3.1332,10760.7616,1.6724,-0.0127,5.037,3132138.0,6550696.0,73.3561,110.4239,56.4751,53.9488,1.4673,3.9741,70.1625,99.7
BGR,Bulgaria,2021,84378926047.3002,7.8282,12966.8085,3.2977,-2.6643,5.166,3082471.0,6507301.0,71.2122,121.2141,61.8496,59.3645,0.2475,2.5287,75.2714,99.8
BGR,Bulgaria,2022,90510784777.6397,4.0839,13999.9113,15.3253,-10.5009,4.148,3134677.0,6465097.0,74.161,138.8449,69.9795,68.8654,-1.3618,5.2463,79.1269,100.0
BGR,Bulgaria,2023,102204457334.822,1.6815,15854.0193,9.4428,-3.3031,4.319,3134615.0,6446596.0,75.7561,119.8995,62.005,57.8945,-1.1539,5.0586,80.3896,100.0
BGR,Bulgaria,2024,113349149166.793,3.3871,17596.9168,2.4465,-2.4891,4.2,3100224.0,6441421.0,75.761,110.2263,56.37,53.8564,-0.5164,2.6915,82.439,100.0
BGR,Bulgaria,2025,130777235529.606,3.0964,20328.1667,4.5808,-2.9581,3.536,3090210.0,6433302.0,,102.5143,50.7385,51.7758,-5.8431,3.7338,,
BHR,Bahrain,2000,9062898936.1702,5.3001,14214.4837,-0.7049,-2.3789,1.081,293400.0,637582.0,74.673,135.8091,79.1807,56.6285,9.1603,4.0115,6.1537,100.0
BHR,Bahrain,2001,8976196808.5106,2.4909,13573.234,-1.2076,14.5456,1.118,307924.0,661316.0,74.942,127.0263,73.6108,53.4155,2.517,0.8952,15.0386,100.0
BHR,Bahrain,2002,9593510638.2979,3.3486,13501.4709,-0.4955,4.8274,1.137,335569.0,710553.0,75.209,131.1336,72.5086,58.6251,-0.5173,2.2618,18.0507,100.0
BHR,Bahrain,2003,11074813829.7872,6.2964,14486.0269,1.5936,-0.283,1.126,366810.0,764517.0,75.486,128.0916,72.0631,56.0285,1.8099,4.6655,21.5549,100.0
BHR,Bahrain,2004,13150159574.4681,6.981,15963.9493,2.3529,-2.7811,1.064,401712.0,823741.0,75.787,140.7373,78.6051,62.1322,3.5861,6.5802,21.4587,100.0
BHR,Bahrain,2005,15968723404.2553,6.769,17966.1658,2.5862,-5.199,1.021,445275.0,888822.0,76.125,148.3135,83.894,64.4195,9.2318,6.5666,21.3037,100.0
BHR,Bahrain,2006,18504760638.2979,6.467,19267.2826,2.0075,-0.7967,1.021,494758.0,960424.0,76.51,147.1042,84.6389,62.4652,11.821,15.7509,28.244,100.0
BHR,Bahrain,2007,21730000000.0,8.294,20908.4043,3.2567,-0.1561,1.006,551013.0,1039295.0,76.952,137.7851,79.6795,58.1055,13.3759,8.0824,32.91,100.0
BHR,Bahrain,2008,25710904255.3191,6.245,23299.4993,3.526,-2.821,1.015,602188.0,1103496.0,77.457,145.8825,82.5773,63.3052,8.7779,6.9776,51.95,100.0
BHR,Bahrain,2009,22938218085.1064,2.5399,19465.3141,2.7955,24.062,1.07,661715.0,1178415.0,78.016,117.9637,68.4656,49.4981,2.4412,1.1211,53.0,100.0
BHR,Bahrain,2010,26805984042.5532,4.3343,21819.3291,1.9619,-4.2492,1.13,701770.0,1228543.0,78.593,115.5615,66.7027,48.8588,2.8728,0.5811,55.0,100.0
BHR,Bahrain,2011,29914680851.0638,1.9282,25032.7868,-0.4,-2.4616,1.21,677360.0,1195020.0,79.141,167.5296,95.6363,71.8933,10.8553,2.6103,77.0,100.0
BHR,Bahrain,2012,31963404255.3191,3.803,26438.6733,2.7574,3.0127,1.2,693460.0,1208964.0,79.622,178.824,98.2656,80.5584,8.0654,4.8327,88.0,100.0
BHR,Bahrain,2013,33823324468.0851,5.2926,26989.7601,3.3,5.4081,1.184,719472.0,1253191.0,79.998,184.5895,100.8267,83.7629,7.1244,11.0211,90.0,100.0
BHR,Bahrain,2014,34772526595.7447,4.3089,26451.7966,2.6476,7.4156,1.144,745356.0,1314562.0,80.214,168.5759,92.2255,76.3503,4.3806,4.3673,90.5031,100.0
BHR,Bahrain,2015,32523297872.3404,2.5079,23734.0551,1.8486,15.2532,1.164,777303.0,1370322.0,80.338,147.9161,79.3441,68.572,-2.3125,0.1995,93.4783,100.0
BHR,Bahrain,2016,33884680851.0638,3.815,23800.0014,2.7868,,1.19,818900.0,1423726.0,80.407,132.823,70.5883,62.2347,-4.4056,0.7182,98.0,100.0
BHR,Bahrain,2017,37204813829.7872,4.9538,24784.7694,1.3867,,1.18,871711.0,1501116.0,80.407,136.4292,72.2539,64.1754,-4.3005,3.833,95.8781,100.0
BHR,Bahrain,2018,39567978723.4043,2.0526,26324.4067,2.0877,,1.188,868320.0,1503091.0,80.412,144.0754,75.7154,68.36,-6.1529,4.1808,98.6447,100.0
BHR,Bahrain,2019,40446808510.6383,2.0529,27259.7439,1.0058,,1.217,846623.0,1483756.0,80.471,135.4175,73.0944,62.3231,-1.9641,2.3284,99.7015,100.0
BHR,Bahrain,2020,35837632978.7234,-5.9114,24342.8445,-2.3177,,1.765,816393.0,1472204.0,78.683,135.461,70.4544,65.0065,-9.0538,2.8497,99.671,100.0
BHR,Bahrain,2021,40840212765.9574,4.35,27147.8084,-0.6063,,1.548,837039.0,1504365.0,78.083,153.7993,86.2742,67.5251,6.3721,4.3566,100.0,100.0
BHR,Bahrain,2022,46458191489.3617,6.1802,30470.5219,3.6257,,1.265,867174.0,1524693.0,80.992,167.1412,95.9614,71.1799,14.7198,4.2002,100.0,100.0
BHR,Bahrain,2023,46192260638.2979,3.8781,29290.1284,0.0746,,1.049,903224.0,1577059.0,81.284,157.4479,87.3511,70.0967,5.844,15.6429,100.0,100.0
BHR,Bahrain,2024,47210732712.766,2.8971,29717.1425,0.9196,,1.084,911274.0,1588670.0,81.423,157.4809,87.4874,69.9934,4.8335,5.7247,100.0,100.0
BHR,Bahrain,2025,48965725531.9149,3.4814,30596.5795,-0.1377,,1.102,919501.0,1600366.0,,,,,,,,
BHS,"Bahamas, The",2000,8076470000.0,4.1484,24940.0775,1.6063,5.0309,7.118,173823.0,323835.0,72.481,79.6449,38.0476,41.5974,-7.8369,3.0985,8.0,100.0
BHS,"Bahamas, The",2001,8317830000.0,2.626,25371.9238,2.045,5.627,6.87,176723.0,327836.0,72.765,72.5009,34.0726,38.4283,-7.7539,1.2307,11.8,100.0
BHS,"Bahamas, The",2002,8881160000.0,2.705,26781.6196,2.1736,1.9618,9.05,179578.0,331614.0,73.023,70.278,36.1755,34.1025,-4.7665,1.7204,18.0,100.0
BHS,"Bahamas, The",2003,8870090000.0,-1.2649,26429.1248,3.025,4.7898,10.84,182667.0,335618.0,73.213,71.0635,35.8102,35.2533,-5.3383,2.1443,20.0,100.0
BHS,"Bahamas, The",2004,9055290000.0,0.8824,26650.2934,0.9819,4.7483,10.2,185918.0,339782.0,73.235,76.002,38.2152,37.7868,-3.3916,3.0214,22.0,100.0
BHS,"Bahamas, The",2005,9836200000.0,3.3961,28602.4182,1.5916,0.4623,10.2,189152.0,343894.0,73.413,81.3963,38.7599,42.6364,-7.1231,5.728,25.0,100.0
BHS,"Bahamas, The",2006,10167250000.0,2.5166,29184.7865,2.3898,4.6334,7.54,192637.0,348375.0,73.456,87.5507,38.3093,49.2414,-13.8062,6.9476,26.0,100.0
BHS,"Bahamas, The",2007,10618340000.0,1.4461,30051.849,2.4926,2.479,7.88,196607.0,353334.0,73.463,88.0128,40.092,47.9209,-12.3852,6.7181,27.0,100.0
BHS,"Bahamas, The",2008,10526000000.0,-2.3236,29392.3824,4.4896,3.9526,8.18,200608.0,358120.0,73.445,87.4292,39.4936,47.9356,-11.6101,8.1717,31.54,100.0
BHS,"Bahamas, The",2009,9981960000.0,-4.1754,27512.9131,2.0627,6.6048,14.25,204367.0,362810.0,73.455,76.521,34.1907,42.3304,-8.1044,6.6516,33.88,100.0
BHS,"Bahamas, The",2010,10095760000.0,1.5387,27473.1004,1.344,5.9158,14.435,208102.0,367478.0,73.449,78.6756,34.9533,43.7223,-8.0632,8.637,43.0,100.0
BHS,"Bahamas, The",2011,10070450000.0,0.6132,27090.8377,3.1988,5.9724,14.52,211745.0,371729.0,73.571,88.3337,37.4353,50.8984,-11.9473,6.6196,65.0,100.0
BHS,"Bahamas, The",2012,10720400000.0,4.52,28552.0243,1.9734,2.847,14.02,215079.0,375469.0,73.707,84.2515,38.1273,46.1242,-14.0368,4.9081,71.7482,100.0
BHS,"Bahamas, The",2013,10475300000.0,-2.8632,27642.742,0.7224,4.1316,16.18,218257.0,378953.0,73.93,84.5484,39.8566,44.6918,-14.2614,3.6491,72.0,100.0
BHS,"Bahamas, The",2014,11139100000.0,1.847,29137.2176,1.5138,0.3272,13.8,221339.0,382298.0,74.029,80.537,37.363,43.174,-16.9249,2.2558,76.92,100.0
BHS,"Bahamas, The",2015,11837600000.0,0.9974,30719.4054,1.8615,-0.4478,12.0,224301.0,385346.0,73.805,69.678,35.8316,33.8464,-10.1639,0.6427,78.0,100.0
BHS,"Bahamas, The",2016,11880900000.0,-1.1565,30616.5363,-0.3464,3.1612,12.7,227165.0,388055.0,74.042,67.2129,32.8519,34.361,-5.9826,3.2859,80.0,100.0
BHS,"Bahamas, The",2017,12446900000.0,3.3714,31875.4882,1.5182,2.8643,9.8,230010.0,390485.0,74.031,68.3343,31.726,36.6083,-12.6509,2.4471,80.6,100.0
BHS,"Bahamas, The",2018,12819200000.0,2.398,32642.3353,2.2659,3.6496,10.0,232799.0,392717.0,74.062,72.1543,35.2518,36.9025,-8.7,3.8333,83.0,100.0
BHS,"Bahamas, The",2019,13277000000.0,-0.8386,33640.337,2.4912,-0.1887,9.336,235355.0,394675.0,71.408,68.7866,34.9808,33.8058,-2.6021,3.6321,90.6933,100.0
BHS,"Bahamas, The",2020,10363200000.0,-20.0894,26178.7538,0.0385,6.73,12.016,216992.0,395863.0,72.994,53.4208,23.2737,30.1471,-22.0444,4.1937,92.4437,100.0
BHS,"Bahamas, The",2021,12037000000.0,17.5861,30367.8606,2.9049,5.5377,11.078,223263.0,396373.0,70.752,65.9325,27.9713,37.9613,-20.2209,3.1824,92.3498,100.0
BHS,"Bahamas, The",2022,13896800000.0,10.8779,34957.1613,5.6054,0.1208,9.25,239500.0,397538.0,74.491,75.983,37.1589,38.824,-8.8696,3.8204,92.256,100.0
BHS,"Bahamas, The",2023,15271300000.0,3.0482,38231.7745,3.0529,-2.2413,8.645,241834.0,399440.0,74.552,76.5495,37.8115,38.738,-7.0007,2.1115,92.3873,100.0
BHS,"Bahamas, The",2024,15832800000.0,3.3787,39455.4467,0.4092,3.9502,9.049,243754.0,401283.0,74.71,79.2425,37.7836,41.4589,-6.6486,1.5193,92.4727,100.0
BHS,"Bahamas, The",2025,,,,,,9.207,245159.0,403033.0,,,,,,,,
BIH,Bosnia and Herzegovina,2000,5567772768.8119,5.4143,1338.4806,,,25.446,1760409.0,4159771.0,75.292,85.3577,21.8838,63.4739,-7.1068,2.6236,1.083,99.0
BIH,Bosnia and Herzegovina,2001,5800615374.7609,2.4233,1387.8936,,,26.485,1779186.0,4179438.0,75.573,86.0357,22.0687,63.967,-12.8061,2.0428,1.2005,99.4
BIH,Bosnia and Herzegovina,2002,6728220982.884,5.0274,1606.5467,,7.3213,27.477,1792171.0,4188002.0,75.994,78.7275,19.126,59.6015,-17.6965,3.9798,2.6483,98.5
BIH,Bosnia and Herzegovina,2003,8498894359.3863,3.8671,2033.947,,9.3275,28.424,1792383.0,4178523.0,76.449,80.5695,20.588,59.9815,-19.1913,4.4922,3.965,99.0
BIH,Bosnia and Herzegovina,2004,10156541220.9704,6.3253,2452.6861,,7.9479,29.279,1779371.0,4140987.0,76.489,81.8127,22.5362,59.2764,-16.1406,8.7589,15.469,99.1
BIH,Bosnia and Herzegovina,2005,11222796336.5426,3.8972,2739.6108,,3.224,30.218,1760240.0,4096493.0,76.424,84.3555,24.3164,60.039,-16.4344,5.5584,21.3267,99.1
BIH,Bosnia and Herzegovina,2006,12864841905.9543,5.414,3166.1287,6.1256,0.1986,31.11,1749717.0,4063272.0,76.028,79.8299,26.2583,53.5716,-7.7584,6.5758,25.1224,99.4
BIH,Bosnia and Herzegovina,2007,15778734264.3787,5.8591,3931.4895,1.5008,0.9199,28.984,1732512.0,4013424.0,76.162,83.5519,27.1016,56.4503,-9.1904,11.6738,27.92,99.7
BIH,Bosnia and Herzegovina,2008,19112796623.1175,5.4418,4841.6931,7.427,-0.3345,23.405,1707270.0,3947544.0,76.3,86.1629,26.8481,59.3148,-13.8328,5.2575,34.66,99.3
BIH,Bosnia and Herzegovina,2009,17613949091.2294,-3.0045,4539.9186,-0.3815,7.7327,24.068,1678662.0,3879794.0,76.701,73.7475,25.0094,48.7381,-6.4452,0.7864,37.74,99.4
BIH,Bosnia and Herzegovina,2010,17176315803.7298,0.8657,4506.4783,1.9962,6.3921,27.312,1646045.0,3811472.0,76.827,80.9682,29.6955,51.2727,-6.0005,2.584,42.75,99.5
BIH,Bosnia and Herzegovina,2011,18644233537.1093,0.9595,4982.6938,3.6713,4.8804,27.582,1611361.0,3741798.0,76.963,87.8363,32.036,55.8004,-9.4792,2.5295,43.8877,99.7
BIH,Bosnia and Herzegovina,2012,17226735995.6905,-0.8218,4693.789,2.0527,6.4816,28.01,1578701.0,3670113.0,77.037,88.1451,32.3505,55.7946,-8.626,2.2754,45.0645,99.7
BIH,Bosnia and Herzegovina,2013,18179109209.3892,2.3499,5034.5663,-0.093,7.2765,27.49,1549763.0,3610859.0,77.129,87.9312,33.743,54.1882,-5.3259,1.7234,48.5213,99.5
BIH,Bosnia and Herzegovina,2014,18558734107.1478,1.1538,5206.0657,-0.8972,5.5853,27.517,1526206.0,3564829.0,77.089,90.5523,33.9891,56.5632,-7.3509,2.9359,49.9177,99.9
BIH,Bosnia and Herzegovina,2015,16404348361.0926,4.2841,4662.2587,-1.036,4.3329,27.695,1503962.0,3518541.0,77.073,88.292,35.1149,53.1771,-5.0354,2.3353,52.6,99.7
BIH,Bosnia and Herzegovina,2016,17116926553.8513,3.2423,4928.5666,-1.584,3.8535,25.408,1480171.0,3473003.0,77.124,88.244,35.9087,52.3353,-4.6987,1.8298,60.2565,100.0
BIH,Bosnia and Herzegovina,2017,18326373135.6099,3.2441,5345.0198,0.81,2.5554,20.527,1457512.0,3428682.0,77.385,96.6459,40.3244,56.3215,-4.7788,2.7798,64.892,100.0
BIH,Bosnia and Herzegovina,2018,20484058033.1144,3.829,6047.8471,1.4171,0.973,18.4,1434054.0,3387000.0,77.942,98.4321,41.9846,56.4475,-3.2306,2.9378,70.1201,100.0
BIH,Bosnia and Herzegovina,2019,20482608984.3316,2.8859,6122.3754,0.5628,0.7946,15.692,1409096.0,3345533.0,77.394,94.5161,40.0401,54.4761,-2.5969,2.1866,69.9463,100.0
BIH,Bosnia and Herzegovina,2020,20226038369.9191,-3.0151,6130.3119,-1.0513,3.0079,15.868,1353715.0,3299349.0,76.04,82.5216,34.5919,47.9298,-2.8395,2.3894,73.2118,100.0
BIH,Bosnia and Herzegovina,2021,23672712121.2671,7.3916,7295.3438,1.9816,-1.6784,14.897,1339593.0,3244907.0,74.567,96.7391,42.8226,53.9165,-1.4726,3.2423,75.6762,100.0
BIH,Bosnia and Herzegovina,2022,24534663636.1778,4.2268,7655.5942,14.0208,-7.5558,12.657,1355798.0,3204802.0,76.777,110.2053,48.3071,61.8982,-4.3907,3.7883,78.8455,100.0
BIH,Bosnia and Herzegovina,2023,27592361498.4057,1.9944,8663.0233,6.1059,-2.9636,10.668,1366194.0,3185073.0,77.85,99.633,43.9317,55.7013,-2.1352,4.092,83.3772,100.0
BIH,Bosnia and Herzegovina,2024,29737363103.0492,3.2268,9397.9094,,0.134,10.69,1354967.0,3164253.0,78.044,94.7602,40.7027,54.0575,-3.456,3.3761,86.1009,100.0
BIH,Bosnia and Herzegovina,2025,32599982936.3931,2.1286,10381.8461,,1.1733,11.037,1340707.0,3140095.0,,95.1216,41.0015,54.12,-3.1374,2.1981,,
BLR,Belarus,2000,12736856827.9847,5.8,1276.288,168.6202,-41.2295,12.193,4815953.0,9979610.0,68.9122,141.6092,69.2108,72.3983,-3.6045,0.9327,1.8604,89.0
BLR,Belarus,2001,12354820143.8849,4.7253,1244.3732,61.1349,-18.1402,11.561,4871194.0,9928549.0,68.5073,137.0449,66.7476,70.2973,-4.2801,0.7754,4.3006,89.5
BLR,Belarus,2002,14594900944.7658,5.0453,1479.3807,42.5375,-5.5285,10.874,4907156.0,9865548.0,68.0561,131.0021,63.6275,67.3745,-2.2316,1.6931,8.951,90.0
BLR,Belarus,2003,17825444724.4878,7.0432,1819.5265,28.3978,-5.1347,10.191,4931485.0,9796749.0,68.5537,134.1419,65.1564,68.9855,-2.5587,0.9638,,90.5
BLR,Belarus,2004,23141566292.9462,11.4497,2378.337,18.1082,-4.7009,9.463,4948132.0,9730146.0,68.9561,142.1365,67.8863,74.2502,-5.1505,0.7078,,91.0
BLR,Belarus,2005,30210091836.8294,9.4,3126.0718,10.3389,-6.3997,8.759,4959928.0,9663915.0,68.8512,118.8844,59.7978,59.0865,1.518,1.0149,,91.5
BLR,Belarus,2006,36961894281.3444,10.0,3848.2235,6.9971,-1.7219,8.066,4973237.0,9604924.0,69.4049,124.2951,60.0613,64.2338,-3.7549,0.9661,16.2,92.1
BLR,Belarus,2007,45275711995.825,8.6,4735.4811,8.4268,-3.8076,7.41,4990775.0,9560953.0,70.2073,128.1539,60.9431,67.2108,-6.6537,3.9918,19.7,92.6
BLR,Belarus,2008,60752106347.126,10.2,6376.1757,14.8379,-10.4473,6.728,5018075.0,9527985.0,70.4561,129.5995,60.9378,68.6617,-8.162,3.6014,23.0,93.2
BLR,Belarus,2009,50873167326.0414,0.2,5352.4881,12.9457,2.2116,6.1,5048840.0,9504583.0,70.4073,108.6356,48.8765,59.7592,-12.0547,3.6886,27.43,93.8
BLR,Belarus,2010,57231904542.8755,7.75,6034.6789,7.7357,-1.9073,6.052,5073617.0,9483836.0,70.4049,115.918,51.3729,64.5451,-14.4678,2.4347,31.8,94.4
BLR,Belarus,2011,61762382327.9319,5.55,6527.6593,53.2287,-33.489,6.024,5090448.0,9461643.0,70.5537,157.9743,78.4654,79.5089,-8.1805,6.4803,39.6489,95.0
BLR,Belarus,2012,65685890438.8922,1.7079,6953.2159,59.2197,-31.8132,5.962,5096141.0,9446836.0,71.9659,153.0853,78.7769,74.3084,-2.835,2.2282,46.91,95.6
BLR,Belarus,2013,75527558966.4473,0.9987,7998.0802,18.3123,-1.7562,5.942,5097773.0,9443211.0,72.4707,119.816,58.3336,61.4824,-10.0193,2.9739,54.17,96.2
BLR,Belarus,2014,78813069120.9984,1.6511,8341.3181,18.1196,0.4646,5.908,5098253.0,9448515.0,72.9707,110.6514,54.941,55.7104,-6.633,2.3626,59.0163,96.8
BLR,Belarus,2015,56454769844.7632,-3.8296,5967.056,13.5345,1.7762,5.881,5097379.0,9461076.0,73.6244,115.9148,58.0108,57.9041,-3.2435,2.9268,62.2304,97.4
BLR,Belarus,2016,47723545321.259,-2.5264,5039.7756,11.8366,5.5916,5.844,5092675.0,9469379.0,73.8268,125.2093,62.5093,62.7,-3.3774,2.6128,71.113,98.0
BLR,Belarus,2017,54725405751.1559,2.5322,5785.5449,6.0318,0.9534,5.648,5079681.0,9458989.0,74.1293,133.3678,66.7896,66.5782,-1.7403,2.3322,74.4364,98.7
BLR,Belarus,2018,60031026576.26,3.1492,6360.0375,4.8723,-3.0706,4.763,5054114.0,9438785.0,74.1756,139.3937,70.455,68.9387,0.0381,2.3763,79.1299,99.3
BLR,Belarus,2019,64410170653.4569,1.4465,6837.7734,5.5982,0.4111,4.165,5025008.0,9419758.0,74.2268,130.8504,65.0946,65.7558,-1.9342,1.9769,82.7892,100.0
BLR,Belarus,2020,61371673344.7424,-0.6727,6542.8558,5.5481,-2.5429,4.049,4982156.0,9379952.0,72.1386,118.9342,61.0121,57.9221,-0.2907,2.2701,85.0879,100.0
BLR,Belarus,2021,69673747131.87,2.4389,7489.7189,9.4603,-4.5168,3.9,4938726.0,9302585.0,72.0715,136.0142,70.8318,65.1824,3.335,1.7664,86.8884,100.0
BLR,Belarus,2022,73775179924.603,-4.6584,7994.6481,15.2097,-1.888,3.574,4907541.0,9228071.0,74.1034,120.0242,63.0512,56.973,3.8125,2.1775,89.5073,100.0
BLR,Belarus,2023,72478760370.4258,4.1265,7896.7539,5.0006,1.7729,3.461,4861854.0,9178298.0,74.1838,131.5847,66.0267,65.5579,-1.0366,2.7485,91.5125,100.0
BLR,Belarus,2024,78591839299.7087,4.35,8605.6095,5.7853,-1.9392,3.458,4835456.0,9132629.0,74.3653,128.2428,63.1561,65.0867,-2.0722,2.2095,94.2618,100.0
BLR,Belarus,2025,93397215864.198,1.3,10279.2547,6.5988,0.0262,3.38,4795335.0,9085991.0,,112.1076,55.0806,57.027,-1.9442,1.7148,,
BLZ,Belize,2000,1138138100.0,12.2406,4726.5068,3.0674,14.3687,10.841,86164.0,240799.0,68.911,96.6018,42.8704,53.7314,-14.1961,2.5976,5.9638,79.0
BLZ,Belize,2001,1172045150.0,4.9936,4718.7772,3.6514,17.7126,9.07,89869.0,248379.0,68.944,93.1624,41.8864,51.276,-16.2421,5.2195,,80.2
BLZ,Belize,2002,1243912050.0,5.3991,4858.8606,4.2403,14.0414,10.04,93582.0,256009.0,69.528,93.0795,43.6216,49.4578,-13.2906,2.0469,5.6843,81.0
BLZ,Belize,2003,1308280250.0,9.6652,4959.7401,2.3181,19.2271,10.342,97414.0,263780.0,69.819,94.3631,44.5691,49.7941,-14.0862,-0.835,,81.8
BLZ,Belize,2004,1400202000.0,4.7807,5153.7131,6.3944,11.5511,10.586,101380.0,271688.0,70.152,86.3854,42.2851,44.1002,-11.0644,7.9629,9.8,82.6
BLZ,Belize,2005,1474298400.0,2.2192,5270.4148,-1.1043,10.9208,10.91,105467.0,279731.0,70.335,92.9971,45.7293,47.2678,-10.2572,8.6081,17.0,83.5
BLZ,Belize,2006,1590463100.0,4.5115,5524.7817,-7.1138,10.6437,9.39,109679.0,287878.0,70.535,98.8811,51.8024,47.0787,-1.596,6.8426,24.0,91.0
BLZ,Belize,2007,1706190450.0,3.3394,5762.2102,2.3181,10.1374,8.51,114014.0,296100.0,70.652,95.9556,50.58,45.3755,-3.053,8.2273,24.6,85.2
BLZ,Belize,2008,1738453600.0,-1.6275,5711.8146,6.3944,10.1994,8.18,118461.0,304361.0,70.665,105.4619,53.8397,51.6222,-8.3337,9.7597,26.3,86.1
BLZ,Belize,2009,1688012750.0,-0.4467,5399.671,-1.1043,16.9658,8.323,123041.0,312614.0,70.806,89.5809,45.4443,44.1366,-4.9075,6.4478,27.2,86.9
BLZ,Belize,2010,1748988400.0,1.4174,5461.4074,0.918,11.4709,8.412,127831.0,320245.0,70.875,94.8582,50.6252,44.2329,-2.615,5.5146,28.2,89.9
BLZ,Belize,2011,1831576700.0,-0.1301,5596.0522,1.6021,8.1108,8.424,132775.0,327298.0,70.975,106.915,56.722,50.1929,-1.0892,5.2058,30.7,91.7
BLZ,Belize,2012,1917083500.0,3.9439,5732.6652,1.3006,11.6624,8.378,137751.0,334414.0,71.134,111.1667,59.3265,51.8402,-1.7273,10.13,31.0,90.9
BLZ,Belize,2013,2035191450.0,4.0665,5957.3495,0.5097,9.3681,8.349,142809.0,341627.0,71.276,108.6726,56.0239,52.6488,-3.5666,4.5326,33.6,91.1
BLZ,Belize,2014,2138242200.0,3.8923,6128.1205,1.2014,9.5864,8.244,149447.0,348923.0,71.437,107.1125,55.4923,51.6203,-6.3539,6.5987,38.7,91.5
BLZ,Belize,2015,2193095150.0,2.7603,6154.6226,-0.8616,10.5299,7.578,155137.0,356333.0,71.647,104.071,51.5668,52.5042,-7.9675,2.6957,41.59,91.8
BLZ,Belize,2016,2239604950.0,-0.0187,6140.8671,0.6634,7.5397,7.0,161442.0,364705.0,71.843,96.4998,47.3073,49.1926,-7.2984,1.4616,44.5757,93.3
BLZ,Belize,2017,2266028250.0,-1.8332,6071.8545,1.1477,6.2028,6.596,166282.0,373202.0,72.062,97.7073,49.8096,47.8977,-6.9741,1.4047,48.8771,94.2
BLZ,Belize,2018,2285915050.0,0.8221,6011.9904,0.27,9.0549,9.346,179388.0,380226.0,72.322,100.9892,51.7351,49.2541,-6.5967,5.3389,53.5936,91.7
BLZ,Belize,2019,2381187850.0,4.2566,6171.6145,0.1871,9.1596,9.053,189886.0,385829.0,72.577,102.4419,52.0189,50.4229,-7.7544,3.9438,58.7652,92.7
BLZ,Belize,2020,2047284600.0,-13.5229,5238.5408,0.1214,9.3661,10.763,151949.0,390812.0,71.58,81.6431,37.6373,44.0058,-6.2483,3.7221,64.4359,96.8
BLZ,Belize,2021,2428606250.0,17.9899,6142.9893,3.2356,7.8571,10.302,171060.0,395346.0,70.917,98.9824,47.5815,51.401,-6.5004,5.1674,70.6537,97.7
BLZ,Belize,2022,2846604350.0,9.2505,7068.2173,6.2769,1.1526,8.682,170023.0,402733.0,72.19,107.8403,52.5788,55.2615,-8.2753,4.95,69.9833,98.6
BLZ,Belize,2023,3052362650.0,0.5001,7424.7582,4.3898,1.6335,8.278,172940.0,411106.0,73.566,106.4005,54.9308,51.4697,-0.647,0.5533,70.1872,99.6
BLZ,Belize,2024,3203631800.0,3.5047,7681.244,3.2896,6.9184,8.698,174087.0,417072.0,73.739,108.9724,55.2234,53.7491,-1.6156,4.0105,80.0058,99.6
BLZ,Belize,2025,3326500000.0,2.7483,7865.4794,1.0628,7.3428,8.856,184286.0,422924.0,,,,,-2.7739,0.0072,,
BMU,Bermuda,2000,3480219000.0,9.3172,56542.9569,,,,,61550.0,78.251,,,,,1.9223,42.9499,100.0
BMU,Bermuda,2001,3680483000.0,7.2224,59490.2452,,,,,61867.0,78.637,,,,,1.1357,47.5097,100.0
BMU,Bermuda,2002,3937228000.0,-1.4778,63358.5659,,,,,62142.0,78.841,,,,,0.1372,52.0316,100.0
BMU,Bermuda,2003,4186525000.0,3.4107,67106.8028,,,,,62386.0,78.715,,,,,0.3081,56.522,100.0
BMU,Bermuda,2004,4484703000.0,2.3213,71692.1589,,,,,62555.0,78.898,,,,,18.543,60.9909,100.0
BMU,Bermuda,2005,4868136000.0,1.6742,77628.1035,,,,,62711.0,78.874,,,,,0.8977,65.4471,100.0
BMU,Bermuda,2006,6144000000.0,5.5439,97781.4559,,,,,62834.0,78.87,,,,20.384,-1.4351,69.8997,100.0
BMU,Bermuda,2007,6767000000.0,3.3451,107395.6515,,,,,63010.0,79.006,,,,17.9705,9.12,74.3506,100.0
BMU,Bermuda,2008,6980000000.0,-1.866,110268.5624,,,,,63300.0,79.101,,,,12.9906,2.4574,82.3,100.0
BMU,Bermuda,2009,6656000000.0,-5.6267,104711.7124,,,,,63565.0,79.229,,,,8.7344,-1.0629,83.25,100.0
BMU,Bermuda,2010,6634526000.0,-2.5029,104111.8242,,,,,63725.0,79.414,74.5951,50.795,23.8001,10.49,3.3568,84.21,100.0
BMU,Bermuda,2011,6312691000.0,-3.7427,99049.017,,,,,63733.0,79.651,76.2704,52.5392,23.7312,13.7437,-4.0849,88.336,100.0
BMU,Bermuda,2012,6378188000.0,-5.3053,100213.4934,,,,,63646.0,79.847,73.7823,50.5125,23.2698,14.5337,0.7465,91.2993,100.0
BMU,Bermuda,2013,6465756000.0,-0.2797,101704.4075,,,,,63574.0,80.016,76.2701,51.6132,24.6569,13.0016,0.8492,95.3,100.0
BMU,Bermuda,2014,6413988000.0,-3.7011,100961.5766,,,,,63529.0,80.199,76.5167,51.1612,25.3555,12.7468,-0.0534,96.8,100.0
BMU,Bermuda,2015,6654541000.0,0.7755,104855.3668,,,,,63464.0,80.338,73.2955,49.9708,23.3247,14.1692,-2.1503,98.3236,100.0
BMU,Bermuda,2016,6899911000.0,-0.6572,108747.3561,,,,,63449.0,80.476,72.7499,49.3301,23.4199,12.2608,-1.0611,98.0,100.0
BMU,Bermuda,2017,7142316000.0,3.6114,112339.4256,,,,,63578.0,80.686,72.3924,48.5381,23.8543,13.1638,-4.0338,98.37,100.0
BMU,Bermuda,2018,7225977000.0,-0.4328,113204.8221,,,,,63831.0,80.986,77.5553,51.4792,26.0761,12.3021,1.3205,,100.0
BMU,Bermuda,2019,7423465000.0,0.3071,115798.0408,,,,,64107.0,81.251,77.5601,51.7434,25.8167,11.298,0.0591,,100.0
BMU,Bermuda,2020,6887364000.0,-6.9716,106976.5462,,,,,64382.0,81.456,70.5898,47.1347,23.4552,12.3973,6.9187,,100.0
BMU,Bermuda,2021,7290037000.0,4.765,112765.0817,,,,,64648.0,81.745,72.9271,47.9001,25.027,13.1996,0.6814,,100.0
BMU,Bermuda,2022,7767884000.0,6.257,119969.1733,,,,,64749.0,82.062,77.9771,50.9884,26.9886,14.6088,0.0759,,100.0
BMU,Bermuda,2023,8602360000.0,4.3345,132961.7608,,,,,64698.0,82.309,77.6465,52.7606,24.886,15.3481,1.7531,,100.0
BMU,Bermuda,2024,9194499000.0,1.8882,142250.4332,,,,,64636.0,82.49,80.2061,55.1466,25.0595,,1.2816,,100.0
BMU,Bermuda,2025,,,,,,,,64555.0,,,,,,,,
BOL,Bolivia,2000,8397855484.7691,2.5078,975.7771,4.6082,27.9484,2.439,3741182.0,8606326.0,62.057,45.5978,18.2747,27.323,-5.315,8.7683,1.4428,70.0
BOL,Bolivia,2001,8141516928.3949,1.6838,930.1682,1.5897,17.8531,2.623,3814211.0,8752736.0,62.538,45.2278,19.9721,25.2557,-3.3656,8.6686,2.1205,69.3
BOL,Bolivia,2002,7905485146.4435,2.4856,888.2213,0.9283,17.3231,2.603,3888572.0,8900355.0,63.068,49.3503,21.6345,27.7158,-4.4518,8.5579,3.1172,64.0
BOL,Bolivia,2003,8082399639.543,2.7113,893.0138,3.3373,10.6586,2.654,3965089.0,9050700.0,63.455,51.9678,25.6007,26.3671,0.9353,2.4423,3.5086,72.3
BOL,Bolivia,2004,8773451751.5121,4.1733,953.1919,4.4374,6.0223,2.615,4045470.0,9204287.0,63.819,57.4643,31.1384,26.3259,3.8468,0.7458,4.4399,75.9
BOL,Bolivia,2005,9549122905.3285,4.4214,1020.1233,5.3932,10.0757,2.598,4128982.0,9360754.0,64.182,67.6419,35.5481,32.0938,6.5183,-2.4989,5.2276,68.3
BOL,Bolivia,2006,11451844902.2214,4.797,1202.7115,4.2824,-1.5593,2.575,4215393.0,9521689.0,64.529,74.5378,41.7717,32.7661,11.5045,2.4517,6.2007,76.2
BOL,Bolivia,2007,13120108008.3477,4.5644,1354.5491,8.7056,5.1106,2.614,4303228.0,9685960.0,64.939,76.0619,41.7957,34.2663,12.1283,2.7919,10.4992,80.2
BOL,Bolivia,2008,16674276285.8956,6.1485,1692.6725,14.0068,3.1637,2.603,4391217.0,9850858.0,65.299,82.867,44.9066,37.9605,11.9507,3.0726,12.5,84.7
BOL,Bolivia,2009,17339992193.7322,3.357,1731.1817,3.3465,15.146,2.973,4479358.0,10016275.0,65.656,68.6271,35.7226,32.9044,4.6917,2.4397,16.8,86.8
BOL,Bolivia,2010,19649723722.1034,4.1267,1929.7837,2.5033,1.041,2.609,4567789.0,10182345.0,66.003,75.5116,41.1875,34.3242,4.4466,3.1654,22.4,88.0
BOL,Bolivia,2011,23963164696.592,5.2041,2315.5212,9.8845,-3.2172,2.255,4656895.0,10348929.0,66.282,82.4804,44.0917,38.3887,2.2418,3.5844,30.0,88.3
BOL,Bolivia,2012,27084497481.9103,5.1223,2575.5986,4.5156,3.7672,2.066,4745827.0,10515807.0,66.586,84.9488,47.1662,37.7826,7.2737,3.9136,35.34,90.4
BOL,Bolivia,2013,30659338885.6729,6.796,2870.0238,5.7364,4.77,2.437,4834468.0,10682608.0,66.777,81.2309,44.0925,37.1384,3.4377,5.7066,36.99,89.5
BOL,Bolivia,2014,32996188017.3661,5.4606,3041.435,5.7666,7.4912,2.021,4923587.0,10848888.0,66.97,85.2645,43.2931,41.9714,1.716,1.9898,34.6016,90.0
BOL,Bolivia,2015,33000198248.9146,4.8572,2996.0129,4.0596,13.3088,3.111,5012447.0,11014705.0,67.205,67.9328,30.8683,37.0645,-5.8673,1.6807,37.4868,91.5
BOL,Bolivia,2016,33941126193.9219,4.2639,3035.8735,3.6232,9.4347,3.498,5100033.0,11180020.0,67.392,56.401,24.488,31.913,-5.6193,0.9881,39.6975,91.8
BOL,Bolivia,2017,45927439594.7902,4.1952,4048.4012,2.8228,-16.7533,3.655,5298716.0,11344587.0,67.536,45.5761,19.5389,26.0372,-4.1331,1.5513,43.8323,91.8
BOL,Bolivia,2018,48414038842.2576,2.8681,4206.8553,2.2721,5.4278,3.519,5649910.0,11508368.0,67.699,46.9262,20.3551,26.5711,-3.563,0.6245,44.2861,92.8
BOL,Bolivia,2019,49056643589.0014,1.5067,4203.1549,1.8395,8.5915,3.682,5946418.0,11671386.0,67.82,45.821,20.0474,25.7735,-2.7847,-0.4416,47.4748,95.1
BOL,Bolivia,2020,42313784081.042,-12.7195,3580.9676,0.9407,8.8715,7.903,5890135.0,11816299.0,62.906,37.5164,16.8718,20.6447,-0.0376,-2.6693,59.9401,97.2
BOL,Bolivia,2021,47877892402.3155,10.029,4010.7605,0.7374,5.0381,5.089,6426918.0,11937360.0,61.427,47.6671,23.5525,24.1146,3.3242,1.2189,65.9774,98.6
BOL,Bolivia,2022,50959081953.6903,3.7474,4219.4611,1.7463,5.0433,3.552,6569575.0,12077154.0,67.434,57.5249,27.794,29.7309,2.2651,0.0122,72.6227,99.9
BOL,Bolivia,2023,52340206946.4544,2.5164,4274.7082,2.5769,8.4808,3.024,6704214.0,12244159.0,68.581,49.6083,22.4028,27.2055,-2.2378,0.4588,77.3004,99.8
BOL,Bolivia,2024,54881327452.9667,-1.1234,4421.1661,5.0998,2.6008,3.274,6827098.0,12413315.0,68.739,46.9779,21.4351,25.5428,-2.3778,0.6521,79.7047,96.6
BOL,Bolivia,2025,64768947525.3256,-1.5824,5147.8108,19.5171,-8.1115,2.967,6980187.0,12581843.0,,,,,-1.8799,0.9578,,
BRA,Brazil,2000,655448231983.527,4.3879,3766.5481,7.0441,48.5047,10.889,80295093.0,174018282.0,69.584,22.6398,10.188,12.4517,-4.0477,5.0339,2.8707,94.4
BRA,Brazil,2001,559983634798.981,1.3899,3176.2894,6.8404,45.6378,10.649,82302317.0,176301203.0,69.98,26.9363,12.3717,14.5646,-4.4448,4.1476,4.5285,96.0
BRA,Brazil,2002,509795273806.715,3.0535,2855.9402,8.4502,48.3404,10.641,85201661.0,178503484.0,70.396,27.6184,14.2306,13.3878,-1.8453,3.2536,9.1494,96.7
BRA,Brazil,2003,558233745651.874,1.1408,3090.607,14.7149,46.4474,11.168,86792831.0,180622688.0,70.884,28.1404,15.1808,12.9596,0.3929,1.8134,13.2076,97.0
BRA,Brazil,2004,669289424806.307,5.76,3663.8232,6.5972,43.7792,10.072,89058034.0,182675143.0,71.361,29.6783,16.5458,13.1325,1.3386,2.7135,19.0737,96.8
BRA,Brazil,2005,891633839894.183,3.2021,4827.7817,6.8695,44.6352,10.551,91599988.0,184688101.0,71.832,27.0868,15.2438,11.843,1.3099,1.7339,21.0227,97.1
BRA,Brazil,2006,1107626541434.92,3.962,5934.1447,4.1836,41.2403,9.692,92726865.0,186653106.0,72.296,26.0417,14.3743,11.6674,0.9727,1.7531,28.1784,97.6
BRA,Brazil,2007,1397114486368.67,6.0699,7409.6913,3.6413,35.0225,9.28,93712199.0,188552320.0,72.73,25.2926,13.3277,11.9649,-0.1971,3.1908,30.88,98.1
BRA,Brazil,2008,1695855083497.52,5.0942,8908.3318,5.6786,35.3668,8.268,95054971.0,190367302.0,73.111,27.2576,13.534,13.7236,-2.0993,2.9906,33.83,98.5
BRA,Brazil,2009,1666996438581.43,-0.1258,8678.6592,4.888,34.792,9.419,96857149.0,192079951.0,73.457,22.106,10.8514,11.2546,-1.7594,1.8885,39.22,98.9
BRA,Brazil,2010,2208837745100.55,7.5282,11403.2821,5.0387,29.1158,8.42,96467543.0,193701929.0,73.779,22.7722,10.8656,11.9066,-3.9259,3.73,40.65,98.6
BRA,Brazil,2011,2616156223917.69,3.9744,13396.6244,6.6364,32.8335,7.578,95987652.0,195284734.0,74.047,23.9344,11.5825,12.3519,-3.1946,3.9152,45.69,99.3
BRA,Brazil,2012,2465227802806.76,1.9212,12521.7214,5.4035,26.5821,7.251,96690220.0,196876111.0,74.335,25.1143,11.8775,13.2367,-3.7594,3.755,48.56,99.5
BRA,Brazil,2013,2472819535557.21,3.0048,12458.8912,6.2043,18.4988,7.071,97945820.0,198478299.0,74.609,25.786,11.7422,14.0437,-3.5742,3.0415,51.04,99.6
BRA,Brazil,2014,2456043727198.85,0.504,12274.994,6.329,22.4037,6.755,98900006.0,200085127.0,74.823,24.6854,11.0119,13.6735,-4.4988,3.5714,54.551,99.7
BRA,Brazil,2015,1802212206814.5,-3.5458,8936.1966,9.0299,33.8323,8.538,100587656.0,201675532.0,75.106,26.9536,12.9002,14.0534,-3.5184,3.5921,58.328,99.7
BRA,Brazil,2016,1795693482853.01,-3.2759,8836.2865,8.7391,40.6984,11.58,101885554.0,203218114.0,75.081,24.5337,12.4667,12.067,-1.7001,4.1374,60.8725,99.7
BRA,Brazil,2017,2063514977365.65,1.3229,10080.5093,3.4464,41.7138,12.792,103476109.0,204703445.0,75.383,24.3197,12.519,11.8008,-1.2243,3.3383,67.4713,99.8
BRA,Brazil,2018,1916933898010.99,1.7837,9300.6616,3.6649,33.1023,12.329,104554923.0,206107261.0,75.633,28.8762,14.635,14.2412,-2.8075,4.0786,70.4343,99.7
BRA,Brazil,2019,1873288205059.69,1.2208,9029.8333,3.733,31.9031,11.936,106262669.0,207455459.0,75.809,28.8903,14.1229,14.7673,-3.4143,3.6927,73.9124,99.8
BRA,Brazil,2020,1476107231310.49,-3.2768,7074.1938,3.2118,21.1972,13.697,100001874.0,208660842.0,74.506,32.3021,16.4536,15.8485,-1.641,2.5926,81.3427,99.7
BRA,Brazil,2021,1670647398904.9,4.7626,7972.5366,8.3017,15.0109,13.158,104085430.0,209550294.0,73.038,37.6563,19.1094,18.5469,-2.3582,2.7798,80.6899,99.5
BRA,Brazil,2022,1951923942083.32,3.0167,9281.3333,9.2801,28.3961,9.231,106610573.0,210306415.0,74.872,38.8161,19.6308,19.1853,-2.1497,3.868,80.5278,100.0
BRA,Brazil,2023,2191131765684.63,3.2417,10377.5893,4.5936,36.5545,7.947,106356432.0,211140729.0,75.848,33.6662,17.9693,15.6969,-1.2314,2.8638,84.1506,99.8
BRA,Brazil,2024,2185821610689.31,3.4193,10310.5487,4.3675,34.7285,6.801,107871864.0,211998573.0,76.023,35.5845,17.9386,17.6459,-2.988,3.3896,84.4635,99.8
BRA,Brazil,2025,2279920092492.13,2.2857,10713.2857,5.0168,37.4604,5.97,108318282.0,212812405.0,,35.2915,17.8207,17.4708,-2.9263,3.407,,
BRB,Barbados,2000,3059500000.0,4.4472,11674.6736,2.4358,11.6646,9.35,141943.0,262063.0,74.58,,,,-3.3399,2.4088,3.9737,100.0
BRB,Barbados,2001,3054500000.0,-2.3655,11639.5161,2.5778,7.1663,9.85,142669.0,262425.0,74.707,,,,-3.6419,2.9957,11.9365,100.0
BRB,Barbados,2002,3106500000.0,0.7874,11760.4525,0.1252,7.5238,10.32,143924.0,264148.0,74.82,,,,-4.6611,7.3505,27.8363,100.0
BRB,Barbados,2003,3209500000.0,2.1755,12075.9587,1.6194,7.3026,11.0,145129.0,265776.0,74.865,,,,-5.864,5.7548,39.6896,100.0
BRB,Barbados,2004,3444500000.0,1.4116,12886.3665,1.3944,2.3672,9.57,147603.0,267298.0,75.15,,,,-12.6937,6.629,49.8,99.9
BRB,Barbados,2005,3819500000.0,3.9555,14214.4202,6.0822,2.3427,9.08,148476.0,268706.0,74.96,,,,-12.9793,10.2124,52.5,99.9
BRB,Barbados,2006,4217323400.0,6.0705,15619.6006,7.3077,5.9515,8.73,149367.0,270002.0,75.049,,,,-10.4894,8.1158,55.3,100.0
BRB,Barbados,2007,4675767950.0,2.0792,17235.4396,4.0342,1.9759,7.41,150206.0,271288.0,75.263,,,,-7.4292,10.1888,58.2,100.0
BRB,Barbados,2008,4790410400.0,0.6335,17565.693,8.1081,8.0804,8.12,150841.0,272714.0,75.3,,,,-9.0162,12.8407,61.4,100.0
BRB,Barbados,2009,4466809600.0,-5.0173,16294.9099,3.6439,11.2395,10.02,151202.0,274123.0,75.458,,,,-8.5307,7.9701,64.7,100.0
BRB,Barbados,2010,5428683250.0,-8.0807,19723.2382,5.8242,-17.7873,10.69,151410.0,275243.0,75.488,,,,-5.0169,7.835,65.1,100.0
BRB,Barbados,2011,5563162050.0,-0.0742,20146.2381,9.4322,5.9937,11.19,151562.0,276139.0,75.599,,,,-3.1207,8.2606,66.5,100.0
BRB,Barbados,2012,5486500500.0,-2.858,19811.2953,4.5333,7.0688,11.59,149937.0,276938.0,75.737,,,,-8.1746,9.6245,71.2,100.0
BRB,Barbados,2013,5660059700.0,0.1953,20384.491,1.8141,5.5726,11.55,152318.0,277665.0,75.816,,,,-4.4608,1.839,71.8,100.0
BRB,Barbados,2014,5684901000.0,0.8073,20423.7178,1.7695,8.7809,12.17,148747.0,278348.0,75.926,,,,-11.3557,13.2577,71.9246,100.0
BRB,Barbados,2015,5699619150.0,-0.7726,20429.4747,-1.1128,6.9466,9.803,147528.0,278990.0,76.055,,,,-1.7323,12.0802,72.0494,100.0
BRB,Barbados,2016,5679029450.0,1.4163,20311.4094,1.2819,9.9776,8.247,149786.0,279598.0,76.168,,,,-7.966,9.8168,71.573,100.0
BRB,Barbados,2017,5847381600.0,0.6547,20870.7596,4.6602,5.6261,8.62,150789.0,280171.0,76.237,,,,-5.0689,1.5645,71.1485,100.0
BRB,Barbados,2018,6001101550.0,-0.2521,21378.2201,3.106,5.0169,8.321,150452.0,280711.0,76.378,,,,,4.0259,70.7265,100.0
BRB,Barbados,2019,6166710800.0,0.2411,21929.4356,1.6766,5.4018,8.41,149274.0,281207.0,76.495,,,,,3.4925,70.3071,100.0
BRB,Barbados,2020,5403246950.0,-17.4059,19180.9915,,1.8527,10.586,145656.0,281698.0,76.647,,,,,4.8508,69.8901,100.0
BRB,Barbados,2021,5948900600.0,8.0199,21084.4014,,6.0099,11.015,144514.0,282147.0,76.58,,,,,4.0131,69.4756,100.0
BRB,Barbados,2022,6886644900.0,15.9453,24393.2193,,8.2199,7.261,151781.0,282318.0,75.676,,,,,2.9042,69.0636,100.0
BRB,Barbados,2023,7223248150.0,1.8142,25583.8722,3.1872,,6.54,151472.0,282336.0,76.178,,,,,3.1136,69.6751,100.0
BRB,Barbados,2024,7597571450.0,3.3669,26897.2002,1.4464,,6.448,151889.0,282467.0,76.332,,,,,3.9889,70.3647,100.0
BRB,Barbados,2025,8016550000.0,2.7,28364.8181,0.8466,,6.524,151620.0,282623.0,,,,,,,,
BRN,Brunei Darussalam,2000,6570999087.5674,3.4747,20130.2572,1.5582,3.0508,5.53,155602.0,326424.0,74.017,87.0553,56.9703,30.085,,8.3641,8.9963,100.0
BRN,Brunei Darussalam,2001,6096155767.3814,1.4661,18287.8272,0.5959,11.0211,5.558,160781.0,333345.0,74.209,91.0998,57.9296,33.1702,32.009,0.9956,12.9178,100.0
BRN,Brunei Darussalam,2002,6333082875.5694,3.9614,18621.2923,-2.315,5.643,5.652,165377.0,340099.0,74.365,93.2162,56.656,36.5602,27.7227,3.6265,15.3299,100.0
BRN,Brunei Darussalam,2003,7167725261.9271,3.5834,20677.9001,0.3,-0.7619,5.743,169865.0,346637.0,74.509,89.0856,58.4209,30.6647,34.6565,1.7275,19.595,100.0
BRN,Brunei Darussalam,2004,8619178773.5146,0.1045,24423.0947,0.8142,-9.4747,5.847,174224.0,352911.0,74.603,84.8822,57.7662,27.116,33.4392,1.3134,29.7156,100.0
BRN,Brunei Darussalam,2005,10547202620.5286,-0.0039,29386.2704,1.2444,-12.4508,5.973,178441.0,358916.0,74.683,81.6201,58.5718,23.0483,38.2341,1.6599,36.4664,100.0
BRN,Brunei Darussalam,2006,12644616418.691,4.0984,34674.7995,0.1599,-4.0424,6.061,182482.0,364663.0,74.753,81.571,60.1606,21.4104,41.3568,0.6947,42.1863,100.0
BRN,Brunei Darussalam,2007,13432029484.4012,-3.7636,36217.3291,0.9678,0.7671,6.187,185717.0,370873.0,74.793,81.0114,56.9641,24.0473,35.9467,1.9181,44.68,100.0
BRN,Brunei Darussalam,2008,15926456515.0049,-3.9007,42156.5686,2.085,-9.068,6.312,188400.0,377793.0,74.814,89.7454,65.9431,23.8023,43.5684,1.3951,46.0,100.0
BRN,Brunei Darussalam,2009,11912904509.8582,-1.9003,30946.4674,1.0357,34.8058,6.457,191439.0,384952.0,74.814,90.2871,59.7036,30.5835,33.3872,2.7331,49.0,100.0
BRN,Brunei Darussalam,2010,13707121038.4383,2.7414,34937.5555,0.3569,0.4952,6.487,194946.0,392332.0,74.82,95.3715,67.4083,27.9633,36.5956,3.5071,53.0,100.0
BRN,Brunei Darussalam,2011,18524791062.657,3.7444,46382.8274,0.1379,-12.2156,6.506,198704.0,399389.0,74.835,99.5379,69.5063,30.0316,34.7107,3.7311,56.0,100.0
BRN,Brunei Darussalam,2012,19048443340.7732,0.9131,46968.5971,0.1118,4.2282,6.571,202249.0,405557.0,74.843,105.6409,70.1597,35.4812,29.8383,4.5406,60.2731,100.0
BRN,Brunei Darussalam,2013,18094148098.6536,-2.1248,44003.0644,0.3892,8.5653,6.709,205548.0,411202.0,74.854,110.9396,68.0441,42.8955,20.881,4.2867,64.5,100.0
BRN,Brunei Darussalam,2014,17097797386.0336,-2.5079,41026.5084,-0.2071,7.4842,6.862,208771.0,416750.0,74.862,102.421,68.1771,34.2439,30.7092,3.3566,68.77,100.0
BRN,Brunei Darussalam,2015,12930296870.1247,-0.3924,30625.1288,-0.4883,28.0538,7.703,211934.0,422212.0,74.88,89.8962,52.213,37.6832,16.679,1.3247,71.2,100.0
BRN,Brunei Darussalam,2016,11400266044.6651,-2.4779,26663.2973,-0.2787,16.1504,8.537,215000.0,427564.0,74.905,87.3198,49.5778,37.742,12.8939,-1.3206,90.0,100.0
BRN,Brunei Darussalam,2017,12128168045.1245,1.3287,28024.3825,-1.2605,0.519,9.316,218025.0,432772.0,74.943,85.1769,49.5733,35.6036,16.3622,3.8582,94.8667,100.0
BRN,Brunei Darussalam,2018,13566908391.0895,0.0524,30988.119,1.0251,-3.4021,8.7,225919.0,437810.0,74.992,93.8981,51.9332,41.9648,6.9282,3.8049,95.0,100.0
BRN,Brunei Darussalam,2019,13469235364.7032,3.8688,30426.5731,-0.3905,9.1384,6.6,223877.0,442680.0,75.049,108.5097,57.946,50.5636,6.6356,2.7712,95.0,100.0
BRN,Brunei Darussalam,2020,12005799653.9835,1.1336,26834.3592,1.9403,18.3581,7.409,224330.0,447404.0,75.114,110.291,57.3561,52.9349,4.2789,4.7106,96.3055,100.0
BRN,Brunei Darussalam,2021,14006496617.4458,-1.5908,31006.9636,1.7334,-8.6311,4.905,227037.0,451721.0,74.869,147.1231,80.1689,66.9542,11.1385,1.474,97.6288,100.0
BRN,Brunei Darussalam,2022,16681536466.7183,-1.6283,36632.9281,3.6823,-15.0815,5.191,230003.0,455370.0,72.917,146.974,86.3894,60.5846,19.5162,-1.7395,98.9704,100.0
BRN,Brunei Darussalam,2023,15095084656.1634,1.1276,32890.5492,0.3571,21.0518,5.296,234630.0,458949.0,75.327,136.8634,76.7032,60.1602,12.876,-0.3705,98.9704,100.0
BRN,Brunei Darussalam,2024,15340808592.48,4.0525,33153.4739,-0.3887,8.5868,5.18,236334.0,462721.0,75.501,132.5874,74.2707,58.3167,14.5341,0.1894,96.2983,100.0
BRN,Brunei Darussalam,2025,15031980994.1121,0.6696,32234.6428,-0.303,10.7456,5.277,237763.0,466330.0,,123.6091,71.5713,52.0378,18.0116,0.4112,,
BTN,Bhutan,2000,460733418.3993,3.3551,771.9249,4.0121,-0.4524,1.655,256106.0,596863.0,61.842,74.0265,28.0014,46.0251,,,0.4009,31.1
BTN,Bhutan,2001,496110225.7103,7.3284,812.2382,3.4148,9.984,1.9,265537.0,610794.0,63.323,71.0946,25.2417,45.8529,,,0.8646,40.2
BTN,Bhutan,2002,559345263.7083,10.4438,895.7995,2.4554,9.7876,1.854,275468.0,624409.0,63.984,70.2833,22.9202,47.3631,,0.4336,1.6758,44.1
BTN,Bhutan,2003,651935430.3144,7.7866,1022.3824,2.5723,11.1588,1.8,285884.0,637663.0,64.662,72.8499,24.3568,48.4931,,0.517,2.4369,41.1
BTN,Bhutan,2004,735348490.4284,5.1573,1130.3593,4.1059,10.2104,2.49,296828.0,650544.0,65.29,89.0606,29.6518,59.4087,,1.2049,3.157,51.9
BTN,Bhutan,2005,860391000.2217,6.9351,1299.9494,5.3126,7.5327,3.1,307038.0,661865.0,65.875,97.7434,36.4044,61.339,,0.7219,3.8471,59.8
BTN,Bhutan,2006,942879878.5389,5.6408,1405.6072,5.0005,6.9668,3.13,315480.0,670799.0,66.499,108.1578,51.8129,56.3449,-4.0198,0.6494,4.5183,59.7
BTN,Bhutan,2007,1255767964.0049,16.1048,1850.4157,5.1561,8.8948,3.7,323188.0,678641.0,67.152,106.929,52.3571,54.5719,6.7638,5.8813,5.92,71.8
BTN,Bhutan,2008,1317517834.5992,4.5294,1919.5977,8.3272,7.8101,3.848,330817.0,686351.0,67.733,101.9542,46.599,55.3553,-8.5378,0.2386,6.55,67.6
BTN,Bhutan,2009,1331343797.7731,7.6675,1918.396,4.3611,8.9308,3.96,338169.0,693988.0,68.156,101.5594,42.4663,59.0931,-4.9529,1.3745,7.17,71.5
BTN,Bhutan,2010,1708880730.2099,11.9319,2435.5798,7.0364,5.16,3.32,337478.0,701632.0,68.765,105.0107,39.387,65.6236,-18.9069,4.4049,13.6,73.3
BTN,Bhutan,2011,1977728658.6826,8.4893,2787.9797,8.849,4.7022,3.23,340377.0,709377.0,69.28,102.7956,37.9232,64.8724,-26.607,1.5746,14.4,81.8
BTN,Bhutan,2012,1973387227.9652,5.1648,2751.2129,10.9197,4.9368,2.05,331207.0,717279.0,69.759,94.045,35.7881,58.2569,-19.1061,1.2355,15.6,91.5
BTN,Bhutan,2013,1943696951.6541,1.7363,2679.9522,8.7764,7.4162,2.87,341708.0,725273.0,70.161,95.0525,37.4344,57.6182,-24.2935,1.0513,22.4,87.4
BTN,Bhutan,2014,2089079570.5828,5.8811,2849.5,8.2711,7.8534,2.63,333159.0,733139.0,70.504,87.9343,34.1893,53.7449,-23.4688,1.1266,30.3,91.4
BTN,Bhutan,2015,2187815803.3683,6.6608,2954.0408,4.5481,11.3226,2.45,341579.0,740618.0,70.797,89.6392,31.5361,58.1031,-25.0627,0.2949,39.8,95.4
BTN,Bhutan,2016,2357504760.7859,8.4759,3152.3091,3.2199,9.708,2.707,346258.0,747866.0,71.119,76.3848,27.1228,49.2619,-26.4131,0.5041,46.5032,99.3
BTN,Bhutan,2017,2591358009.2028,2.0868,3435.288,4.9551,9.4877,3.027,351309.0,754335.0,71.413,76.7884,28.4464,48.342,-20.8547,-0.6388,54.3355,97.7
BTN,Bhutan,2018,2583335721.859,3.5019,3400.2042,2.724,12.7029,3.35,356713.0,759759.0,71.711,79.7397,29.1897,50.55,-18.5092,0.1026,63.4868,100.0
BTN,Bhutan,2019,2735683570.4616,5.7551,3576.8799,2.7264,10.5637,2.72,384922.0,764824.0,72.005,76.1235,31.4575,44.666,-18.3063,0.4756,74.1794,100.0
BTN,Bhutan,2020,2457604333.9093,-10.2184,3191.6691,5.6294,8.2751,5.03,400199.0,770006.0,72.253,71.8304,28.0656,43.7647,-15.5091,-0.1134,76.8508,100.0
BTN,Bhutan,2021,2768802960.112,4.4214,3570.6126,7.3468,5.9204,4.803,414321.0,775442.0,72.448,77.5824,29.1987,48.3837,-11.5313,0.245,85.6369,100.0
BTN,Bhutan,2022,2898227743.7558,5.2139,3711.3277,5.6392,7.7557,5.947,384122.0,780914.0,72.754,85.5712,25.4988,60.0724,-27.8005,0.2899,88.3562,100.0
BTN,Bhutan,2023,3012896789.7975,4.6322,3831.3254,4.2293,7.5346,3.126,401407.0,786385.0,72.975,81.7366,28.3881,53.3485,-33.9074,0.3383,90.0214,100.0
BTN,Bhutan,2024,3346603858.7495,7.4986,4228.051,2.7613,5.6118,3.282,406288.0,791524.0,73.262,79.3625,31.4949,47.8677,-19.4018,0.0842,91.2774,100.0
BTN,Bhutan,2025,3579320145.1308,8.005,4492.784,3.5551,8.3372,3.227,411263.0,796682.0,,,,,,,,
BWA,Botswana,2000,5788329609.1575,1.9877,3450.8118,8.6015,1.1458,15.88,605662.0,1677382.0,52.263,91.9247,51.8318,40.0929,9.418,0.9877,2.9027,26.5
BWA,Botswana,2001,5489608299.6644,0.2506,3206.0712,6.559,6.8664,18.54,627315.0,1712254.0,52.21,87.5251,48.6576,38.8675,10.8425,0.5589,3.4309,24.8
BWA,Botswana,2002,5438863982.8869,6.0695,3117.2509,8.0328,14.8447,21.277,647894.0,1744763.0,52.373,91.8358,52.1574,39.6783,4.8421,7.5015,3.3859,27.0
BWA,Botswana,2003,7511582173.3772,4.6259,4230.1233,9.1899,12.7262,23.8,667858.0,1775736.0,52.851,85.834,48.8269,37.0072,9.5424,5.5653,3.3452,33.1
BWA,Botswana,2004,8957467706.5354,2.7058,4956.6929,6.9457,5.152,21.755,688033.0,1807146.0,53.573,90.9978,49.6138,41.384,3.5368,4.3638,3.3049,35.3
BWA,Botswana,2005,9918907108.097,4.5566,5391.0708,8.6102,0.2302,19.852,708319.0,1839877.0,54.386,88.5054,52.9236,35.5818,16.1057,4.2429,3.2626,37.5
BWA,Botswana,2006,9919158482.4109,8.3639,5291.5838,11.5552,10.7498,17.782,728696.0,1874516.0,55.112,86.6124,51.7808,34.8316,19.6648,4.9088,4.2899,39.7
BWA,Botswana,2007,10567270655.5027,5.7926,5529.1257,7.081,9.6066,16.976,758634.0,1911201.0,56.735,98.4965,56.48,42.0166,15.6551,4.6808,5.28,41.9
BWA,Botswana,2008,10730829116.4105,3.2521,5503.074,12.7022,6.5546,16.293,789289.0,1949970.0,57.661,99.0082,46.9469,52.0613,1.3935,4.8544,6.25,44.5
BWA,Botswana,2009,10118459242.3183,-14.1442,5082.9339,8.0273,-1.1757,16.169,820510.0,1990673.0,58.297,88.4808,35.8337,52.6471,-6.4059,2.0626,6.15,43.4
BWA,Botswana,2010,12637273429.1339,10.1197,6215.7322,6.9489,3.5036,17.86,802345.0,2033111.0,59.137,94.639,42.1443,52.4947,-5.8884,1.7281,6.0,52.0
BWA,Botswana,2011,15110643612.1729,6.8384,7287.383,8.4599,-1.4677,18.049,828613.0,2073535.0,59.715,98.9615,44.2364,54.7251,-0.873,1.9404,9.0,53.2
BWA,Botswana,2012,13907464500.1489,-0.1709,6595.5385,7.5369,7.7546,17.916,849151.0,2108617.0,60.384,111.8753,48.115,63.7603,-5.902,1.0504,16.0,56.0
BWA,Botswana,2013,14271738933.2042,11.1029,6666.9122,5.8846,8.5266,18.167,865462.0,2140682.0,61.217,125.783,61.3798,64.4033,4.5307,0.4704,30.0,58.0
BWA,Botswana,2014,15470088500.7414,5.6971,7122.3642,4.4023,-0.5488,18.484,882070.0,2172044.0,62.167,119.4975,61.283,58.2146,11.075,3.3302,36.7447,60.0
BWA,Botswana,2015,13530748844.505,-4.8513,6141.2039,3.062,4.0679,18.915,899557.0,2203273.0,63.215,112.9009,53.0909,59.81,2.2262,2.7977,38.8938,62.1
BWA,Botswana,2016,15082637184.0496,7.2044,6749.0599,2.815,-4.115,19.328,918682.0,2234776.0,64.32,100.4647,54.6114,45.8533,7.973,0.9449,41.1686,64.2
BWA,Botswana,2017,16105155856.7708,4.1144,7104.964,3.3083,9.7842,19.671,939892.0,2266747.0,65.42,81.924,42.92,39.0039,5.5858,1.618,43.5764,67.4
BWA,Botswana,2018,17031943186.1353,4.1887,7407.9594,3.238,6.4397,19.665,962977.0,2299141.0,66.371,87.4551,44.2281,43.227,0.3929,1.6789,46.1251,68.3
BWA,Botswana,2019,16725908148.5481,3.0318,7172.0896,2.7729,5.8581,20.094,987878.0,2332083.0,67.167,83.093,37.0878,46.0052,-6.9051,0.5597,48.8228,70.1
BWA,Botswana,2020,14960251607.8135,-8.7289,6323.2975,1.8904,1.3136,21.017,973488.0,2365894.0,67.643,80.325,31.251,49.074,-9.8063,0.2125,51.6782,71.8
BWA,Botswana,2021,18750182236.2211,11.9163,7807.8879,7.241,-2.8894,23.106,1036012.0,2401441.0,63.303,91.0478,41.774,49.2739,-1.7649,-1.7016,54.7007,73.7
BWA,Botswana,2022,20321150599.1523,5.486,8328.7091,11.6656,-7.4032,23.615,1065472.0,2439892.0,68.749,86.0696,43.4791,42.5905,-0.595,3.492,57.9,75.9
BWA,Botswana,2023,19413614554.6944,3.2081,7827.3003,5.0676,4.9015,23.381,1146757.0,2480244.0,69.163,70.1128,32.8969,37.2159,1.4879,3.8197,,76.0
BWA,Botswana,2024,19286251067.5078,-2.7799,7649.8166,2.8184,4.2432,23.81,1173288.0,2521139.0,69.293,69.4454,27.0767,42.3686,-4.2576,2.4228,57.4595,80.2
BWA,Botswana,2025,19928479839.4476,-0.7339,7778.1151,2.6598,,24.477,1199393.0,2562122.0,,69.5447,32.0337,37.5109,,,,
CAF,Central African Republic,2000,916777282.6917,-2.4894,239.1541,3.2034,,5.722,1518605.0,3833416.0,46.609,45.6598,20.3722,25.2876,,0.097,0.0534,6.0
CAF,Central African Republic,2001,932648604.752,4.4647,237.9517,3.8349,,5.77,1553600.0,3919487.0,46.734,39.7305,17.1573,22.5732,,0.5558,0.0785,5.7
CAF,Central African Republic,2002,996068144.8849,3.6165,248.6393,2.3318,,5.809,1590065.0,4006077.0,46.84,36.1086,15.9627,20.1459,,0.5667,0.1285,6.1
CAF,Central African Republic,2003,1142315522.5386,-5.3975,278.404,4.1347,,5.809,1632285.0,4103086.0,47.306,36.2312,18.236,17.9952,,0.9892,0.1516,6.6
CAF,Central African Republic,2004,1272360517.3237,5.9949,303.4613,-2.0664,,5.729,1669525.0,4192826.0,47.696,33.244,13.9979,19.246,,1.1868,0.2234,7.0
CAF,Central African Republic,2005,1337894378.7374,0.9082,311.95,2.8835,,5.691,1709327.0,4288810.0,48.207,35.0709,13.3628,21.7082,,0.7549,0.2682,7.4
CAF,Central African Republic,2006,1461859762.3346,4.7711,333.9425,6.6953,,5.61,1743041.0,4377579.0,48.687,36.3959,14.316,22.0799,,2.3716,0.3112,7.8
CAF,Central African Republic,2007,1699811294.9494,4.6075,380.887,0.9599,,5.562,1773114.0,4462770.0,49.327,37.5809,14.1153,23.4656,,3.3386,0.3758,8.4
CAF,Central African Republic,2008,1993407888.4984,2.0541,437.2483,9.259,,5.51,1808786.0,4558984.0,49.873,34.4375,11.0037,23.4339,,5.8749,1.0,7.5
CAF,Central African Republic,2009,2067381665.2545,8.5873,456.4717,3.5213,,5.575,1789770.0,4529047.0,14.665,31.4942,9.8416,21.6526,,2.0451,1.8,9.4
CAF,Central African Republic,2010,2142591540.4007,4.6308,476.8738,1.491,,5.658,1766478.0,4492995.0,46.871,34.4305,11.6258,22.8047,,2.8713,2.0,9.8
CAF,Central African Republic,2011,2437982705.1209,4.1946,534.0573,1.1945,,5.638,1784613.0,4565021.0,50.107,34.4756,13.1278,21.3478,,1.5139,2.2,10.4
CAF,Central African Republic,2012,2510126512.2283,5.0538,544.3958,5.4783,,5.58,1785548.0,4610848.0,51.336,33.0594,11.5501,21.5093,,2.7901,2.4,11.0
CAF,Central African Republic,2013,1691544110.1854,-36.392,364.367,6.9888,,5.566,1778738.0,4642419.0,49.487,38.3993,14.973,23.4263,,0.1095,2.5,11.5
CAF,Central African Republic,2014,1894813389.4032,0.0811,409.8505,14.8987,,5.633,1746738.0,4623182.0,40.265,53.0951,16.6758,36.4193,,0.1834,2.7,12.0
CAF,Central African Republic,2015,1695825714.1928,4.3371,366.3229,1.403,,5.775,1733211.0,4629320.0,51.934,53.1451,17.0677,36.0775,,0.1769,2.9,12.7
CAF,Central African Republic,2016,1825018144.656,4.7503,387.1762,4.9454,,5.793,1764993.0,4713663.0,50.999,50.5306,14.8219,35.7088,,0.3976,3.1,13.4
CAF,Central African Republic,2017,2072349972.6818,4.5273,432.324,4.1807,,5.836,1794130.0,4793511.0,45.231,57.1435,17.2598,39.8838,,0.3324,4.0,14.1
CAF,Central African Republic,2018,2220979146.1124,3.7894,455.244,1.6122,,5.825,1825321.0,4878657.0,52.297,49.6602,15.94,33.7202,,0.8106,5.1,14.6
CAF,Central African Republic,2019,2221301351.4392,3.1,449.2285,2.6854,,5.916,1850874.0,4944703.0,31.53,50.0658,15.7554,34.3104,,1.1525,7.5092,14.3
CAF,Central African Republic,2020,2326720900.3805,0.9,462.8791,1.7102,,6.519,1867628.0,5026628.0,50.596,49.521,15.1725,34.3485,,0.0747,,15.4
CAF,Central African Republic,2021,2516498412.4638,0.9829,492.2631,4.2594,,6.701,1893361.0,5112100.0,40.279,44.1591,13.2275,30.9317,,0.215,,15.7
CAF,Central African Republic,2022,2382618615.0169,0.4539,467.3598,5.5832,,6.287,1901019.0,5098039.0,18.818,45.2336,12.3005,32.9331,,1.0093,13.7536,15.7
CAF,Central African Republic,2023,2555492085.9472,0.7,495.9789,2.9791,,6.181,1923117.0,5152421.0,57.408,43.4806,14.4408,29.0397,,1.516,13.8417,17.6
CAF,Central African Republic,2024,2751494281.0689,1.5,516.161,1.4773,,6.253,1995930.0,5330690.0,57.671,46.4319,15.007,31.4249,,1.4685,13.7825,18.2
CAF,Central African Republic,2025,3066109226.4016,4.4995,556.1314,1.002,,6.251,2076374.0,5513282.0,,52.9067,19.3448,33.5619,,,,
CAN,Canada,2000,744773415931.587,5.1385,24271.0021,2.7194,2.7755,6.829,16186923.0,30685730.0,79.1668,82.7654,44.2092,38.5561,2.4832,9.171,51.3,100.0
CAN,Canada,2001,738981792355.372,1.8751,23822.0962,2.5251,4.1732,7.219,16454900.0,31020855.0,79.398,78.3442,42.04,36.3043,2.1324,3.8419,60.2,100.0
CAN,Canada,2002,760650608551.583,2.9993,24256.0599,2.2584,2.914,7.665,16941931.0,31359199.0,79.5307,75.7069,40.0586,35.6483,1.645,3.2191,61.5933,100.0
CAN,Canada,2003,895542074084.648,1.8064,28301.9097,2.7586,1.3925,7.574,17341662.0,31642461.0,79.7151,69.84,36.8659,32.9741,1.165,0.783,64.2,100.0
CAN,Canada,2004,1026691006917.76,3.0924,32145.5653,1.8573,0.7159,7.185,17554856.0,31938807.0,79.9922,70.1924,37.3277,32.8646,2.2631,0.1415,65.956,100.0
CAN,Canada,2005,1173118501402.87,3.2105,36383.9671,2.2136,1.26,6.758,17706025.0,32242732.0,80.1127,69.7585,36.8564,32.9021,1.8696,2.1781,71.66,100.0
CAN,Canada,2006,1319291255289.14,2.6379,40504.849,2.002,3.1599,6.484,17980234.0,32571193.0,80.5437,68.0508,35.4017,32.6491,1.3636,4.874,72.4,100.0
CAN,Canada,2007,1468820407783.26,2.0499,44660.0839,2.1384,2.7161,6.156,18289463.0,32888886.0,80.5437,66.2834,34.2296,32.0539,0.7524,8.2006,73.2,100.0
CAN,Canada,2008,1552993439550.14,0.9954,46710.3654,2.3703,0.7044,6.284,18579576.0,33247298.0,80.7246,67.0234,34.3949,32.6285,0.2046,4.5151,76.7,100.0
CAN,Canada,2009,1374627766599.6,-2.9151,40874.9612,0.2995,4.8332,8.46,18747581.0,33630069.0,81.0661,58.4743,28.5158,29.9585,-2.9663,1.5241,80.3,100.0
CAN,Canada,2010,1617349192091.46,3.0908,47560.8379,1.7769,-0.2379,8.178,18934218.0,34005902.0,81.3222,60.2079,29.1673,31.0406,-3.5962,1.8372,80.3,100.0
CAN,Canada,2011,1793335727900.85,3.1372,52224.1238,2.9121,-0.2369,7.637,19112505.0,34339221.0,81.4827,62.4984,30.6782,31.8202,-2.774,2.1378,83.0,100.0
CAN,Canada,2012,1828359477071.97,1.7557,52670.143,1.5157,1.761,7.392,19332146.0,34713395.0,81.6637,62.5958,30.3531,32.2426,-3.5323,2.7002,83.0,100.0
CAN,Canada,2013,1846583831414.43,2.3258,52637.7313,0.9383,1.2381,7.143,19544962.0,35080992.0,81.7449,62.2315,30.3322,31.8994,-3.1469,3.6298,85.8,100.0
CAN,Canada,2014,1805751688808.98,2.8735,50960.8942,1.9066,1.0378,7.023,19594831.0,35434066.0,81.7844,64.3786,31.7365,32.6421,-2.3189,3.5539,87.12,100.0
CAN,Canada,2015,1556510380200.23,0.65,43594.2379,1.1252,3.6745,6.945,19705946.0,35704498.0,81.8259,66.1648,31.8499,34.3149,-3.514,3.8539,90.0,100.0
CAN,Canada,2016,1527996250640.92,1.0386,42314.1034,1.4288,1.9689,7.038,19857477.0,36110803.0,81.94,65.3636,31.5025,33.8611,-3.0931,2.2383,91.16,100.0
CAN,Canada,2017,1649269496514.62,3.0338,45129.7335,1.5969,0.1256,6.426,20155417.0,36545075.0,81.8078,65.1009,31.4543,33.6466,-2.8034,1.5375,92.7014,100.0
CAN,Canada,2018,1725330736237.69,2.743,46539.2178,2.2682,,5.837,20391340.0,37072620.0,81.8037,66.5998,32.3254,34.2745,-2.3851,2.4693,94.64,100.0
CAN,Canada,2019,1743728952156.85,1.9084,46352.9695,1.9493,,5.69,20799435.0,37618495.0,82.1585,66.1713,32.3526,33.8187,-1.9517,2.8068,91.9129,100.0
CAN,Canada,2020,1655686966881.99,-5.0382,43537.8981,0.717,,9.657,20505333.0,38028638.0,81.53,61.1567,29.4736,31.6831,-2.0105,1.759,92.3,100.0
CAN,Canada,2021,2022377950896.78,5.9505,52886.6408,3.3952,,7.527,21005652.0,38239864.0,81.4515,62.2469,31.1751,31.0718,-0.022,2.9762,93.9371,100.0
CAN,Canada,2022,2200562785046.32,4.6954,56496.9275,6.8028,,5.279,21462479.0,38950132.0,81.0949,66.9532,33.7212,33.232,-0.4421,2.3069,94.0,100.0
CAN,Canada,2023,2196593836347.42,1.9531,54847.537,3.879,,5.415,22170293.0,40049088.0,81.6263,66.5745,33.3417,33.2329,-0.6937,1.9984,94.1453,100.0
CAN,Canada,2024,2270076189683.46,2.0463,55015.7067,2.3816,,6.351,22676159.0,41262329.0,82.108,65.1215,32.4691,32.6524,-0.4879,2.7776,94.3533,100.0
CAN,Canada,2025,2319899772425.92,1.7427,55697.664,2.0723,,6.907,22846475.0,41651653.0,,63.5105,31.3324,32.1781,-0.9486,2.9757,,
CHE,Switzerland,2000,282327351965.893,3.6332,39298.0968,1.5585,,2.658,3994754.0,7184250.0,79.6805,97.3533,50.8536,46.4997,11.1831,8.1752,47.1,100.0
CHE,Switzerland,2001,290160142213.795,1.5922,40133.6102,0.989,,2.49,4061716.0,7229854.0,80.1805,95.2126,49.4335,45.7791,7.1087,3.3654,55.1,100.0
CHE,Switzerland,2002,313930961760.554,0.3804,43094.2493,0.6427,,2.924,4106054.0,7284753.0,80.3854,90.8997,47.8009,43.0988,7.3345,2.6305,61.4,100.0
CHE,Switzerland,2003,366563952624.935,-0.2842,49947.391,0.6383,,4.117,4152630.0,7339001.0,80.5366,89.7492,47.164,42.5852,11.1457,5.38,65.1,100.0
CHE,Switzerland,2004,409012909529.554,2.5869,55349.6165,0.8029,,4.316,4156420.0,7389625.0,81.0878,95.0328,50.8466,44.1861,12.3706,1.7364,67.8,100.0
CHE,Switzerland,2005,424511048024.414,2.9521,57080.0704,1.172,,4.437,4176168.0,7437115.0,81.2366,101.6689,53.371,48.2979,11.237,0.6278,70.1,100.0
CHE,Switzerland,2006,448364681767.427,4.1343,59910.2934,1.0595,,3.995,4237789.0,7483934.0,81.4902,105.7619,56.1816,49.5803,12.5827,11.9904,75.7,100.0
CHE,Switzerland,2007,498993845384.872,3.9832,66082.1234,0.7324,,3.641,4307426.0,7551117.0,81.7415,112.71,61.0846,51.6254,8.626,9.7573,77.2,100.0
CHE,Switzerland,2008,574703945157.419,2.5316,75147.5377,2.426,1.9636,3.35,4411012.0,7647675.0,81.9927,116.3426,62.7755,53.5671,1.7169,0.5204,79.2,100.0
CHE,Switzerland,2009,563659557945.042,-1.9349,72788.205,-0.4805,2.265,4.109,4480494.0,7743831.0,82.0439,109.0627,57.61,51.4528,6.2099,8.4552,81.3,100.0
CHE,Switzerland,2010,609999593541.9,3.2606,77956.1262,0.6882,2.2721,4.808,4449019.0,7824909.0,82.2463,119.2025,64.3663,54.8362,13.5122,2.8968,83.9,100.0
CHE,Switzerland,2011,727231637101.778,1.4077,91910.3965,0.2313,2.6094,4.409,4537669.0,7912398.0,82.6951,125.0474,66.2018,58.8455,6.7887,2.8553,85.193,100.0
CHE,Switzerland,2012,697882536676.898,1.1241,87269.5595,-0.6926,2.481,4.491,4595555.0,7996861.0,82.6976,125.8659,67.4291,58.4369,9.2655,5.7235,85.2,100.0
CHE,Switzerland,2013,718748402259.576,1.8361,88851.2374,-0.2173,2.7198,4.747,4653184.0,8089346.0,82.7976,132.8005,71.5388,61.2617,10.0988,-3.468,86.34,100.0
CHE,Switzerland,2014,741168119616.628,2.5434,90511.6485,-0.0132,3.3151,4.826,4739164.0,8188649.0,83.1976,119.2305,64.7317,54.4988,7.3105,2.8338,83.6173,100.0
CHE,Switzerland,2015,706199008878.656,1.4545,85265.0621,-1.1439,4.0807,4.801,4810503.0,8282396.0,82.8976,116.37,63.2546,53.1154,9.0353,17.0947,87.4791,100.0
CHE,Switzerland,2016,698607778794.566,1.9116,83432.4112,-0.4346,3.276,4.918,4894095.0,8373338.0,83.6024,122.9417,66.2373,56.7044,7.1183,24.4556,89.1347,100.0
CHE,Switzerland,2017,706660443624.485,1.4203,83610.2486,0.5338,2.9724,4.797,4927955.0,8451840.0,83.5512,122.9484,65.6424,57.306,5.2312,20.7708,89.6861,100.0
CHE,Switzerland,2018,740766531453.991,3.3274,87002.3382,0.9363,1.8642,4.713,4963632.0,8514329.0,83.7537,123.4998,66.7444,56.7554,5.9936,-21.8417,91.8,100.0
CHE,Switzerland,2019,736384764156.877,1.1153,85872.9702,0.3629,2.7257,4.394,4978225.0,8575280.0,83.9049,123.0225,66.1485,56.8741,4.0241,3.0358,93.1461,100.0
CHE,Switzerland,2020,756096180222.082,-2.2553,87529.7016,-0.7259,3.4217,4.817,4988638.0,8638167.0,83.0,121.4511,63.5682,57.8829,0.439,-31.552,94.35,100.0
CHE,Switzerland,2021,840710023481.35,6.1762,96582.8687,0.5818,0.6917,5.013,5007036.0,8704546.0,83.7512,128.0041,69.9421,58.062,7.4397,-14.3662,95.5694,100.0
CHE,Switzerland,2022,858479038993.75,3.5343,97809.0956,2.835,-0.3926,4.122,5000225.0,8777088.0,83.6049,136.2359,74.9649,61.271,8.9559,-1.4461,96.4528,100.0
CHE,Switzerland,2023,928435275851.707,0.8256,104449.7545,2.1354,1.9123,4.043,5095827.0,8888822.0,84.1561,129.7372,70.3187,59.4185,5.8635,-12.4358,97.3444,100.0
CHE,Switzerland,2024,969919786394.884,1.3903,107702.0659,1.0623,1.9911,4.343,5139536.0,9005582.0,84.4073,130.3545,71.2023,59.1522,8.8876,-11.1757,97.3444,100.0
CHE,Switzerland,2025,1043529899250.92,1.3001,114769.0123,0.1544,,4.873,5165662.0,9092436.0,,147.1621,78.0527,69.1093,6.9838,-1.1773,97.321,
CHI,Channel Islands,2000,6439703434.7102,,43479.1941,,,5.351,72850.0,148110.0,78.8,,,,,,,100.0
CHI,Channel Islands,2001,6232906290.4851,,41873.7406,,,5.041,73299.0,148850.0,79.0,,,,,,,100.0
CHI,Channel Islands,2002,6663669064.7482,,44459.7318,,,5.313,73947.0,149881.0,79.1,,,,,,,100.0
CHI,Channel Islands,2003,7332244897.9592,,48570.7797,,,5.644,74595.0,150960.0,79.4,,,,,,,100.0
CHI,Channel Islands,2004,8553643354.0828,,56259.5344,,,5.848,75346.0,152039.0,79.8,,,,,,,100.0
CHI,Channel Islands,2005,8827272727.2727,,57647.1189,,,5.833,76281.0,153126.0,80.1,,,,,,,100.0
CHI,Channel Islands,2006,9676172953.0819,,62745.1007,,,5.571,76999.0,154214.0,80.4,,,,,,,100.0
CHI,Channel Islands,2007,11514605842.3369,,74139.978,,,5.23,77752.0,155309.0,80.6,,,,,,,100.0
CHI,Channel Islands,2008,,,,,,5.295,78495.0,156408.0,80.8,,,,,,,100.0
CHI,Channel Islands,2009,9100755725.1908,,57778.5407,,,6.674,79158.0,157511.0,81.0,,,,,,,100.0
CHI,Channel Islands,2010,8902359316.3561,-3.6066,56123.4598,,,7.024,80263.0,158621.0,81.2,,,,,,,100.0
CHI,Channel Islands,2011,9648680025.8275,1.125,60415.2632,,,7.244,80088.0,159706.0,81.4,,,,,,,100.0
CHI,Channel Islands,2012,9454638123.2357,-5.7537,58809.5699,,,8.028,80805.0,160767.0,81.3,,,,,,,100.0
CHI,Channel Islands,2013,9594745810.6716,0.4939,59308.4667,,,8.572,81067.0,161777.0,81.5,,,,,,,100.0
CHI,Channel Islands,2014,10527973277.6068,2.4271,64697.5485,,,8.319,80973.0,162726.0,81.6,,,,,,,100.0
CHI,Channel Islands,2015,10109273770.329,0.3744,61847.8212,,,7.928,81514.0,163454.0,81.4,,,,,,,100.0
CHI,Channel Islands,2016,9168857222.3257,1.213,55947.5798,,,7.469,81720.0,163883.0,81.2,,,,,,,100.0
CHI,Channel Islands,2017,9170044517.2026,1.8065,55806.3554,,,6.881,81753.0,164319.0,81.0,,,,,,,100.0
CHI,Channel Islands,2018,10026394043.6136,1.1222,60784.8125,,,6.344,81872.0,164949.0,81.1,,,,,,,100.0
CHI,Channel Islands,2019,10031864649.0819,1.5734,60564.6294,,,6.185,82103.0,165639.0,81.2,,,,,,,100.0
CHI,Channel Islands,2020,9439810769.2308,-8.8968,56785.9402,,,6.633,81350.0,166235.0,80.9,,,,,,,100.0
CHI,Channel Islands,2021,11157540109.8939,9.9368,66915.3964,,,6.643,82146.0,166741.0,80.3,,,,,,,100.0
CHI,Channel Islands,2022,11308272505.183,5.342,67627.1417,,,5.923,82427.0,167215.0,81.0,,,,,,,100.0
CHI,Channel Islands,2023,12507320838.3932,3.715,74585.5224,,,5.928,81944.0,167691.0,81.1,,,,,,,100.0
CHI,Channel Islands,2024,,,,,,6.031,81828.0,168126.0,81.2,,,,,,,100.0
CHI,Channel Islands,2025,,,,,,6.169,81617.0,168466.0,,,,,,,,
CHL,Chile,2000,78339750721.364,4.9716,5052.9925,3.8433,9.8349,10.491,6343733.0,15503635.0,77.128,58.7119,30.1238,28.5882,-1.1457,6.2038,16.6,97.9
CHL,Chile,2001,71574739561.4329,3.154,4563.5953,3.5691,7.3016,10.39,6355065.0,15683849.0,77.58,62.1448,31.8473,30.2975,-1.537,5.8677,19.1,97.1
CHL,Chile,2002,70264045939.2773,3.2028,4430.8474,2.4894,4.2746,10.168,6411103.0,15857925.0,77.84,62.4839,32.2572,30.2266,-0.8256,3.6291,22.1,97.3
CHL,Chile,2003,76492579644.0605,4.7232,4773.4018,2.8102,1.801,9.765,6589050.0,16024752.0,77.884,65.6934,35.061,30.6324,0.2146,4.5569,25.4738,98.8
CHL,Chile,2004,99075985773.6682,6.6743,6120.5915,1.0547,-1.7732,10.162,6752634.0,16187322.0,78.276,69.8894,39.6857,30.2036,3.2606,5.0151,28.1779,97.5
CHL,Chile,2005,122294145163.192,5.837,7480.3233,3.0526,-0.413,9.34,6916575.0,16348778.0,78.459,72.0625,40.1756,31.887,1.9111,4.8987,31.1753,97.7
CHL,Chile,2006,153843518170.864,6.05,9318.6566,3.392,-3.8722,9.024,7184183.0,16509195.0,78.533,73.7116,43.8657,29.846,5.4964,3.091,34.4978,99.4
CHL,Chile,2007,172491076033.863,5.1682,10346.4138,4.4078,3.409,8.427,7369317.0,16671581.0,78.652,76.977,45.1299,31.8472,5.0556,6.1135,35.9,98.0
CHL,Chile,2008,179894594475.405,3.7894,10683.2189,8.7163,12.9105,9.285,7648250.0,16838988.0,78.752,80.6766,41.1626,39.5141,-4.1883,10.4571,37.3,98.2
CHL,Chile,2009,171777900623.892,-1.118,10098.8017,0.353,3.546,11.313,7744258.0,17009731.0,78.89,66.686,37.1156,29.5704,1.4397,7.4226,41.56,99.6
CHL,Chile,2010,217051209238.534,5.8517,12632.8705,1.4107,-3.7688,8.547,8137781.0,17181464.0,79.095,69.7177,37.904,31.8137,0.8969,6.8414,45.0,99.5
CHL,Chile,2011,251382573893.87,6.2239,14487.3928,3.3412,5.5875,7.492,8444195.0,17351816.0,79.236,72.4816,37.6898,34.7919,-4.9171,10.4898,52.2496,99.6
CHL,Chile,2012,267024782486.855,6.1553,15241.907,3.0074,9.2234,6.79,8560000.0,17519119.0,79.221,68.1561,33.8456,34.3106,-5.3285,11.9097,55.05,100.0
CHL,Chile,2013,277395018842.417,3.3085,15683.5486,1.7896,6.8463,6.361,8693613.0,17687006.0,79.551,65.1433,32.0875,33.0558,-4.7761,7.614,58.0,99.6
CHL,Chile,2014,259560978224.359,1.7926,14529.6767,4.7187,2.121,6.761,8855370.0,17864195.0,79.714,65.6346,33.0039,32.6307,-3.4603,9.835,61.11,100.0
CHL,Chile,2015,242450355830.884,2.1519,13433.9203,4.3488,0.5341,6.605,8996276.0,18047625.0,80.008,59.3491,29.1911,30.158,-2.7351,7.3278,76.6296,99.7
CHL,Chile,2016,249344863928.438,1.753,13649.852,3.7862,0.9829,6.926,9146668.0,18267221.0,80.295,56.0579,27.9232,28.1347,-2.6207,4.5571,83.5586,100.0
CHL,Chile,2017,276154259981.097,1.3577,14879.9086,2.1827,-0.2627,7.257,9423968.0,18558868.0,80.61,56.0262,28.3314,27.6948,-2.7578,1.8965,82.3275,99.7
CHL,Chile,2018,295857562991.709,3.99,15659.4809,2.4349,2.5473,7.623,9671888.0,18893191.0,80.559,58.1771,28.529,29.648,-4.4837,2.6846,84.9,100.0
CHL,Chile,2019,278308438545.118,0.6442,14496.9346,2.5575,,7.493,9843775.0,19197744.0,80.324,57.6069,27.8723,29.7346,-5.212,4.8792,85.0176,100.0
CHL,Chile,2020,254103710483.324,-6.1397,13117.993,3.0455,,10.934,8906788.0,19370624.0,79.349,58.1688,31.3228,26.846,-1.9625,4.505,87.4593,100.0
CHL,Chile,2021,315507493783.262,11.3374,16216.1841,4.5246,,9.281,9171143.0,19456334.0,78.876,64.84,31.9743,32.8656,-7.2945,4.8103,90.2328,100.0
CHL,Chile,2022,301099244104.003,2.0639,15399.1045,11.6439,,8.249,9670728.0,19553036.0,79.176,75.2334,35.6217,39.6117,-8.8743,6.2345,92.3182,100.0
CHL,Chile,2023,335802745366.38,0.677,17081.5181,7.5817,,9.013,9991796.0,19658835.0,81.167,60.6766,30.7751,29.9016,-3.1043,5.7234,94.4574,100.0
CHL,Chile,2024,329260633698.726,2.8051,16658.9653,4.2976,,8.718,10223511.0,19764771.0,81.359,63.9577,33.7321,30.2257,-1.1682,3.9799,95.5902,99.0
CHL,Chile,2025,357371159574.862,2.4593,17994.5912,4.2129,,8.974,10326077.0,19859921.0,,64.9844,34.5636,30.4208,-1.2169,4.0611,,
CHN,China,2000,1223754919971.05,8.5736,969.1995,0.3478,3.6608,3.26,706837950.0,1262645000.0,72.288,39.0109,20.6816,18.3293,1.6767,3.4398,1.7759,96.7
CHN,China,2001,1355036590251.52,8.324,1065.406,0.7191,3.5701,3.8,715928584.0,1271850000.0,72.675,38.0826,20.0777,18.005,1.2842,3.4725,2.6397,97.0
CHN,China,2002,1489821682050.54,9.236,1163.5596,-0.732,4.6305,4.24,725938760.0,1280400000.0,73.034,42.1944,22.3518,19.8426,2.3776,3.5624,4.5957,97.2
CHN,China,2003,1683903309843.85,10.1138,1306.9725,1.1276,2.5946,4.58,735682023.0,1288400000.0,73.385,51.0775,26.6024,24.4751,2.5567,3.4385,6.2,97.4
CHN,China,2004,1984196551300.44,10.1404,1530.9273,3.8246,-1.31,4.49,744936890.0,1296075000.0,73.727,58.6403,30.6097,28.0306,3.4745,3.433,7.3,97.7
CHN,China,2005,2317551298052.05,11.4535,1777.645,1.7764,1.7608,4.52,754465388.0,1303720000.0,74.085,61.3601,33.3688,27.9913,5.712,4.4922,8.5233,97.9
CHN,China,2006,2791498472804.33,12.6753,2129.257,1.6494,2.0199,4.43,761959276.0,1311020000.0,74.404,63.5696,35.5268,28.0427,8.3053,4.445,10.5232,98.2
CHN,China,2007,3604055822571.63,14.1508,2734.7271,4.8168,-0.4104,4.35,766486940.0,1317885000.0,74.789,61.2665,34.9067,26.3598,9.7996,4.3354,16.0,98.5
CHN,China,2008,4667346414521.95,9.6688,3523.443,5.9253,-2.3624,4.59,769779554.0,1324655000.0,74.833,56.7111,32.0925,24.6186,9.0109,3.6752,22.6,98.8
CHN,China,2009,5189577094997.58,9.4061,3898.2446,-0.7282,5.3997,4.72,772141043.0,1331260000.0,75.317,44.4198,24.3308,20.089,4.6874,2.5254,28.9,99.1
CHN,China,2010,6192564874453.29,10.5917,4629.2455,3.1753,-1.0501,4.53,773873234.0,1337705000.0,75.668,49.8541,26.7227,23.1313,3.8403,3.9354,34.3,99.7
CHN,China,2011,7671757207851.29,9.4621,5703.7603,5.5539,-1.3474,4.55,778275581.0,1345035000.0,75.889,49.9458,26.1519,23.7939,1.774,3.6507,38.3,99.9
CHN,China,2012,8673664713189.24,7.8578,6405.0574,2.6195,3.512,4.58,779022561.0,1354190000.0,76.2,47.4802,25.0767,22.4035,2.4833,2.781,42.3001,99.9
CHN,China,2013,9743124247267.24,7.7784,7147.0352,2.6211,3.6186,4.6,779251311.0,1363240000.0,76.452,45.916,24.1633,21.7527,1.5211,2.986,45.8,100.0
CHN,China,2014,10674533168257.4,7.461,7781.066,1.9216,4.4594,4.63,780370287.0,1371860000.0,76.714,44.0685,23.072,20.9965,2.2113,2.5116,47.9,100.0
CHN,China,2015,11280814787468.9,6.9816,8175.3329,1.437,4.2097,4.65,781077009.0,1379860000.0,76.975,38.6972,20.9391,17.7581,2.5975,2.1496,50.3,100.0
CHN,China,2016,11456024084962.0,6.7737,8254.8686,2.0,2.8289,4.56,780932880.0,1387790000.0,77.214,36.1772,19.2037,16.9735,1.6702,1.5254,53.2,100.0
CHN,China,2017,12537559062282.9,6.8912,8979.6765,1.5931,0.1958,4.47,779166682.0,1396215000.0,77.235,36.9509,19.3356,17.6152,1.5049,1.3247,54.3,100.0
CHN,China,2018,14147765772963.8,6.7578,10085.6638,2.0748,0.8536,4.31,776868988.0,1402760000.0,77.709,36.8944,18.7705,18.1239,0.1706,1.6636,65.3584,100.0
CHN,China,2019,14560167101283.4,6.0674,10342.901,2.8992,2.994,4.56,775928449.0,1407745000.0,77.94,35.4544,18.1398,17.3146,0.62,1.2855,64.0809,100.0
CHN,China,2020,14996414166715.1,2.3395,10627.4638,2.4194,3.7992,5.0,760877838.0,1411100000.0,78.019,34.3378,18.2696,16.0682,1.4918,1.6877,70.0528,100.0
CHN,China,2021,18201698719564.0,8.5704,12887.4357,0.981,-0.1183,4.55,781187865.0,1412360000.0,78.117,36.6429,19.4351,17.2078,1.634,1.8903,73.0532,100.0
CHN,China,2022,18316765021690.2,3.1339,12970.6056,1.9736,2.3696,4.98,770113477.0,1412175000.0,78.202,37.5126,20.2278,17.2848,2.2064,1.0384,75.6113,100.0
CHN,China,2023,18270356654533.2,5.416,12951.1782,0.2348,4.8815,4.67,774607590.0,1410710000.0,77.953,36.7391,19.4023,17.3368,1.4068,0.281,90.6,100.0
CHN,China,2024,18729668435848.0,4.9583,13293.1162,0.2181,5.1534,4.59,768163717.0,1408975000.0,78.017,37.9561,20.4428,17.5132,2.4682,0.2277,92.0,100.0
CHN,China,2025,19498039388042.6,4.9599,13861.9702,0.0596,,4.615,768071923.0,1406585000.0,,37.9564,21.0712,16.8852,3.7697,0.4102,91.6,
CIV,Cote d'Ivoire,2000,16577533891.8785,-0.2658,936.6365,2.5308,,4.835,6253233.0,17699004.0,51.393,54.964,27.7901,27.1739,,1.4158,0.2315,48.7
CIV,Cote d'Ivoire,2001,16810537043.8407,-2.154,924.7273,4.3615,,5.195,6429804.0,18178913.0,51.428,53.1141,27.4698,25.6443,,1.6221,0.3957,49.7
CIV,Cote d'Ivoire,2002,18054383320.8474,-2.7305,967.8159,3.0773,,5.508,6605404.0,18654771.0,51.544,55.9019,31.3612,24.5408,,1.1774,0.4979,51.4
CIV,Cote d'Ivoire,2003,21251754340.4305,-4.7259,1111.1714,3.2968,,5.847,6779544.0,19125542.0,51.443,53.2601,28.741,24.519,,0.7782,0.7587,51.5
CIV,Cote d'Ivoire,2004,23510575681.3686,3.185,1199.8252,1.458,,5.915,6954406.0,19595000.0,51.939,58.1183,30.1413,27.977,,1.2036,0.8493,52.4
CIV,Cote d'Ivoire,2005,24036918703.1747,0.9961,1197.7462,3.8858,5.764,6.023,7133415.0,20068458.0,52.432,62.8209,31.879,30.942,0.1651,1.4522,1.0392,58.9
CIV,Cote d'Ivoire,2006,25281413263.3712,2.8156,1230.4306,2.4672,3.3318,6.017,7317090.0,20546802.0,52.885,63.6904,32.8409,30.8494,1.8962,1.3882,1.5249,60.2
CIV,Cote d'Ivoire,2007,28760090953.3081,1.1014,1367.5382,1.892,1.6133,6.284,7505748.0,21030558.0,53.452,61.4309,30.491,30.94,-0.4841,1.5431,1.8,55.3
CIV,Cote d'Ivoire,2008,34078240293.2559,4.7827,1583.9707,6.3085,-0.3689,6.382,7771201.0,21514439.0,54.179,61.9406,31.0137,30.927,1.3304,1.3744,1.9,60.3
CIV,Cote d'Ivoire,2009,33886813250.2036,3.6033,1540.4539,1.0195,3.7247,6.573,8106769.0,21997940.0,54.744,66.6729,35.4127,31.2602,4.7927,1.1734,2.0,57.3
CIV,Cote d'Ivoire,2010,34936307980.063,6.848,1553.5489,1.2265,3.5434,6.607,8433828.0,22488065.0,55.282,67.4729,33.4996,33.9734,1.331,1.0261,2.7,58.4
CIV,Cote d'Ivoire,2011,36693710801.3976,-5.3704,1596.6283,4.9124,-0.4289,7.144,8749188.0,22982000.0,55.972,64.7159,35.2814,29.4345,7.2661,0.823,2.9,55.8
CIV,Cote d'Ivoire,2012,36302302877.2977,7.6204,1546.946,1.3045,5.4654,7.223,9048653.0,23467078.0,56.57,70.3011,34.9825,35.3186,-0.883,0.9097,4.4,55.8
CIV,Cote d'Ivoire,2013,42760235484.6093,10.7602,1786.1586,2.5812,2.3434,4.255,9300688.0,23939775.0,57.057,58.3527,29.1604,29.1923,-1.4801,0.9532,6.6,61.5
CIV,Cote d'Ivoire,2014,48843005613.7091,9.372,1991.3654,0.4487,0.8917,3.274,9534174.0,24527395.0,57.772,53.6804,28.157,25.5235,1.0456,0.8995,10.0,61.9
CIV,Cote d'Ivoire,2015,45815005169.2651,7.1949,1814.7186,1.2515,0.3612,2.573,9764168.0,25246342.0,58.281,52.7154,27.3554,25.36,-0.4395,1.0791,38.44,62.6
CIV,Cote d'Ivoire,2016,48407761036.8238,7.1728,1862.596,0.7232,6.5521,1.896,10013267.0,25989405.0,58.814,47.5656,24.9419,22.6237,-0.8558,1.1938,41.2078,64.3
CIV,Cote d'Ivoire,2017,52512343996.69,7.4108,1964.2993,0.6859,,3.272,10180365.0,26733372.0,59.315,48.6625,25.4988,23.1637,-1.9978,1.8567,43.8399,65.6
CIV,Cote d'Ivoire,2018,58522477786.6889,4.8431,2130.8662,0.4013,,2.852,10349949.0,27464173.0,59.795,46.0375,22.6942,23.3433,-3.9036,1.06,37.5465,67.1
CIV,Cote d'Ivoire,2019,60382894697.3557,6.7214,2141.7684,0.7909,,2.401,10522774.0,28193009.0,60.274,44.6604,22.6605,21.9999,-2.2338,1.4058,36.289,68.6
CIV,Cote d'Ivoire,2020,63027852805.4204,0.6997,2179.7293,2.4125,,2.588,10849289.0,28915449.0,60.14,41.9426,20.9935,20.9492,-3.1324,1.1311,36.0166,69.9
CIV,Cote d'Ivoire,2021,72794636653.7793,7.0625,2455.9813,4.1592,,2.623,11390094.0,29639736.0,60.29,45.114,22.2963,22.8178,-3.9483,1.9128,35.9507,71.1
CIV,Cote d'Ivoire,2022,70922824813.9102,6.3999,2333.3713,5.2335,,2.31,11906614.0,30395002.0,61.562,52.8664,24.2674,28.599,-7.6052,2.2547,38.4133,70.4
CIV,Cote d'Ivoire,2023,80780312569.1646,6.6,2591.9659,4.3697,,2.263,12285672.0,31165654.0,61.944,48.817,22.4353,26.3817,-8.05,3.0764,40.6528,72.4
CIV,Cote d'Ivoire,2024,87113179149.284,6.0195,2727.8935,3.4505,,2.273,12671518.0,31934230.0,62.11,51.265,26.028,25.237,-4.4681,3.5835,41.4322,72.9
CIV,Cote d'Ivoire,2025,99773555666.1988,6.5,3050.102,0.125,,2.323,13067763.0,32711547.0,,54.5579,29.7854,24.7725,,,,
CMR,Cameroon,2000,10566579294.9831,3.8324,708.5657,1.2272,,7.533,6732947.0,14912631.0,53.338,47.9279,24.8568,23.0711,-2.0669,1.5114,0.2521,41.0
CMR,Cameroon,2001,10953485349.1135,4.3243,715.4703,4.4198,,7.46,6932629.0,15309490.0,53.598,51.5723,25.2612,26.3111,-3.1739,-0.1065,0.2771,46.2
CMR,Cameroon,2002,12417251350.4882,4.477,789.6238,2.8344,,6.711,7143935.0,15725528.0,53.922,48.4817,22.9862,25.4956,-3.5379,4.069,0.3609,44.0
CMR,Cameroon,2003,15970315034.9903,5.4532,988.2413,0.6232,,5.908,7362216.0,16160340.0,54.253,40.2432,19.4369,20.8063,-3.7437,2.0969,0.5876,45.1
CMR,Cameroon,2004,18826214135.6419,7.0489,1133.3933,0.2336,,5.087,7583440.0,16610487.0,54.578,41.8377,20.5476,21.2902,-2.2107,0.3611,0.9761,47.1
CMR,Cameroon,2005,19509852206.9341,2.2283,1142.6247,2.0135,,4.4,7807548.0,17074594.0,54.904,44.9977,22.2455,22.7522,-2.5401,1.2486,1.4027,47.2
CMR,Cameroon,2006,20910512974.933,3.8096,1191.4546,5.1176,,3.729,8035172.0,17550407.0,55.301,47.1044,24.1791,22.9253,0.9255,0.2827,2.0287,49.0
CMR,Cameroon,2007,23928250433.0378,4.3276,1325.6725,0.9214,,3.063,8274850.0,18049896.0,55.71,53.2157,26.9786,26.237,1.1956,0.7923,2.93,48.2
CMR,Cameroon,2008,27715142032.913,2.8477,1492.1427,5.3378,,3.386,8349018.0,18574056.0,56.116,56.9244,27.0084,29.9161,-1.6293,0.0758,3.4,50.6
CMR,Cameroon,2009,27932970317.129,2.5793,1461.39,3.0436,,3.743,8404820.0,19113974.0,56.486,42.1761,19.5824,22.5937,-4.021,2.6717,3.84,51.7
CMR,Cameroon,2010,27507501821.0296,2.899,1398.587,1.2754,,4.11,8440780.0,19668066.0,56.965,47.2386,22.3689,24.8697,-3.116,1.9495,4.3,52.8
CMR,Cameroon,2011,30630910495.217,3.3792,1513.9606,2.9397,,3.988,8576769.0,20232304.0,57.482,51.522,24.2297,27.2923,-2.4459,2.1327,5.0,53.7
CMR,Cameroon,2012,30155062329.2821,4.626,1449.0987,2.7353,,3.836,8709448.0,20809529.0,58.17,50.036,23.8767,26.1593,-3.1701,1.7488,7.5,55.2
CMR,Cameroon,2013,33728621180.3231,4.9955,1575.9288,2.0503,,3.686,8842713.0,21402376.0,58.73,49.6745,23.6391,26.0354,-3.3446,1.623,10.0,56.3
CMR,Cameroon,2014,36386544706.0806,5.7198,1649.4434,1.8549,,3.534,9008472.0,22059893.0,59.13,50.8324,23.61,27.2224,-3.853,1.9948,16.2149,56.8
CMR,Cameroon,2015,32210233020.4569,5.667,1415.0001,2.6762,,3.518,9206366.0,22763414.0,59.687,45.5401,20.9891,24.551,-3.6438,2.1556,18.3,58.6
CMR,Cameroon,2016,33814337044.3765,4.5358,1441.7202,0.8742,,3.529,9380946.0,23454161.0,60.293,40.6386,18.95,21.6887,-3.0681,1.9633,20.6,59.8
CMR,Cameroon,2017,36098547033.1655,3.5412,1496.0895,0.6404,,3.573,9535157.0,24128601.0,60.817,39.199,18.3511,20.8479,-2.631,2.2562,23.203,60.9
CMR,Cameroon,2018,39955552189.795,3.9555,1610.6964,1.0689,,3.608,9687110.0,24806383.0,61.189,40.5876,18.7363,21.8513,-3.5273,1.9149,29.7,62.2
CMR,Cameroon,2019,39667757527.6578,3.4751,1555.2266,2.4528,,3.632,9850728.0,25506095.0,61.695,43.3785,19.8501,23.5284,-4.2732,2.5834,36.5392,63.2
CMR,Cameroon,2020,40773241177.0505,0.2599,1555.6037,2.4376,,3.881,9926685.0,26210558.0,61.674,33.7388,15.2357,18.5031,-3.7093,1.656,37.6975,64.3
CMR,Cameroon,2021,45011937346.8384,3.3389,1672.3266,2.2719,,3.976,10140896.0,26915758.0,61.146,36.7308,16.5089,20.222,-3.9867,2.1406,38.8926,65.4
CMR,Cameroon,2022,44347206072.5513,3.7368,1604.8773,6.2477,,3.646,10499324.0,27632771.0,62.443,41.2866,19.3218,21.9648,-3.394,2.0874,40.1256,71.0
CMR,Cameroon,2023,48814501547.4313,3.3476,1720.4751,7.3828,,3.607,10831875.0,28372687.0,63.7,37.8903,16.8528,21.0376,-4.1358,1.683,42.2438,72.0
CMR,Cameroon,2024,53296694320.2057,3.5247,1830.0083,4.5333,,3.603,11175287.0,29123744.0,63.968,34.4032,15.6733,18.7299,-3.2835,1.6666,46.2588,72.0
CMR,Cameroon,2025,58933453923.761,3.2,1972.3816,3.4037,,3.602,11466010.0,29879337.0,,33.3843,13.0892,20.2951,,,,
COD,"Congo, Dem. Rep.",2000,19088046305.7971,-6.9109,377.9254,513.9068,,3.245,19902693.0,50507442.0,51.887,27.0144,11.4496,15.5648,,0.4935,0.0059,6.7
COD,"Congo, Dem. Rep.",2001,7438189100.3333,-2.1002,142.6781,359.9366,,3.251,20532886.0,52132646.0,52.205,25.0419,11.9877,13.0543,,1.3743,0.0115,7.1
COD,"Congo, Dem. Rep.",2002,8728038525.1403,2.9478,162.3805,31.5226,,3.179,21155380.0,53750524.0,52.371,29.3168,15.6713,13.6455,,2.1494,0.0928,7.7
COD,"Congo, Dem. Rep.",2003,8937567059.8775,5.5778,161.4916,12.874,,3.057,21759296.0,55343867.0,52.952,54.0314,24.0004,30.0309,,4.3776,0.1349,8.3
COD,"Congo, Dem. Rep.",2004,10297483481.223,6.7384,180.6648,3.9944,,2.976,22393319.0,56997741.0,53.534,49.3364,22.7295,26.6069,,3.9722,0.1962,9.0
COD,"Congo, Dem. Rep.",2005,12609728573.1032,6.1352,214.5397,21.3168,,2.948,23088764.0,58775724.0,54.001,51.0277,23.1599,27.8678,-3.0817,1.4275,0.238,6.0
COD,"Congo, Dem. Rep.",2006,15484044534.5783,5.1089,255.4452,13.0527,26.8522,3.174,23509900.0,60615908.0,54.498,44.7667,20.2535,24.5132,0.3087,1.654,0.2961,10.2
COD,"Congo, Dem. Rep.",2007,18374807772.5429,8.5833,294.1016,16.9451,21.8903,3.404,23897816.0,62477752.0,54.954,72.9983,35.5891,37.4092,2.8681,9.8396,0.37,15.2
COD,"Congo, Dem. Rep.",2008,22723488723.3641,7.4333,352.9004,17.3014,14.9032,3.627,24276075.0,64390664.0,55.388,72.9527,33.9875,38.9652,-0.6645,7.5992,0.44,11.6
COD,"Congo, Dem. Rep.",2009,18607259480.5447,0.5416,280.179,2.8,40.2777,3.882,24679893.0,66412044.0,55.798,63.086,26.8726,36.2134,-6.0358,-1.307,0.56,12.3
COD,"Congo, Dem. Rep.",2010,24161641931.0331,8.6187,352.4004,7.1,17.0332,4.098,25138984.0,68563038.0,56.411,80.9975,36.694,44.3035,-8.9957,11.3498,0.72,13.0
COD,"Congo, Dem. Rep.",2011,26392379641.765,-0.4032,372.5143,15.3165,29.137,4.317,25643565.0,70849311.0,56.911,83.4134,38.6882,44.7252,-4.8522,6.0473,1.2,13.7
COD,"Congo, Dem. Rep.",2012,30029369928.7318,8.6686,409.9314,9.7218,22.6407,4.485,26140390.0,73254618.0,57.35,66.7057,30.0613,36.6444,-4.1974,9.6293,1.68,15.4
COD,"Congo, Dem. Rep.",2013,34891189160.3002,17.5159,460.3703,0.8082,20.7528,4.469,26942408.0,75789395.0,57.795,72.5558,34.136,38.4198,-8.91,4.8654,2.2,15.2
COD,"Congo, Dem. Rep.",2014,38352980552.8665,7.3023,489.176,1.243,15.1553,4.436,27761167.0,78403242.0,58.236,74.1132,32.9467,41.1665,-4.4915,3.9099,3.0,13.5
COD,"Congo, Dem. Rep.",2015,40179574490.3032,6.3597,495.8266,0.7442,21.0914,4.441,28575856.0,81035531.0,58.658,57.7539,26.0071,31.7468,-3.6928,2.9013,3.8,16.6
COD,"Congo, Dem. Rep.",2016,38600224214.4728,0.3938,459.765,2.8859,14.0221,4.528,29526034.0,83956415.0,59.081,68.0083,31.1224,36.886,-3.8968,2.4155,10.1,17.3
COD,"Congo, Dem. Rep.",2017,37537521565.5308,4.2412,431.0526,,-10.7984,4.613,30551551.0,87083398.0,59.495,65.9185,31.084,34.8344,-3.3072,2.7918,,18.0
COD,"Congo, Dem. Rep.",2018,46659954092.4862,6.0717,518.1696,,-3.9208,4.632,31449816.0,90047644.0,59.926,72.5592,34.4656,38.0935,-3.5841,3.0166,11.7,18.7
COD,"Congo, Dem. Rep.",2019,46845900350.0332,0.5554,504.0042,,24.9898,4.605,32284525.0,92947442.0,60.242,60.9144,28.4657,32.4486,-3.6145,2.8839,13.0297,19.1
COD,"Congo, Dem. Rep.",2020,46691989748.9186,0.7754,486.4256,,13.3627,5.355,32851843.0,95989998.0,60.428,61.0285,29.8455,31.183,-2.2533,3.2084,14.5105,20.1
COD,"Congo, Dem. Rep.",2021,59067289573.5102,6.4296,595.7431,,-3.5263,5.289,34004531.0,99148932.0,60.044,75.3871,37.8295,37.5575,-0.9945,2.8403,16.1596,20.8
COD,"Congo, Dem. Rep.",2022,70422346142.2023,9.3112,687.7386,,,4.54,35515220.0,102396968.0,60.979,85.8222,40.8203,45.0018,-4.4703,2.0013,17.9962,21.5
COD,"Congo, Dem. Rep.",2023,69843655425.2929,8.5335,660.2121,,,4.469,36727006.0,105789731.0,61.895,86.7401,42.054,44.6861,-5.5592,3.4008,18.9679,22.1
COD,"Congo, Dem. Rep.",2024,75716176105.0704,6.1025,692.8877,,,4.421,37985198.0,109276265.0,62.074,94.2485,45.697,48.5515,-3.5916,3.85,19.6735,22.5
COD,"Congo, Dem. Rep.",2025,91030531316.9936,5.7592,806.776,,,4.434,39217778.0,112832473.0,,87.3343,43.4175,43.9168,-4.3329,2.0528,,
COG,"Congo, Rep.",2000,3227927697.5792,7.576,1024.3016,-0.882,,19.872,1237677.0,3151345.0,55.371,123.9099,80.2971,43.6127,20.1289,-3.0404,0.0264,29.4
COG,"Congo, Rep.",2001,2796704604.0381,3.8026,854.5983,0.056,,19.88,1294826.0,3272537.0,55.885,130.7325,77.42,53.3125,-1.0172,-4.8443,0.0322,30.3
COG,"Congo, Rep.",2002,3034250923.9773,4.5819,905.5381,4.3788,,19.644,1326298.0,3350771.0,56.414,135.4561,81.5164,53.9396,-1.1408,6.5946,0.1572,31.2
COG,"Congo, Rep.",2003,3503723087.7448,0.8133,1016.8236,-0.6318,,19.877,1366485.0,3445753.0,57.131,156.8618,80.8124,76.0494,14.8883,6.2801,0.46,32.1
COG,"Congo, Rep.",2004,4656974940.1272,3.4766,1306.1014,2.4298,,19.896,1419604.0,3565554.0,57.957,131.3682,80.5298,50.8384,14.5085,1.9016,1.0775,33.0
COG,"Congo, Rep.",2005,6650001680.4854,7.7558,1799.0516,3.0945,,19.796,1477494.0,3696393.0,58.73,119.5529,75.0051,44.5478,10.4641,12.0498,1.4634,33.8
COG,"Congo, Rep.",2006,8072305029.0651,7.9862,2103.5821,6.5378,,19.563,1539544.0,3837409.0,59.474,125.6008,77.4641,48.1366,1.5389,18.446,2.008,34.9
COG,"Congo, Rep.",2007,8782703436.7019,-6.614,2206.471,2.6546,,19.909,1601048.0,3980430.0,60.05,148.5866,68.4854,80.1012,-24.0002,16.2166,2.7597,35.8
COG,"Congo, Rep.",2008,11649857673.4436,6.3064,2832.0918,4.9588,,19.962,1654680.0,4113517.0,60.79,133.1085,73.4029,59.7056,7.4617,16.721,4.2875,36.8
COG,"Congo, Rep.",2009,9723299915.2531,11.6373,2271.1522,4.415,,19.844,1725290.0,4281219.0,61.215,135.5524,64.4799,71.0725,-14.1031,12.2289,4.5,37.1
COG,"Congo, Rep.",2010,13148396211.5955,9.9313,2946.558,0.3915,,19.3,1800569.0,4462290.0,61.731,124.0648,68.5281,55.5367,6.8541,11.5773,5.0,40.0
COG,"Congo, Rep.",2011,15655383576.6515,2.2059,3396.1651,1.7596,,19.435,1854917.0,4609724.0,62.286,124.5917,73.6117,50.98,13.2423,1.9078,5.6,40.8
COG,"Congo, Rep.",2012,17692911296.3044,9.9472,3732.3274,5.0102,,19.491,1899642.0,4740450.0,62.662,97.4444,58.082,39.3624,13.6849,-0.3914,6.1067,41.6
COG,"Congo, Rep.",2013,17958720699.0868,-0.7124,3697.4171,4.6316,,19.845,1936631.0,4857099.0,62.969,93.0029,52.9343,40.0685,10.7856,10.4621,6.6,42.5
COG,"Congo, Rep.",2014,17919321078.0284,6.6461,3601.2366,0.9121,,19.696,1975476.0,4975880.0,63.349,104.1976,53.1336,51.064,3.7936,16.134,7.11,43.4
COG,"Congo, Rep.",2015,12434793867.3568,0.4152,2439.3519,3.1691,,20.02,2016975.0,5097581.0,63.662,117.3207,40.857,76.4637,-37.2388,34.4183,7.616,44.3
COG,"Congo, Rep.",2016,10931328150.8478,-8.6852,2093.1073,3.1906,,20.298,2062331.0,5222536.0,63.911,122.2598,42.0685,80.1913,-32.8964,0.463,8.1219,45.3
COG,"Congo, Rep.",2017,11834473039.3645,-5.5948,2211.6331,0.4501,,20.737,2112071.0,5351011.0,64.203,94.6171,47.9627,46.6544,,37.3228,8.65,46.2
COG,"Congo, Rep.",2018,14773900288.5135,-2.3043,2694.4341,1.1528,,20.84,2165299.0,5483118.0,64.472,100.5832,62.2106,38.3726,,29.2086,11.8071,47.0
COG,"Congo, Rep.",2019,13976637779.9763,1.1245,2488.4247,2.2061,,20.494,2221302.0,5616661.0,63.152,91.5758,56.1988,35.3769,11.6793,-10.2148,16.1164,47.7
COG,"Congo, Rep.",2020,11468687464.0046,-6.2678,1993.5867,1.7954,,22.286,2175569.0,5752791.0,64.391,69.3066,40.719,28.5876,12.5614,-17.2921,21.9985,48.7
COG,"Congo, Rep.",2021,14825690210.9157,1.0151,2516.1626,1.7156,,21.998,2257465.0,5892183.0,64.192,85.5462,52.8366,32.7096,11.5739,-2.1598,30.0274,49.7
COG,"Congo, Rep.",2022,15817030154.6941,1.4754,2620.838,3.0434,,20.131,2408846.0,6035104.0,65.0,98.1613,63.8121,34.3492,,3.3651,40.9867,50.6
COG,"Congo, Rep.",2023,15321055822.5167,1.9069,2477.9785,4.3017,,19.919,2481698.0,6182885.0,65.772,96.2104,56.8959,39.3145,,4.089,43.1504,51.3
COG,"Congo, Rep.",2024,15719986076.6464,2.1,2482.249,3.0914,,19.895,2558880.0,6332961.0,66.001,93.1881,52.7796,40.4085,,3.8398,47.2516,53.0
COG,"Congo, Rep.",2025,16306633778.765,3.0829,2514.7339,2.4007,,19.876,2641346.0,6484437.0,,91.669,48.0226,43.6464,,,,
COL,Colombia,2000,99875074951.0278,2.9249,2555.0075,9.2253,-11.138,20.52,17848151.0,39089934.0,70.905,32.6671,15.9151,16.7519,0.8465,2.4395,2.2075,95.2
COL,Colombia,2001,98200641203.3892,1.6779,2472.9908,7.9656,13.3325,15.04,18236154.0,39709262.0,71.185,33.9011,15.3871,18.514,-1.0594,2.5885,2.8542,98.5
COL,Colombia,2002,97945812802.8882,2.504,2428.9297,6.3515,9.7752,14.481,18340323.0,40324680.0,71.537,32.9826,14.8156,18.1671,-1.3162,2.1784,4.6,94.9
COL,Colombia,2003,94644969157.0987,3.9183,2311.9422,7.1298,7.8238,13.221,18966234.0,40937429.0,72.309,36.5162,16.5753,19.9409,-0.9636,1.8178,7.3889,95.1
COL,Colombia,2004,117092416666.245,5.333,2818.572,5.904,7.2705,13.717,19153768.0,41543171.0,72.76,35.8634,16.7708,19.0927,-0.6615,2.6608,9.1187,95.3
COL,Colombia,2005,145600529605.803,4.8288,3456.0661,5.051,9.3626,11.062,19163184.0,42128977.0,73.156,37.4227,16.971,20.4517,-1.3377,7.0298,11.0073,96.8
COL,Colombia,2006,161792958904.864,6.7169,3789.8536,4.2934,6.6973,11.088,19349955.0,42691084.0,73.497,39.6414,17.7286,21.9128,-1.8487,4.1724,15.3417,95.7
COL,Colombia,2007,206229540926.312,6.7382,4769.9261,5.5444,9.6764,11.204,19533984.0,43235374.0,73.751,37.0989,16.4331,20.6658,-2.9819,4.3087,21.8,96.0
COL,Colombia,2008,242504150472.931,3.2834,5541.8363,6.9969,8.821,11.273,20022584.0,43758808.0,74.206,39.1676,18.1096,21.0581,-2.6792,4.3563,25.6,96.8
COL,Colombia,2009,232468663109.595,1.1396,5250.9729,4.2025,8.5945,12.066,21321685.0,44271541.0,74.531,35.1561,16.4245,18.7316,-1.9069,3.4563,30.0,96.1
COL,Colombia,2010,286498534094.963,4.4947,6398.2958,2.272,5.3722,11.153,21788403.0,44777319.0,74.876,34.2646,16.3408,17.9238,-2.9958,2.2443,36.5,96.8
COL,Colombia,2011,334966134804.887,6.9479,7400.9941,3.415,4.543,10.288,22348779.0,45259614.0,75.18,39.4704,19.2765,20.1939,-2.9061,4.3727,40.3509,96.7
COL,Colombia,2012,370691143018.039,3.9126,8108.5984,3.1693,8.6554,9.959,22946523.0,45715810.0,75.611,38.8352,18.8112,20.0239,-3.1401,4.0573,48.98,97.0
COL,Colombia,2013,382093697077.685,5.134,8279.1026,2.017,8.908,9.246,23081167.0,46151584.0,75.834,37.9866,18.0864,19.9002,-3.2362,4.2425,51.7,97.8
COL,Colombia,2014,381240864422.407,4.499,8187.2082,2.8988,8.4429,8.799,23376219.0,46565429.0,75.95,37.4875,16.6347,20.8527,-5.1984,4.2411,52.5681,97.8
COL,Colombia,2015,293492370193.166,2.9559,6248.5149,4.9898,8.7855,8.572,23769792.0,46969940.0,76.067,38.3608,15.6502,22.7106,-6.3723,3.9594,55.905,98.2
COL,Colombia,2016,282720100286.228,2.0874,5959.8425,7.5135,9.0321,8.922,23971867.0,47437512.0,76.228,36.2027,14.7171,21.4855,-4.452,4.9016,58.1365,98.4
COL,Colombia,2017,311866875156.879,1.3594,6479.5323,4.3143,8.1345,9.086,24367946.0,48131078.0,76.418,35.2829,15.1453,20.1376,-3.1822,4.3932,62.2599,98.5
COL,Colombia,2018,334198218098.276,2.5643,6816.9682,3.2406,7.1531,9.36,24727292.0,49024465.0,76.579,36.5348,15.8997,20.635,-4.2014,3.3808,64.1264,98.5
COL,Colombia,2019,323031701192.84,3.1869,6472.5454,3.523,7.4675,10.28,25000012.0,49907985.0,76.793,37.5585,15.868,21.6905,-4.5843,4.3306,65.0069,99.4
COL,Colombia,2020,270348342541.465,-7.1859,5339.6871,2.5266,8.2466,15.983,25151123.0,50629997.0,74.757,34.0556,13.5223,20.5333,-3.4277,2.7589,69.7953,99.7
COL,Colombia,2021,318524633225.395,10.8012,6222.6216,3.4951,1.4246,13.898,25915910.0,51188173.0,72.698,40.0591,16.197,23.8621,-5.6352,3.0018,73.0284,100.0
COL,Colombia,2022,345632492851.448,7.3283,6680.4451,10.1772,0.7679,10.541,25828593.0,51737944.0,76.508,48.2827,20.3884,27.8943,-6.0405,4.9712,72.7964,100.0
COL,Colombia,2023,366901643683.302,0.8418,7012.4917,11.7359,13.1202,9.591,26478562.0,52321152.0,77.725,40.1333,17.8078,22.3255,-2.2676,4.5772,77.3369,98.7
COL,Colombia,2024,420504033143.211,1.4933,7951.0862,6.6091,9.4181,9.619,26786696.0,52886363.0,77.913,36.318,16.0805,20.2375,-1.6676,3.2542,79.3454,98.9
COL,Colombia,2025,457410034202.523,2.642,8561.6209,5.1422,8.4315,8.29,27099025.0,53425635.0,,35.369,14.984,20.3849,-2.3792,2.5297,,
COM,Comoros,2000,339504306.2907,-1.007,633.309,,5.296,4.4,118516.0,536080.0,58.941,35.7575,8.8363,26.9212,,0.0276,0.2717,39.8
COM,Comoros,2001,372746486.1668,5.4196,681.1639,5.5546,4.2821,4.379,121375.0,547220.0,59.587,35.7572,8.8363,26.921,,0.3074,0.4431,42.0
COM,Comoros,2002,427360070.3245,4.5977,764.6135,3.533,7.8765,4.372,124260.0,558923.0,59.723,35.7571,8.8362,26.9209,,0.1007,0.5549,44.8
COM,Comoros,2003,546830040.5403,1.9344,959.691,3.7991,6.5768,4.559,127081.0,569798.0,60.24,35.757,8.8361,26.9208,-3.3722,0.1451,0.8482,46.5
COM,Comoros,2004,622679660.3714,3.1004,1072.2841,4.475,10.518,4.571,130361.0,580704.0,60.557,35.7571,8.836,26.921,-3.3301,0.108,1.3273,48.7
COM,Comoros,2005,655375095.9062,5.6652,1105.788,3.0133,11.4539,4.527,135802.0,592677.0,60.883,35.7574,8.8363,26.9211,-4.097,0.0853,2.0,51.0
COM,Comoros,2006,688498641.5125,-1.7544,1138.4791,3.3744,4.2944,4.482,141390.0,604753.0,61.229,35.7573,8.8362,26.9211,-3.2736,0.1131,2.2,53.2
COM,Comoros,2007,795673152.8671,0.8036,1289.7363,4.4662,5.2029,4.474,147128.0,616927.0,61.475,33.1562,8.9753,24.1808,-3.9739,0.9667,2.5,55.5
COM,Comoros,2008,915659107.9658,3.9646,1455.0277,1.7008,7.1315,4.416,153038.0,629307.0,61.955,36.2185,8.2213,27.9972,-7.5347,0.5079,3.0,57.8
COM,Comoros,2009,905341172.7058,3.2407,1410.3052,4.3623,9.4211,4.303,159104.0,641947.0,62.302,37.8969,9.3119,28.585,-4.3503,1.5287,3.5,60.1
COM,Comoros,2010,907979446.4196,3.7778,1386.5753,3.3548,8.6794,4.19,165266.0,654836.0,62.747,39.5501,9.6389,29.9112,-4.3322,0.9197,5.1,69.7
COM,Comoros,2011,1023087475.6836,4.1435,1531.4397,1.8427,7.2339,4.12,171513.0,668056.0,63.105,40.0009,9.9564,30.0445,-5.4247,2.2597,5.5,69.3
COM,Comoros,2012,1015842906.664,3.1684,1490.3143,6.3147,5.9746,4.091,177826.0,681630.0,63.463,40.8104,8.9459,31.8646,-4.0497,1.0213,5.9753,69.3
COM,Comoros,2013,1116223107.0317,4.4662,1603.3265,-4.2949,8.5972,3.98,183981.0,696192.0,63.839,39.2433,9.0484,30.1949,,0.3791,6.5,69.4
COM,Comoros,2014,1149587562.0675,2.1067,1615.7171,7.5476,9.5848,3.984,189935.0,711503.0,64.143,39.2358,9.6765,29.5594,-3.7803,0.4075,6.98,71.8
COM,Comoros,2015,966029600.8622,1.1474,1329.3705,-0.1172,11.0808,4.031,201635.0,726682.0,64.473,37.805,10.1362,27.6688,-0.2565,0.511,7.4592,74.1
COM,Comoros,2016,1012835493.1932,3.3204,1365.484,0.7975,8.6369,4.117,213692.0,741741.0,64.792,37.1329,10.6729,26.46,-4.3486,0.3525,7.9383,76.4
COM,Comoros,2017,1077439756.5945,3.8158,1423.9248,-0.2374,10.057,4.049,226302.0,756669.0,65.127,40.1644,11.9013,28.263,-2.132,0.3638,8.4782,78.7
COM,Comoros,2018,1188797449.3858,3.6425,1540.7113,2.1516,8.5082,3.975,239430.0,771590.0,65.401,42.9962,12.909,30.0871,-2.8323,0.4772,,81.0
COM,Comoros,2019,1195019531.9011,1.7608,1519.2639,3.5821,6.0368,3.926,252874.0,786578.0,65.662,42.2681,12.7735,29.4946,-3.3317,0.3599,16.3838,83.3
COM,Comoros,2020,1225039196.6109,-0.1956,1527.1699,0.7866,7.3747,4.468,264785.0,802163.0,65.756,33.7299,5.6718,28.0582,-1.7998,0.3164,22.4204,85.6
COM,Comoros,2021,1299039312.2228,2.0425,1587.7299,-0.0044,7.4925,4.394,279968.0,818174.0,65.201,42.0677,9.917,32.1507,-0.3138,0.3098,30.6812,87.9
COM,Comoros,2022,1279542248.9629,2.4538,1533.8776,12.532,0.0493,3.879,288181.0,834188.0,66.481,50.3888,12.947,37.4417,-0.4101,0.3227,31.3741,89.9
COM,Comoros,2023,1465977684.3131,3.1866,1723.8947,8.3737,,3.833,295028.0,850387.0,66.777,44.4399,10.3108,34.129,-1.6795,0.3651,31.9275,89.8
COM,Comoros,2024,1610082688.2662,3.3007,1857.8706,5.0519,,3.815,301817.0,866628.0,67.023,41.4806,9.2314,32.2493,,0.441,32.5175,91.7
COM,Comoros,2025,1814920856.2703,3.7544,2055.7592,3.2491,,3.819,310841.0,882847.0,,40.8852,9.2978,31.5874,,,,
CPV,Cabo Verde,2000,539227277.6264,14.2849,1189.5148,-2.4775,,13.024,153739.0,453317.0,68.117,87.5206,27.0072,60.5134,-11.1545,6.3428,1.8224,58.6
CPV,Cabo Verde,2001,563090490.3774,2.2317,1223.3306,3.35,,13.242,157762.0,460293.0,68.707,92.1637,29.8094,62.3543,-9.8995,1.6001,2.6853,60.3
CPV,Cabo Verde,2002,620507387.4662,5.2509,1328.5787,1.8845,,13.379,161946.0,467046.0,69.447,101.0897,32.545,68.5447,-11.5147,2.3785,3.5188,58.6
CPV,Cabo Verde,2003,813260468.8738,4.1763,1717.9757,1.1882,,13.604,166090.0,473383.0,70.006,98.7684,31.3644,67.404,-11.1255,4.8221,4.3249,63.7
CPV,Cabo Verde,2004,924940011.8369,10.1971,1929.4908,-1.8908,,13.456,170161.0,479370.0,70.499,101.5672,32.0042,69.563,-14.0636,7.3127,5.3188,65.4
CPV,Cabo Verde,2005,972241676.9077,6.9125,2004.1468,0.4189,,13.439,174138.0,485115.0,70.936,104.3438,37.7774,66.5665,-4.1821,8.2812,6.0741,67.0
CPV,Cabo Verde,2006,1107571457.9061,7.9838,2256.9967,5.3691,5.8911,13.378,178016.0,490728.0,71.341,117.8167,45.1322,72.6845,-7.4695,11.8764,6.8089,68.8
CPV,Cabo Verde,2007,1649621738.6369,15.1707,3324.5768,4.411,-6.7618,13.294,181799.0,496190.0,71.487,94.2062,33.7459,60.4603,-12.0126,11.6247,8.2832,70.5
CPV,Cabo Verde,2008,1959620648.3158,7.039,3908.6489,6.7744,6.0516,13.307,185468.0,501355.0,71.888,90.9664,34.3405,56.6259,-10.4743,10.7625,14.0,72.3
CPV,Cabo Verde,2009,1852334575.1752,-1.5036,3659.7205,0.9911,8.8491,13.517,188994.0,506141.0,72.142,80.461,29.0378,51.4231,-13.2226,6.8024,21.0,74.1
CPV,Cabo Verde,2010,1824751467.9296,1.8364,3579.4601,2.0787,10.318,10.67,204374.0,509784.0,72.507,85.5484,30.2838,55.2646,-12.2082,6.368,30.0,81.1
CPV,Cabo Verde,2011,2046817987.2011,3.9247,4002.0139,4.4739,6.8749,10.956,207854.0,511447.0,72.913,90.5565,32.8743,57.6822,-14.8786,4.9954,32.0,82.3
CPV,Cabo Verde,2012,1913081210.4141,1.0836,3736.8152,2.5404,9.1607,11.145,210577.0,511955.0,73.315,90.6499,37.4635,53.1865,-12.7312,6.6913,34.74,83.2
CPV,Cabo Verde,2013,2028910915.1645,0.6321,3960.976,1.5065,8.9676,11.398,212810.0,512225.0,73.481,86.1699,37.5168,48.653,-5.2915,4.4013,37.5,84.3
CPV,Cabo Verde,2014,2041930125.4298,0.6967,3985.6071,-0.2388,11.0051,11.689,214593.0,512326.0,73.788,91.3039,37.2483,54.0556,-8.2746,8.8441,40.26,85.3
CPV,Cabo Verde,2015,1749857620.3533,0.936,3415.0627,0.1312,8.6453,11.923,215930.0,512394.0,74.096,94.0085,41.1352,52.8733,-2.8913,5.4902,42.683,86.4
CPV,Cabo Verde,2016,1849789985.9957,4.2807,3608.9661,-1.4078,7.7958,12.085,216787.0,512554.0,74.35,95.3781,41.4729,53.9052,-3.4672,6.8285,50.3228,87.5
CPV,Cabo Verde,2017,1996741539.9509,4.5513,3893.0957,0.7844,8.0863,12.24,217299.0,512893.0,74.71,100.0521,42.0688,57.9833,-6.9931,5.5947,57.1621,88.6
CPV,Cabo Verde,2018,2205099506.9999,3.707,4294.9651,1.257,7.147,12.17,204314.0,513415.0,74.84,105.8675,45.866,60.0015,-4.4017,4.696,59.5,90.2
CPV,Cabo Verde,2019,2252177124.324,6.9478,4380.7812,1.1067,8.3877,12.123,211472.0,514104.0,75.449,103.6027,46.705,56.8976,-0.9687,5.4579,61.9434,91.4
CPV,Cabo Verde,2020,1821565613.6861,-20.8053,3539.2266,0.6058,7.7998,14.65,196815.0,514679.0,73.818,78.3935,25.2934,53.1001,-15.6834,3.7122,69.3734,93.7
CPV,Cabo Verde,2021,2051842618.7054,7.0335,3971.4441,1.8622,6.1859,13.932,201583.0,516649.0,74.424,77.4551,23.8498,53.6053,-12.215,4.4573,70.2825,95.5
CPV,Cabo Verde,2022,2247003344.3424,15.8437,4323.3136,7.9309,1.3997,12.239,216497.0,519741.0,75.907,96.9941,38.6843,58.3099,-3.4834,5.4301,73.3274,97.1
CPV,Cabo Verde,2023,2504525537.5107,4.7948,4794.9012,3.7244,4.1348,11.882,219684.0,522331.0,76.059,95.0325,39.2805,55.752,-2.7695,6.338,74.5992,98.6
CPV,Cabo Verde,2024,2713721857.3915,6.9889,5170.2053,1.0482,6.3114,11.883,222880.0,524877.0,76.224,96.9023,42.6793,54.223,3.9417,4.051,74.7352,98.4
CPV,Cabo Verde,2025,3056630435.3246,6.297,5796.4721,2.3433,5.9005,11.939,226448.0,527326.0,,95.3285,41.9761,53.3524,3.5257,5.0334,,
CRI,Costa Rica,2000,15013629579.1557,3.8021,3812.7539,10.9615,14.0958,5.08,1596716.0,3937739.0,77.317,86.5249,42.9303,43.5946,-4.5596,4.8185,5.8003,96.9
CRI,Costa Rica,2001,15976174476.2368,3.4912,3985.1299,11.2556,12.8616,6.051,1679060.0,4008947.0,77.609,80.8528,40.5086,40.3442,-3.2189,3.8923,9.5595,98.2
CRI,Costa Rica,2002,16578820799.2885,3.4169,4067.7185,9.1675,15.1473,6.396,1710423.0,4075705.0,77.939,80.4139,39.2245,41.1894,-5.1878,4.362,19.8949,98.5
CRI,Costa Rica,2003,17271760397.3311,4.3172,4173.1485,9.4476,13.4978,6.654,1762605.0,4138784.0,78.214,83.3277,40.6717,42.656,-5.209,4.4835,20.3336,98.7
CRI,Costa Rica,2004,18610594843.9248,4.4246,4431.0117,12.3148,8.8886,6.445,1771024.0,4200078.0,78.512,85.2565,42.2077,43.0488,-3.6272,5.8231,20.7923,99.0
CRI,Costa Rica,2005,20040642420.6914,3.9767,4703.0072,13.7983,10.3019,6.749,1888687.0,4261240.0,78.877,89.2227,43.4645,45.7581,-4.2915,7.6284,22.07,99.1
CRI,Costa Rica,2006,22715540342.2983,7.3267,5256.5964,11.4706,8.1463,5.926,1911390.0,4321340.0,79.049,89.8146,43.314,46.5005,-4.1325,7.9285,25.1,99.1
CRI,Costa Rica,2007,26884700687.8286,8.2151,6137.712,9.3572,2.0644,4.557,1978866.0,4380248.0,79.098,86.4566,40.5821,45.8745,-5.575,8.3374,28.4,99.2
CRI,Costa Rica,2008,30801745703.3018,4.7382,6937.2426,13.4245,3.9522,4.934,2003972.0,4440056.0,79.18,86.4015,38.8065,47.5951,-8.3779,7.909,32.29,99.3
CRI,Costa Rica,2009,30745714234.4959,-0.8735,6832.6983,7.8427,9.1357,7.824,2030924.0,4499791.0,79.372,69.7593,34.6323,35.127,-1.8233,5.2515,34.33,99.4
CRI,Costa Rica,2010,37658616965.6866,5.3603,8265.7882,5.6628,9.8116,7.171,2027352.0,4555962.0,79.354,67.5121,32.8294,34.6827,-3.2234,5.0637,36.5,99.0
CRI,Costa Rica,2011,42762613784.989,4.4032,9276.3911,4.878,11.0453,9.518,2114264.0,4609833.0,79.624,68.6391,32.4725,36.1667,-5.2968,6.3917,39.2122,99.2
CRI,Costa Rica,2012,47231655492.7812,4.8826,10126.9991,4.4955,12.8697,9.11,2283817.0,4663934.0,79.925,67.0485,31.6513,35.3972,-5.1048,5.7087,47.5,99.5
CRI,Costa Rica,2013,50949668762.8328,2.4948,10803.2402,5.2313,10.133,8.218,2299128.0,4716147.0,80.189,64.0664,30.5916,33.4748,-4.7717,6.2913,45.96,99.6
CRI,Costa Rica,2014,52016408816.1842,3.5421,10911.4979,4.5192,8.1879,8.499,2357268.0,4767119.0,80.231,65.1912,31.3629,33.8283,-4.716,6.2329,53.0,99.4
CRI,Costa Rica,2015,56441920888.425,3.6521,11714.7106,0.802,9.8871,8.415,2344336.0,4818038.0,80.407,60.7536,29.9957,30.7579,-3.404,5.2364,59.763,99.4
CRI,Costa Rica,2016,58847019587.626,4.2043,12091.0302,-0.0175,9.4939,8.085,2262369.0,4866998.0,79.988,62.1785,31.2601,30.9184,-2.1365,4.453,65.8804,99.5
CRI,Costa Rica,2017,60516044660.7496,4.1577,12317.0903,1.6259,8.2698,7.729,2300637.0,4913177.0,79.994,65.072,32.7627,32.3093,-3.6168,4.8333,71.5817,99.6
CRI,Costa Rica,2018,62567765946.2665,2.8529,12620.0207,2.2211,8.7332,9.01,2422784.0,4957818.0,80.09,66.7874,33.6589,33.1285,-2.9845,4.818,73.4797,99.7
CRI,Costa Rica,2019,64753504730.018,2.7081,12951.8588,2.096,6.0243,10.807,2534006.0,4999553.0,80.296,65.4195,34.1473,31.2722,-1.1597,4.199,81.2026,99.7
CRI,Costa Rica,2020,62806591554.7345,-4.1416,12475.6852,0.7249,5.8216,16.432,2419333.0,5034320.0,79.725,59.7464,31.6977,28.0486,-0.9954,3.3484,80.5302,99.9
CRI,Costa Rica,2021,65588938787.0243,8.2182,12962.2716,1.7265,3.0194,15.139,2491035.0,5059988.0,78.05,70.1037,35.8299,34.2738,-3.321,5.4778,82.749,100.0
CRI,Costa Rica,2022,71001226360.8008,5.4612,13971.765,8.2748,0.3342,11.325,2504874.0,5081765.0,79.316,79.0524,40.5888,38.4636,-2.6068,7.3402,82.598,100.0
CRI,Costa Rica,2023,87512637055.7736,4.7919,17140.7714,0.5252,10.329,8.325,2340628.0,5105525.0,80.799,71.438,38.0957,33.3423,-1.423,6.0557,85.3951,100.0
CRI,Costa Rica,2024,96715644330.6612,4.0829,18853.2829,-0.4129,6.7663,6.936,2402966.0,5129910.0,80.996,69.8534,37.5298,32.3235,-0.8679,5.5869,87.1702,99.8
CRI,Costa Rica,2025,102904921157.478,4.5603,19970.0989,-0.0737,7.453,6.843,2427166.0,5152950.0,,71.4919,38.8499,32.642,-0.6674,5.429,,
CUB,Cuba,2000,30565400000.0,5.9148,2751.3818,,,5.45,4697933.0,11109109.0,75.922,31.076,14.13,16.946,,,0.5412,97.0
CUB,Cuba,2001,31682400000.0,3.185,2842.967,,,4.08,4738313.0,11144132.0,76.429,29.3611,13.2345,16.1266,,,1.0798,96.2
CUB,Cuba,2002,33590500000.0,1.4248,3005.211,,,3.31,4773419.0,11177418.0,76.766,24.7293,11.5271,13.2022,,,3.7706,95.5
CUB,Cuba,2003,35901200000.0,3.7927,3202.7811,,,2.33,4810512.0,11209383.0,77.405,26.5871,12.9519,13.6352,,,5.2413,96.5
CUB,Cuba,2004,38203000000.0,5.7705,3399.2196,,,1.854,4850406.0,11238756.0,77.326,31.3114,16.0218,15.2896,,,8.408,96.6
CUB,Cuba,2005,42643836100.0,11.2017,3786.338,,,1.95,4898212.0,11262554.0,77.54,39.3614,21.018,18.3433,,,9.7381,96.8
CUB,Cuba,2006,48835925925.9259,12.0659,4329.9827,,,1.913,4944666.0,11278550.0,77.406,37.188,18.7135,18.4746,,,11.1596,96.9
CUB,Cuba,2007,54262870370.3704,7.2621,4807.4389,,,1.788,4981194.0,11287272.0,77.55,37.9676,20.3364,17.6312,,,11.69,97.1
CUB,Cuba,2008,56302129629.6296,4.1168,4986.1244,,,1.583,5010521.0,11291762.0,77.589,44.9172,20.5676,24.3496,,,12.94,97.3
CUB,Cuba,2009,57481481481.4815,1.4513,5089.2352,,,1.67,5142082.0,11294719.0,77.584,32.914,17.4597,15.4543,,,14.33,97.6
CUB,Cuba,2010,59562962962.963,2.3904,5272.2676,,,2.5,5096065.0,11297409.0,77.876,40.2919,22.5703,17.7217,,,15.9,97.8
CUB,Cuba,2011,68990000000.0,2.8023,6104.4611,,,3.18,5121797.0,11301571.0,78.051,46.9604,25.1036,21.8568,,,16.0173,98.0
CUB,Cuba,2012,73141000000.0,3.0149,6470.8367,,,3.46,5148474.0,11303175.0,78.162,45.8662,25.511,20.3552,,,21.2,98.3
CUB,Cuba,2013,77148000000.0,2.7476,6828.3643,,,3.29,5174923.0,11298167.0,78.028,44.3239,24.1004,20.2235,,,27.93,98.5
CUB,Cuba,2014,80656100000.0,1.0476,7146.7046,,,2.7,5195184.0,11285775.0,77.825,39.2742,22.0839,17.1903,,,29.0702,98.7
CUB,Cuba,2015,87132800000.0,4.4383,7727.92,,,2.4,5217686.0,11275065.0,77.745,31.6138,17.1474,14.4664,,,37.3051,99.0
CUB,Cuba,2016,91370407900.0,0.5128,8110.5587,,,2.0,5229123.0,11265612.0,77.571,27.2691,14.9825,12.2866,,,42.9787,99.2
CUB,Cuba,2017,96850649700.0,1.8098,8610.6083,,,1.7,5231805.0,11247829.0,77.3,26.2224,14.5513,11.6712,,,57.1484,99.4
CUB,Cuba,2018,100050036100.0,2.2479,8911.4621,,,1.7,5224481.0,11227118.0,77.426,27.0835,14.5227,12.5608,,,62.6789,99.6
CUB,Cuba,2019,103427600000.0,-0.1631,9232.2612,,,1.705,5204593.0,11202846.0,77.413,22.8209,12.2134,10.6075,,,67.9708,99.8
CUB,Cuba,2020,107352000000.0,-10.9494,9605.2791,,,2.233,4943318.0,11176354.0,77.407,15.683,8.1685,7.5145,,,71.1191,99.9
CUB,Cuba,2021,,1.2545,,,,2.11,4945430.0,11122168.0,73.201,80.0238,34.8936,45.1302,,,67.6435,100.0
CUB,Cuba,2022,,1.7747,,,,1.829,5005156.0,11059820.0,77.629,93.8608,40.4896,53.3711,,,67.8841,100.0
CUB,Cuba,2023,,-1.9294,,,,1.73,4949822.0,11019931.0,78.085,120.5339,45.6268,74.9071,,,69.5558,100.0
CUB,Cuba,2024,,-1.0617,,,,1.755,4895340.0,10979783.0,78.264,124.8632,42.4702,82.3931,,,70.477,100.0
CUB,Cuba,2025,,,,,,1.746,4855941.0,10937203.0,,,,,,,,
CUW,Curacao,2000,2120511229.0503,,15841.2612,,,,,133860.0,73.283,,,,,,,100.0
CUW,Curacao,2001,2143450726.257,-0.6958,16609.8455,1.7928,,,,129047.0,73.36,,,,,,,99.9
CUW,Curacao,2002,2160784692.7374,0.3971,16723.6925,0.3914,,,,129205.0,73.472,,,,,,,99.9
CUW,Curacao,2003,2202117374.3017,0.2882,16695.7351,1.6337,,,,131897.0,73.603,,,,,,,99.8
CUW,Curacao,2004,2237160502.7933,0.2085,16671.3403,1.3791,,,,134192.0,73.735,,,,,,,99.8
CUW,Curacao,2005,2344637262.5698,0.6764,17032.3357,4.1171,,,,137658.0,73.873,134.9115,59.4963,75.4152,,,,99.7
CUW,Curacao,2006,2457581731.8436,1.6359,17400.1638,3.115,,,,141239.0,73.978,144.5555,63.3907,81.1649,,,,99.7
CUW,Curacao,2007,2593831508.3799,2.47,18005.7166,2.9957,,,,144056.0,74.137,146.0491,60.8534,85.1957,,,,99.7
CUW,Curacao,2008,2833476145.2514,2.188,19423.3352,6.8763,,,,145880.0,74.314,166.7395,69.4668,97.2728,,,,99.7
CUW,Curacao,2009,2869153184.3575,-0.5313,19540.2477,1.7533,,,,146833.0,74.485,144.7023,60.684,84.0183,,,,99.7
CUW,Curacao,2010,2951342793.2961,0.0823,19847.231,2.7794,,,,148703.0,75.117,143.9322,55.5395,88.3927,,,,100.0
CUW,Curacao,2011,2930092234.6369,0.5085,19426.3264,2.3325,,,,150831.0,75.576,172.9234,72.9857,99.9377,-30.016,2.4061,,100.0
CUW,Curacao,2012,3012836256.9832,-0.349,19809.8223,3.184,,,,152088.0,75.96,183.2365,80.7958,102.4406,-29.7078,2.3135,,100.0
CUW,Curacao,2013,3033568603.352,-0.6357,19721.2922,1.3323,,,,153822.0,76.239,166.4061,74.299,92.1072,-25.1893,-0.0497,,100.0
CUW,Curacao,2014,3059406983.2402,-0.6374,19623.03,1.4987,,,,155909.0,76.384,164.3598,75.9321,88.4277,-16.5331,2.265,,100.0
CUW,Curacao,2015,3058779217.8771,0.4582,19361.813,-0.4765,,,,157980.0,76.482,148.3138,68.4941,79.8197,-16.9787,4.7874,,100.0
CUW,Curacao,2016,3024690167.5978,-1.0677,18944.0961,-0.0472,,,,159664.0,76.322,139.053,62.9955,76.0575,-19.3488,4.3999,61.8555,100.0
CUW,Curacao,2017,3033433240.2235,-1.2762,18938.244,1.5856,,,,160175.0,76.423,139.8124,59.6297,80.1828,-22.4081,5.6926,68.1272,100.0
CUW,Curacao,2018,3046364804.4693,-2.1041,19119.1244,2.5837,,,,159336.0,76.493,155.2689,63.246,92.0229,-26.6789,4.1664,,100.0
CUW,Curacao,2019,3026124134.0782,-3.2061,19220.6867,2.6222,,,,157441.0,76.492,,,,-17.8688,6.7159,,100.0
CUW,Curacao,2020,2534327597.7654,-18.4385,16299.8135,,,,,155482.0,76.501,,,,-27.179,6.1453,,100.0
CUW,Curacao,2021,2739594357.5419,4.1837,17795.5826,,,,,153948.0,75.686,,,,-18.5706,6.2386,,100.0
CUW,Curacao,2022,3075180837.9888,6.906,20057.1405,,,,,153321.0,76.729,,,,-26.7518,5.7108,,100.0
CUW,Curacao,2023,3281419329.6089,4.202,21217.8109,,,,,154654.0,76.8,,,,-19.9514,4.1629,,100.0
CUW,Curacao,2024,3561178212.2905,5.0269,22832.8955,,,,,155967.0,76.989,,,,,4.3471,,100.0
CUW,Curacao,2025,,,,,,,,156263.0,,,,,,,,
CYM,Cayman Islands,2000,,,,,,,,39674.0,74.378,,,,,,,100.0
CYM,Cayman Islands,2001,,,,,,,,41089.0,74.529,,,,,,,100.0
CYM,Cayman Islands,2002,,,,,,,,42514.0,74.609,,,,,,,100.0
CYM,Cayman Islands,2003,,,,,,,,43934.0,74.639,,,,,,,100.0
CYM,Cayman Islands,2004,,,,,,,,45352.0,74.596,,,,,,,100.0
CYM,Cayman Islands,2005,,,,,,,,46788.0,74.863,,,,,,38.0344,100.0
CYM,Cayman Islands,2006,4200288241.153,,87085.0937,,,,,48232.0,75.0,,,,,590.9341,44.5,100.0
CYM,Cayman Islands,2007,4466278065.1123,3.1626,89888.2618,,,,,49687.0,75.152,,,,,631.6341,52.0,100.0
CYM,Cayman Islands,2008,4585949023.7961,-0.3574,89655.1196,,,,,51151.0,75.386,,,,,426.4272,61.0,100.0
CYM,Cayman Islands,2009,4281714566.8583,-7.2005,81373.5712,,,,,52618.0,75.671,,,,,474.0635,64.5,100.0
CYM,Cayman Islands,2010,4156841107.3644,-2.7156,76837.67,0.2761,,,,54099.0,76.069,,,,,504.3725,66.0,100.0
CYM,Cayman Islands,2011,4186073104.2924,1.1691,75280.9608,1.3254,,,,55606.0,76.562,,,,,743.7007,69.4659,100.0
CYM,Cayman Islands,2012,4291004524.0181,1.2298,75101.5914,1.1889,,,,57136.0,77.121,,,,,500.8059,69.7,100.0
CYM,Cayman Islands,2013,4405796023.1841,1.2793,75113.7332,2.1606,,,,58655.0,77.652,,,,,792.3198,71.4,100.0
CYM,Cayman Islands,2014,4562853611.4144,2.6545,75845.306,1.274,,,,60160.0,77.865,,,,,1009.0311,74.1,100.0
CYM,Cayman Islands,2015,4708167232.6689,2.8331,76379.2095,-2.3475,,,,61642.0,78.119,,,,,1709.8272,77.0,100.0
CYM,Cayman Islands,2016,4909322237.2889,3.24,77802.2542,-0.6253,,,,63100.0,78.367,,,,-14.3926,54.6763,79.0,100.0
CYM,Cayman Islands,2017,5166281305.1252,3.184,80053.9445,,,,,64535.0,78.615,117.4366,74.0218,43.4148,-16.8691,48.5159,81.0677,100.0
CYM,Cayman Islands,2018,5530178440.7138,4.2673,83865.5532,,,,,65941.0,78.835,117.1171,71.5878,45.5293,-16.7724,3.1399,,100.0
CYM,Cayman Islands,2019,5941896607.5864,3.9156,88254.2904,,,,,67327.0,79.052,114.8385,69.471,45.3675,-10.8861,18.1831,,100.0
CYM,Cayman Islands,2020,5655357984.2422,-4.9548,82338.7977,,,,,68684.0,79.23,105.4728,59.6336,45.8392,-16.3464,123.314,,100.0
CYM,Cayman Islands,2021,6060813808.1507,4.8694,86449.6749,,,,,70108.0,79.3,,,,-13.1039,-13.3284,,100.0
CYM,Cayman Islands,2022,6653516041.4393,5.6608,92937.8838,,,,,71591.0,79.984,,,,-11.2644,-47.2643,,100.0
CYM,Cayman Islands,2023,7308564549.2868,5.8044,100065.2338,,,,,73038.0,80.358,,,,-9.7248,165.4581,,100.0
CYM,Cayman Islands,2024,7765336505.3432,3.7564,104292.9007,,,,,74457.0,80.54,,,,-8.8351,40.9173,,100.0
CYM,Cayman Islands,2025,,,,,,,,75844.0,,,,,,,,
CYP,Cyprus,2000,9985847313.8549,5.9653,14388.3525,4.1417,,4.766,444571.0,947667.0,77.9,137.4949,69.9628,67.5321,-4.8875,8.5609,15.2554,100.0
CYP,Cyprus,2001,10397898907.1038,3.9526,14821.4492,1.973,,4.043,467154.0,964127.0,78.185,131.8491,68.2089,63.6402,-3.0992,9.0859,18.8188,100.0
CYP,Cyprus,2002,11420228846.1538,3.723,16093.2158,2.8012,,3.336,477404.0,981440.0,78.758,123.6413,62.4053,61.236,-3.3201,9.6622,28.32,100.0
CYP,Cyprus,2003,14547329558.3239,2.6233,20252.2461,4.1391,,4.153,498316.0,999590.0,78.908,114.0046,57.7621,56.2425,-2.0077,6.2427,30.09,100.0
CYP,Cyprus,2004,17320551250.0,5.0263,23792.6191,2.2862,,4.77,512182.0,1017875.0,79.007,113.9036,56.8898,57.0138,-4.7733,6.4596,33.83,100.0
CYP,Cyprus,2005,18433412510.8817,4.853,24959.2617,2.5602,,5.481,525197.0,1036151.0,79.198,111.9171,55.6921,56.225,-5.2668,6.3036,32.81,100.0
CYP,Cyprus,2006,20072754986.8272,4.7138,26729.2812,2.3047,,4.593,538627.0,1054418.0,79.456,109.8065,53.4358,56.3707,-6.3679,9.3256,35.83,100.0
CYP,Cyprus,2007,23968727073.6381,5.0982,31244.8789,2.3727,,3.946,556863.0,1072714.0,79.798,111.2751,53.259,58.0161,-7.6367,9.5735,40.77,100.0
CYP,Cyprus,2008,27958384913.4219,3.647,35541.8867,4.669,,3.756,569349.0,1091026.0,79.906,112.9259,50.0817,62.8442,-14.3855,44.3648,42.31,100.0
CYP,Cyprus,2009,26048190775.3879,-2.0151,32236.4629,0.3263,,5.594,583119.0,1109371.0,80.375,102.7911,48.7223,54.0688,-6.6707,252.6677,49.81,100.0
CYP,Cyprus,2010,25799940416.0167,2.2827,31105.0273,2.43,,6.359,600971.0,1127816.0,80.632,108.9017,50.3345,58.5672,-10.7623,125.2727,52.99,100.0
CYP,Cyprus,2011,27641553201.0506,0.4167,32485.8047,3.2894,,7.942,610147.0,1146493.0,80.855,110.6171,53.4541,57.163,-2.0934,151.7369,56.8599,100.0
CYP,Cyprus,2012,25047433099.5891,-3.4474,28991.9297,2.3891,,12.097,623910.0,1165397.0,81.128,112.3443,55.2784,57.0659,-3.8686,289.8582,60.6899,100.0
CYP,Cyprus,2013,23959708956.2926,-6.5875,27764.7266,-0.3994,,16.131,635175.0,1183895.0,81.317,120.9262,61.2966,59.6296,-1.5032,108.0903,65.4548,100.0
CYP,Cyprus,2014,23225912183.4991,-1.7761,26993.0957,-1.355,,16.277,651925.0,1201801.0,81.337,130.8444,65.9517,64.8927,-4.0762,233.1658,69.3287,100.0
CYP,Cyprus,2015,19909269064.8473,3.4189,23088.4297,-2.097,,15.026,657397.0,1219502.0,81.464,137.2764,70.0173,67.2591,-0.2442,137.2207,71.7157,100.0
CYP,Cyprus,2016,21046452117.3759,6.5736,24280.0449,-1.4292,,13.006,663048.0,1237112.0,81.534,139.0221,70.4841,68.538,-3.8701,15.8272,75.9002,100.0
CYP,Cyprus,2017,22946583375.5506,5.7508,26247.4648,0.5318,,11.155,678816.0,1254275.0,81.543,148.0134,73.8365,74.1769,-4.9123,184.0542,80.7432,100.0
CYP,Cyprus,2018,25754011492.2204,6.2717,29120.3867,1.4355,,8.504,698503.0,1270737.0,81.556,147.6236,74.5111,73.1124,-3.7412,307.0866,84.4336,100.0
CYP,Cyprus,2019,26196660680.1176,5.8756,29227.168,0.2504,,7.155,715150.0,1286671.0,81.454,150.5062,75.7589,74.7473,-5.5236,431.7886,86.0636,100.0
CYP,Cyprus,2020,25555082266.6429,-3.2206,28130.3301,-0.6384,,7.755,719491.0,1302247.0,81.23,160.6687,79.6473,81.0215,-9.7052,-296.0133,90.8019,100.0
CYP,Cyprus,2021,30372637513.1352,11.3976,32937.8359,2.4461,,7.513,735675.0,1317309.0,80.573,176.8277,90.7578,86.0699,-5.5666,21.8171,90.7595,100.0
CYP,Cyprus,2022,31218047043.8386,8.7385,33231.0508,8.3955,,6.806,755975.0,1331370.0,80.434,205.7535,104.6661,101.0875,-6.9757,0.1726,89.601,100.0
CYP,Cyprus,2023,35075440602.5202,3.6205,36623.707,3.5413,,5.835,767136.0,1344976.0,81.648,190.741,96.39,94.351,-9.7018,-63.1546,91.2211,100.0
CYP,Cyprus,2024,37634551820.7367,3.9408,38674.3125,1.8002,,4.9,765938.0,1358282.0,81.821,190.4029,97.0202,93.3826,-8.1591,-133.8242,89.601,100.0
CYP,Cyprus,2025,41225787247.3309,3.7733,41783.0898,0.1265,,4.924,770268.0,1370754.0,,189.4961,97.5738,91.9223,-6.2932,27.0779,,
CZE,Czechia,2000,62175642238.0847,4.0107,6062.9215,3.7754,5.3094,8.764,5175714.0,10255063.0,74.9683,97.4984,47.8222,49.6762,-4.3261,8.021,9.7805,100.0
CZE,Czechia,2001,68135304463.9641,2.9172,6669.0749,4.6627,2.1555,8.128,5146214.0,10216605.0,75.1732,98.5369,48.6218,49.915,-4.8031,8.2787,14.6972,100.0
CZE,Czechia,2002,82607869609.574,1.5135,8101.2602,1.903,3.817,7.28,5141940.0,10196916.0,75.222,90.8793,44.7797,46.0995,-5.1627,10.2855,23.93,100.0
CZE,Czechia,2003,100435924704.881,3.3008,9852.4568,0.1187,4.4735,7.777,5134951.0,10193998.0,75.1707,94.6469,46.5673,48.0795,-5.7604,2.0125,34.3,100.0
CZE,Czechia,2004,120147899983.657,4.7363,11782.5547,2.7601,1.8936,8.298,5133307.0,10197101.0,75.722,113.174,56.8995,56.2745,-3.7098,5.3463,35.5,100.0
CZE,Czechia,2005,137264185596.1,6.375,13442.4916,1.8571,5.6522,7.927,5175001.0,10211216.0,75.9244,121.1913,61.7589,59.4324,-2.0469,10.0027,35.27,100.0
CZE,Czechia,2006,156236258386.589,6.6232,15259.0788,2.534,4.8771,7.141,5192187.0,10238905.0,76.5244,127.051,64.887,62.164,-2.5577,4.5649,47.93,100.0
CZE,Czechia,2007,190040702286.917,5.4888,18452.6533,2.8531,2.1509,5.316,5188860.0,10298828.0,76.7244,129.8767,66.1505,63.7262,-4.7072,7.2698,51.93,100.0
CZE,Czechia,2008,236506264753.95,2.6123,22774.7045,6.3587,4.1415,4.392,5203709.0,10384603.0,76.9756,123.9048,63.0342,60.8706,-1.8638,3.7273,62.97,100.0
CZE,Czechia,2009,206971882704.716,-4.7983,19817.4216,1.0194,3.2586,6.662,5244400.0,10443936.0,77.078,113.0493,58.4758,54.5735,-2.3529,2.547,64.43,100.0
CZE,Czechia,2010,211168667286.27,2.7147,20160.4355,1.4727,6.404,7.281,5230927.0,10474410.0,77.4244,126.7565,64.8916,61.8649,-3.4812,4.815,68.82,100.0
CZE,Czechia,2011,231429378717.312,1.7724,22049.1081,1.9172,5.9521,6.712,5223171.0,10496088.0,77.8732,136.7509,70.2506,66.5002,-2.1692,1.8099,70.49,100.0
CZE,Czechia,2012,210363223087.728,-0.7707,20014.0354,3.2876,4.0095,6.979,5253910.0,10510785.0,78.0756,145.4802,75.1048,70.3754,-1.5014,4.4842,73.43,100.0
CZE,Czechia,2013,213024360541.119,-0.0418,20260.4955,1.4383,3.6519,6.953,5300303.0,10514272.0,78.1756,145.5022,75.5804,69.9218,-0.5191,3.4539,74.1104,100.0
CZE,Czechia,2014,210911285077.683,2.2452,20038.4163,0.344,1.8871,6.108,5296601.0,10525347.0,78.8244,156.4151,81.351,75.0641,0.217,3.8351,74.2317,100.0
CZE,Czechia,2015,189107698561.919,4.9588,17931.5988,0.3094,3.0108,5.048,5305064.0,10546059.0,78.578,154.0184,80.0126,74.0058,0.447,0.8989,75.6688,100.0
CZE,Czechia,2016,198160659303.939,2.5809,18753.9687,0.6835,2.3805,3.952,5344644.0,10566332.0,79.0268,148.547,78.1083,70.4387,1.7473,5.4757,76.4812,100.0
CZE,Czechia,2017,221563575696.217,5.1736,20913.1976,2.4505,1.8746,2.893,5370664.0,10594438.0,78.978,147.7508,77.6844,70.0664,1.353,5.0707,78.7192,100.0
CZE,Czechia,2018,251992360762.236,2.8303,23705.933,2.1495,0.7083,2.246,5405110.0,10629928.0,79.0293,145.1417,75.6098,69.5319,0.4519,3.3035,80.6882,100.0
CZE,Czechia,2019,256794209028.77,3.5658,24062.719,2.8479,-0.1495,2.015,5394887.0,10671870.0,79.2293,138.1546,72.1249,66.0298,0.3562,4.1871,80.8669,100.0
CZE,Czechia,2020,251109660602.536,-5.3049,23472.8915,3.1613,-1.1213,2.55,5343016.0,10697858.0,78.2268,128.7804,67.761,61.0195,1.7852,3.3911,81.3389,100.0
CZE,Czechia,2021,290972714482.313,4.029,27696.462,3.8398,-0.8,2.803,5242069.0,10505772.0,77.222,137.3781,70.55,66.8281,-2.0462,4.4303,82.6706,100.0
CZE,Czechia,2022,301831228325.556,2.8472,28282.2237,15.1002,-4.0913,2.224,5369986.0,10672118.0,78.9293,144.0115,72.4094,71.6021,-4.5205,3.0294,84.5401,100.0
CZE,Czechia,2023,345059295659.911,0.0476,31761.5944,10.6613,-3.6051,2.579,5536510.0,10864042.0,79.8268,131.8926,68.4031,63.4895,-0.1254,3.4462,85.994,100.0
CZE,Czechia,2024,347082562221.377,1.2513,31827.7553,2.4353,0.781,2.6,5593139.0,10905028.0,79.978,131.4666,68.8585,62.6081,1.6961,3.8934,87.6878,100.0
CZE,Czechia,2025,391026962800.475,2.5805,35917.2724,2.46,1.1165,2.825,5578235.0,10886878.0,,128.0394,66.9451,61.0943,0.6248,2.6862,,
DEU,Germany,2000,1966980701145.1,2.8765,23925.856,1.4403,,7.917,40210993.0,82211508.0,77.9268,59.1956,29.6807,29.5149,-1.7665,12.6085,30.2163,100.0
DEU,Germany,2001,1966381496641.73,1.6361,23878.3641,1.9839,,7.773,40298909.0,82349925.0,78.3293,59.5593,30.5604,28.9989,-0.4477,2.8961,31.6509,100.0
DEU,Germany,2002,2102350798305.89,-0.2283,25486.5942,1.4208,,8.482,40394421.0,82488495.0,78.2293,58.3326,31.1905,27.1421,1.7147,2.4386,48.82,100.0
DEU,Germany,2003,2534715518349.01,-0.5298,30711.1023,1.0342,,9.779,40574932.0,82534176.0,78.3805,58.9145,31.2678,27.6467,1.2584,2.5802,55.9,100.0
DEU,Germany,2004,2852317768061.78,1.1621,34566.7359,1.6657,,10.727,40416992.0,82516260.0,78.6805,62.9065,33.9352,28.9713,4.2668,-0.7155,64.73,100.0
DEU,Germany,2005,2893393187361.87,0.8855,35084.4364,1.5469,,11.193,41133962.0,82469422.0,78.9317,66.9531,35.9531,31.0,4.399,2.068,68.71,100.0
DEU,Germany,2006,3046308753670.58,3.8667,36980.335,1.5774,,10.277,41693194.0,82376451.0,79.1317,72.7592,38.9694,33.7897,5.5259,2.8705,72.16,100.0
DEU,Germany,2007,3484056680854.91,2.8891,42350.9217,2.2983,,8.732,41795078.0,82266372.0,79.5341,74.8838,40.6368,34.247,6.5155,1.4594,75.16,100.0
DEU,Germany,2008,3808197720125.0,0.8879,46379.1648,2.6284,,7.508,41800249.0,82110097.0,79.7366,76.1132,40.9489,35.1643,5.4077,0.8128,78.0,100.0
DEU,Germany,2009,3478545516683.59,-5.5446,42471.8869,0.3127,,7.88,41823603.0,81902307.0,79.8366,66.1391,35.4545,30.6846,5.6604,1.63,79.0,100.0
DEU,Germany,2010,3467093769666.67,4.1346,42396.9666,1.1038,,7.043,41860532.0,81776930.0,79.9878,73.8852,39.4953,34.3899,5.5881,2.4815,82.0,100.0
DEU,Germany,2011,3823575803793.78,3.758,47630.9762,2.0752,,5.967,41522681.0,80274983.0,80.4366,78.433,41.6436,36.7894,6.0917,2.5509,81.27,100.0
DEU,Germany,2012,3596483233406.25,0.4635,44718.0159,2.0085,,5.372,41764438.0,80425823.0,80.539,79.3316,42.6856,36.6461,7.0198,1.8196,82.35,100.0
DEU,Germany,2013,3807023797050.99,0.397,47206.8354,1.5047,,5.316,42179007.0,80645605.0,80.4902,77.586,41.6803,35.9057,6.5572,1.7652,84.17,100.0
DEU,Germany,2014,3964870735760.77,2.1802,48959.5991,0.9068,,4.979,42451594.0,80982500.0,81.0902,76.8484,41.6937,35.1547,7.1941,0.4378,86.1937,100.0
DEU,Germany,2015,3425099578746.09,1.663,41929.7549,0.5144,,4.612,42693402.0,81686611.0,80.6415,77.7566,42.5854,35.1712,8.0967,1.8224,87.5898,100.0
DEU,Germany,2016,3536787895179.0,2.2222,42948.9382,0.4917,,4.104,43118037.0,82348669.0,80.9902,76.006,41.6355,34.3704,8.9024,1.6437,84.1652,100.0
DEU,Germany,2017,3765351626105.89,2.7979,45553.9341,1.5095,,3.781,43391708.0,82657002.0,80.9927,77.4548,42.203,35.2519,8.0787,2.8891,84.3942,100.0
DEU,Germany,2018,4055433215301.96,1.1357,48916.1687,1.7322,,3.384,43612526.0,82905782.0,80.8927,79.1252,42.4969,36.6283,8.4376,4.0008,87.0371,100.0
DEU,Germany,2019,3959894794039.21,0.9777,47656.1997,1.4457,,3.163,43981829.0,83092962.0,81.2927,79.0732,42.3402,36.733,7.8747,1.9057,88.1345,100.0
DEU,Germany,2020,3941398957073.94,-4.1319,47394.8735,0.1449,,3.881,43372704.0,83160871.0,81.0415,72.9335,39.1198,33.8137,6.3478,4.4852,89.8129,100.0
DEU,Germany,2021,4355251953410.78,3.91,52349.246,3.0667,,3.594,43283278.0,83196078.0,80.7902,79.9195,42.5198,37.3997,6.9201,2.93,91.4306,100.0
DEU,Germany,2022,4201021706478.62,1.8093,50506.518,6.8726,,3.137,43561312.0,83177813.0,80.608,88.7858,45.6284,43.1573,4.1138,1.8227,91.6298,100.0
DEU,Germany,2023,4562207532490.28,-0.8696,54776.7668,5.9464,,3.071,43771247.0,83287273.0,81.0415,81.9625,42.9673,38.9953,5.5033,1.9921,92.4764,100.0
DEU,Germany,2024,4685592577804.69,-0.4959,56103.7323,2.2565,,3.4,43801773.0,83516593.0,80.7927,79.0907,41.4341,37.6567,5.8938,1.3368,93.5,100.0
DEU,Germany,2025,5050922925047.05,0.2396,60496.4351,2.1718,,3.711,43549178.0,83491249.0,,78.5128,40.4348,38.078,4.5059,1.8846,,
DJI,Djibouti,2000,551230861.8565,,737.6122,,,26.664,153611.0,747318.0,56.734,,,,6.0419,0.5961,0.1945,56.0
DJI,Djibouti,2001,572417440.8202,,742.1338,1.7467,,26.597,159154.0,771313.0,57.506,,,,12.0278,0.5927,0.3435,56.1
DJI,Djibouti,2002,591122039.6014,,743.0133,0.6376,,26.589,164728.0,795574.0,57.824,,,,11.8253,0.5806,0.487,49.7
DJI,Djibouti,2003,622044665.515,,764.6345,1.982,,26.484,168680.0,813519.0,58.041,,,,12.7055,2.2867,0.6259,56.4
DJI,Djibouti,2004,666072101.7775,,806.2617,3.1223,,26.441,171328.0,826124.0,58.103,,,,0.4731,5.7867,0.7813,56.6
DJI,Djibouti,2005,708633194.7266,,844.4484,3.105,,26.448,174207.0,839167.0,58.548,,,,2.8411,3.1333,0.9536,56.8
DJI,Djibouti,2006,768873684.0328,,898.4646,3.4834,,26.382,178121.0,855764.0,58.962,,,,-2.1545,14.0839,1.27,55.5
DJI,Djibouti,2007,847918929.108,,969.5732,4.966,,26.292,182681.0,874528.0,59.362,,,,-20.2086,23.0389,1.62,57.2
DJI,Djibouti,2008,999105339.2677,,1119.1523,11.9586,,26.183,187172.0,892734.0,59.815,,,,-22.5588,22.7858,2.26,57.4
DJI,Djibouti,2009,1049110684.7249,,1150.9376,1.6755,,26.325,191812.0,911527.0,60.351,,,,-6.7772,9.2326,4.0,57.6
DJI,Djibouti,2010,1128611700.3618,,1213.2335,3.9501,,26.368,196416.0,930251.0,60.743,,,,4.4736,3.2342,6.5,57.9
DJI,Djibouti,2011,1239144501.7752,,1306.3455,5.0687,,26.31,200952.0,948558.0,61.337,,,,-13.8678,6.3754,7.0,58.1
DJI,Djibouti,2012,1353632941.5207,,1400.1936,3.7312,,26.179,205479.0,966747.0,61.719,,,,-10.9312,8.1262,9.4,54.6
DJI,Djibouti,2013,2044440443.1665,,2075.945,2.706,,26.149,210033.0,984824.0,62.116,347.7203,156.4141,191.3062,-30.7512,13.9894,12.7,58.6
DJI,Djibouti,2014,2220637966.2505,7.193,2214.6208,1.3419,,26.16,214643.0,1002717.0,62.427,298.5645,157.9493,140.6152,23.8932,6.8898,17.0,58.9
DJI,Djibouti,2015,2424391785.439,7.309,2376.1255,-0.5222,,26.063,219291.0,1020313.0,62.833,268.3635,145.4213,122.9421,29.46,5.9327,22.9,59.1
DJI,Djibouti,2016,2604955228.7012,7.1234,2510.43,2.4025,,25.982,223972.0,1037653.0,63.335,213.072,103.764,109.308,-1.0003,6.1421,30.8,59.8
DJI,Djibouti,2017,2762581334.2261,5.4581,2618.9552,0.5773,,26.064,228680.0,1054841.0,63.71,305.968,150.0984,155.8696,-4.7951,5.9701,55.6814,60.2
DJI,Djibouti,2018,2913464658.0877,4.7743,2718.0834,0.1388,,26.18,233398.0,1071882.0,64.105,300.3989,156.62,143.7789,14.7118,5.835,57.0617,62.4
DJI,Djibouti,2019,3088851450.3069,5.5451,2837.169,3.3176,,26.257,238047.0,1088709.0,64.381,320.9392,166.7179,154.2214,18.2584,5.6655,58.4762,64.7
DJI,Djibouti,2020,3144136196.6228,1.2021,2844.8881,1.779,,27.701,240671.0,1105188.0,64.2,225.7449,117.1349,108.61,11.6521,5.0325,59.9257,64.5
DJI,Djibouti,2021,3392796953.0894,4.4072,3025.9113,1.1809,,27.628,247690.0,1121248.0,63.83,263.4777,142.7282,120.7495,-6.6348,4.9148,61.4112,65.4
DJI,Djibouti,2022,3562814908.7615,5.1665,3133.2578,5.1722,,26.272,252945.0,1137096.0,65.54,302.2854,159.2507,143.0347,18.4182,5.2493,63.776,65.0
DJI,Djibouti,2023,3898447007.388,6.8073,3381.2978,1.4491,,26.074,258002.0,1152944.0,65.987,285.902,150.7413,135.1607,18.5035,3.5145,64.7587,65.2
DJI,Djibouti,2024,4152145939.9846,6.9805,3552.7234,2.112,,26.007,263018.0,1168722.0,66.202,241.2375,126.4153,114.8222,14.6942,1.6334,65.2989,69.2
DJI,Djibouti,2025,4624533092.3189,6.4955,3905.605,-0.3137,,26.015,267610.0,1184076.0,,206.296,110.4936,95.8025,,,,
DMA,Dominica,2000,333470370.3704,2.3402,4867.399,0.8569,13.7079,,,68511.0,71.715,,,,-19.9387,5.2571,8.8148,81.1
DMA,Dominica,2001,377462962.963,-0.0638,5527.5153,1.3039,-1.8761,,,68288.0,71.862,,,,-11.6178,3.877,13.2452,82.1
DMA,Dominica,2002,375200000.0,-3.0874,5488.0278,0.1701,8.1953,,,68367.0,71.927,,,,-8.8516,5.3453,18.4249,87.7
DMA,Dominica,2003,373318518.5185,5.805,5447.4401,1.4534,18.5678,,,68531.0,71.942,,,,-6.0471,8.3956,23.6204,84.0
DMA,Dominica,2004,396711111.1111,4.0978,5778.8331,2.3941,6.7186,,,68649.0,71.987,,,,-8.4078,6.4974,30.3196,85.0
DMA,Dominica,2005,391455555.5556,0.9153,5695.2244,1.6819,12.4135,,,68734.0,72.016,,,,-16.0912,4.8308,38.5436,86.0
DMA,Dominica,2006,416674074.0741,4.4008,6055.7811,2.2024,7.4022,,,68806.0,72.007,,,,-6.9868,6.2824,39.3982,87.0
DMA,Dominica,2007,444685185.1852,5.3579,6459.035,3.6322,7.7721,,,68847.0,71.901,,,,-17.2068,9.0825,40.2745,88.1
DMA,Dominica,2008,480003703.7037,7.1213,6971.3263,6.3599,8.2345,,,68854.0,71.945,,,,-24.5183,11.7113,41.16,90.9
DMA,Dominica,2009,515618518.5185,-1.1358,7487.4901,0.0063,1.2568,,,68864.0,71.835,,,,-19.6705,11.0101,42.02,90.2
DMA,Dominica,2010,519859259.2593,-0.1056,7549.6196,2.9994,8.4475,,,68859.0,71.68,,,,-16.9329,10.9887,47.45,91.3
DMA,Dominica,2011,532081481.4815,0.0427,7705.4072,1.1312,6.3857,,,69053.0,71.517,,,,-13.3467,9.4851,48.6,90.1
DMA,Dominica,2012,520355555.5556,-0.1574,7528.51,1.3568,11.3247,,,69118.0,71.391,,,,-16.5188,10.8232,49.8,93.5
DMA,Dominica,2013,545325925.9259,0.0045,7822.218,-0.0464,4.0842,,,69715.0,71.228,,,,-17.0836,7.0932,51.0,94.6
DMA,Dominica,2014,572255555.5556,2.3352,8131.7488,0.7993,6.2344,,,70373.0,71.189,,,,-6.2128,2.1576,57.5,95.7
DMA,Dominica,2015,583177777.7778,-3.3734,8282.5987,-0.8438,3.0363,,,70410.0,69.968,,,,-6.5671,1.2278,65.0,96.7
DMA,Dominica,2016,612711111.1111,1.4472,8802.5617,0.1418,4.5499,,,69606.0,71.189,,,,-8.4528,6.898,67.03,97.8
DMA,Dominica,2017,563355555.5556,-7.5444,8224.649,0.2963,8.6755,,,68496.0,68.62,,,,-10.21,4.0254,69.6197,98.9
DMA,Dominica,2018,628244444.4444,2.964,9215.3085,0.9892,-0.4578,,,68174.0,71.378,,,,-41.1964,12.4606,,99.6
DMA,Dominica,2019,644259259.2593,3.9481,9491.15,1.5046,9.007,,,67880.0,71.305,,,,-36.1951,9.7848,73.382,99.9
DMA,Dominica,2020,528944444.4444,-15.7064,7827.7484,1.2203,9.7537,,,67573.0,71.269,,,,-35.2352,4.3175,75.6567,100.0
DMA,Dominica,2021,562911111.1111,5.3798,8376.4041,2.2289,5.2574,,,67202.0,69.832,,,,-33.0605,5.0343,78.0795,100.0
DMA,Dominica,2022,623062962.963,10.3968,9323.6609,2.8849,6.2588,,,66826.0,71.081,,,,-26.5616,2.716,80.5798,100.0
DMA,Dominica,2023,659311111.1111,3.6522,9912.9621,5.0868,3.7676,,,66510.0,71.132,,,,-40.3731,7.2827,81.3365,100.0
DMA,Dominica,2024,688881481.4815,2.0527,10405.2788,2.7362,3.3694,,,66205.0,71.294,,,,-37.8042,8.7043,82.0469,100.0
DMA,Dominica,2025,723859259.2593,3.0524,10989.0431,2.5339,3.7348,,,65871.0,,,,,-37.9872,6.8354,,
DNK,Denmark,2000,164043817223.59,3.724,30722.0252,2.9033,,4.476,2861618.0,5339616.0,76.5927,83.0421,44.8787,38.1634,1.3788,21.9535,39.1724,100.0
DNK,Denmark,2001,164881594415.341,0.95,30768.4775,2.3379,,4.164,2851668.0,5358783.0,76.7927,83.9227,45.5296,38.3931,2.9403,5.6322,42.9575,100.0
DNK,Denmark,2002,178788209558.311,0.4565,33257.1623,2.4244,,4.274,2881404.0,5375931.0,76.8951,84.4846,45.6654,38.8192,1.9355,2.4782,64.25,100.0
DNK,Denmark,2003,218421193436.252,0.4411,40519.0975,2.0751,,5.398,2877534.0,5390574.0,77.1439,80.7613,43.7731,36.9882,3.1879,0.5424,76.26,100.0
DNK,Denmark,2004,251986155630.852,2.7764,46625.0501,1.1544,,5.204,2901221.0,5404523.0,77.4927,82.0077,43.8215,38.1862,2.3576,-3.4939,80.93,100.0
DNK,Denmark,2005,265150087711.985,2.3596,48925.8077,1.8178,,4.83,2902668.0,5419432.0,77.8439,89.3988,47.3751,42.0237,4.1514,4.8452,82.74,100.0
DNK,Denmark,2006,283386151543.687,3.8165,52119.1788,1.9242,,3.897,2933792.0,5437272.0,78.0951,97.4299,50.6844,46.7455,3.3388,0.8417,86.65,100.0
DNK,Denmark,2007,320213157595.018,0.9872,58631.6566,1.6933,,3.801,2931561.0,5461438.0,78.1951,100.0477,51.3975,48.6502,1.512,3.688,85.03,100.0
DNK,Denmark,2008,354979471960.142,-0.4172,64616.6658,3.4163,,3.683,2924360.0,5493621.0,78.4463,104.4703,53.9709,50.4994,2.9334,0.6173,85.02,100.0
DNK,Denmark,2009,322619152194.594,-4.9745,58412.7472,1.3047,,6.409,2914657.0,5523095.0,78.5976,89.3949,46.9989,42.3959,3.6703,1.1714,86.84,100.0
DNK,Denmark,2010,322345594075.47,1.5829,58104.5446,2.3109,,7.746,2893686.0,5547683.0,79.1,94.3877,50.5908,43.7969,6.3969,-3.5679,88.72,100.0
DNK,Denmark,2011,344315595263.175,1.3108,61809.7379,2.7587,,7.769,2892968.0,5570572.0,79.8,102.0129,54.0836,47.9293,6.339,3.9379,89.81,100.0
DNK,Denmark,2012,326792574244.963,-0.0054,58443.7747,2.3979,,7.798,2877238.0,5591572.0,80.0512,104.3623,55.0808,49.2814,6.0408,-5.0031,92.26,100.0
DNK,Denmark,2013,344631016965.12,1.3927,61377.5941,0.7891,,7.384,2854299.0,5614932.0,80.3,103.6128,54.9209,48.6919,7.3844,0.1974,94.6297,100.0
DNK,Denmark,2014,352832602064.452,1.278,62520.451,0.564,,6.925,2869233.0,5643475.0,80.7,103.2109,54.8334,48.3775,8.3372,1.8642,95.9935,100.0
DNK,Denmark,2015,301758922337.637,2.1044,53094.0134,0.452,,6.278,2899972.0,5683483.0,80.7024,105.1304,55.8143,49.316,8.0331,0.6108,96.3305,100.0
DNK,Denmark,2016,312181849372.233,3.073,54500.926,0.25,,5.989,2943425.0,5728010.0,80.8537,101.4528,53.744,47.7088,7.1535,2.4998,96.9678,100.0
DNK,Denmark,2017,331610593961.988,3.0565,57521.5515,1.1471,,5.833,2970148.0,5764980.0,81.1024,104.2157,55.346,48.8697,7.4324,1.0878,97.0994,100.0
DNK,Denmark,2018,355293374912.393,1.86,61324.7665,0.8136,,5.131,2992952.0,5793636.0,80.9537,108.814,56.9834,51.8306,6.3215,2.4667,97.3192,100.0
DNK,Denmark,2019,345401473012.615,1.7114,59404.2663,0.7581,,5.018,3034322.0,5814422.0,81.4512,111.8915,58.9506,52.9409,7.5116,-1.1007,98.0464,100.0
DNK,Denmark,2020,355631021931.621,-1.7801,60985.4886,0.4207,,5.644,3032944.0,5831404.0,81.6024,104.4334,55.0369,49.3965,7.3117,0.3639,96.5491,100.0
DNK,Denmark,2021,406110162088.054,6.5003,69340.7335,1.853,,5.065,3076617.0,5856733.0,81.4049,112.3215,59.2073,53.1141,8.6069,4.1854,98.8659,100.0
DNK,Denmark,2022,400114306337.077,0.4438,67781.0941,7.6966,,4.434,3147518.0,5903037.0,81.3049,131.9958,70.7552,61.2406,11.153,6.9049,97.8601,100.0
DNK,Denmark,2023,404651706117.557,0.6046,68043.5467,3.3052,,5.094,3189737.0,5946952.0,81.7537,129.6253,69.3144,60.311,11.0099,2.0346,98.7756,100.0
DNK,Denmark,2024,424524722037.047,3.4778,71026.4832,1.3722,,5.358,3277500.0,5976992.0,82.2537,131.765,71.002,60.763,12.1952,4.2966,99.7692,100.0
DNK,Denmark,2025,462526660468.393,2.9284,76970.1535,1.8937,,5.529,3294817.0,6009169.0,,129.2223,70.1171,59.1052,,,,
DOM,Dominican Republic,2000,24305780628.6677,4.6517,2831.4588,7.7241,18.2629,6.432,3248886.0,8584190.0,70.365,79.3004,35.4978,43.8026,-4.2233,4.069,3.7047,88.8
DOM,Dominican Republic,2001,25601823687.5742,2.4694,2935.8937,8.8831,17.1958,7.262,3248577.0,8720283.0,70.553,70.5106,31.8906,38.6199,-2.8935,4.2493,4.4294,89.8
DOM,Dominican Republic,2002,27137440786.2562,4.4865,3065.6033,5.2234,17.8861,6.779,3333649.0,8852235.0,70.719,68.7233,30.724,37.9993,-2.9402,3.4123,6.8237,89.7
DOM,Dominican Republic,2003,21403167848.1444,-1.3494,2383.2617,27.4497,-1.5546,6.938,3348018.0,8980620.0,70.856,84.4495,42.153,42.2965,4.8412,2.8806,7.8984,89.2
DOM,Dominican Republic,2004,22322387382.494,2.5856,2451.6916,51.4609,-8.6215,6.303,3431434.0,9104892.0,70.73,81.3514,41.1475,40.2039,4.6656,4.1863,8.8656,90.3
DOM,Dominican Republic,2005,35777560683.9366,9.4318,3878.3121,4.1902,17.33,6.587,3488715.0,9225034.0,71.043,61.6536,28.3311,33.3224,-1.3218,3.126,11.4832,90.1
DOM,Dominican Republic,2006,37879830084.2627,9.1712,4055.1427,7.5728,12.0313,5.654,3602821.0,9341183.0,71.054,63.7665,28.2249,35.5416,-3.3987,4.0357,14.8449,90.1
DOM,Dominican Republic,2007,43965458508.5056,7.4184,4649.6456,6.1436,7.6122,5.158,3668718.0,9455658.0,71.097,61.2293,26.762,34.4672,-4.9273,5.1242,17.66,96.9
DOM,Dominican Republic,2008,48091433554.186,3.2681,5023.5851,10.6446,8.7861,4.764,3765044.0,9573130.0,71.331,61.4285,23.9484,37.4802,-9.3981,5.6734,20.82,97.6
DOM,Dominican Republic,2009,48223781476.8909,1.0035,4973.9519,1.4422,14.222,5.467,3696350.0,9695265.0,71.587,50.6509,21.0932,29.5578,-4.7754,3.5155,27.72,97.9
DOM,Dominican Republic,2010,53801053352.5005,8.4011,5478.6247,6.3299,6.4427,5.212,3849571.0,9820175.0,72.039,56.0574,22.7751,33.2823,-7.4785,3.3832,31.4,98.1
DOM,Dominican Republic,2011,57948261615.957,3.192,5826.5101,5.7968,7.0241,6.087,4020502.0,9945621.0,72.496,59.0693,24.327,34.7423,-7.5217,3.7922,38.0,97.9
DOM,Dominican Republic,2012,60561635555.6383,2.7757,6013.8197,3.6945,10.0059,6.722,4180944.0,10070411.0,72.817,58.5063,24.7666,33.7396,-6.5562,5.6404,42.32,97.9
DOM,Dominican Republic,2013,62555417414.582,4.9347,6136.5943,4.831,8.5663,7.351,4239112.0,10193833.0,73.038,56.8138,25.3838,31.4299,-4.105,2.5576,45.9,98.4
DOM,Dominican Republic,2014,67014329099.5549,7.1112,6496.4517,2.9986,9.2949,6.719,4327340.0,10315528.0,73.145,55.6601,25.4069,30.2532,-3.2384,3.5594,49.58,98.5
DOM,Dominican Republic,2015,70966782572.4386,6.9877,6800.9531,0.8367,12.2049,7.605,4581646.0,10434829.0,72.982,52.3471,24.0368,28.3103,-1.8041,3.1385,54.2158,98.6
DOM,Dominican Republic,2016,75552902635.7075,6.7197,7160.442,1.6142,12.8106,7.284,4689168.0,10551430.0,72.889,51.7307,24.1939,27.5368,-1.0783,3.3302,63.8709,98.9
DOM,Dominican Republic,2017,79070274743.1658,3.9339,7412.7157,3.2796,9.6264,5.832,4755988.0,10666843.0,73.37,50.7595,24.1798,26.5798,-0.1683,4.5503,67.5712,100.0
DOM,Dominican Republic,2018,84994732049.3461,7.0975,7882.9822,3.5644,7.646,5.861,4935940.0,10782053.0,73.555,52.3352,23.9931,28.3421,-1.5548,3.229,74.822,98.9
DOM,Dominican Republic,2019,89146130744.723,4.894,8183.0162,1.8106,8.5827,6.356,5117215.0,10894043.0,73.112,50.913,23.3253,27.5876,-1.3325,3.1737,79.7155,99.0
DOM,Dominican Republic,2020,78546672406.8291,-7.9291,7135.2227,3.781,5.2392,6.126,4805608.0,11008300.0,72.636,44.7332,18.7972,25.936,-1.6922,3.1327,81.6173,100.0
DOM,Dominican Republic,2021,94850719516.7127,14.0124,8527.0755,8.243,2.2265,7.702,5099149.0,11123476.0,71.757,51.95,21.5283,30.4217,-2.8311,3.5315,85.243,98.1
DOM,Dominican Republic,2022,113478103598.499,5.238,10104.2464,8.8111,2.0984,5.504,5169749.0,11230734.0,74.211,54.3782,22.0262,32.352,-5.7711,3.569,81.5127,98.1
DOM,Dominican Republic,2023,120456239153.739,2.1923,10630.4317,4.7856,8.1743,5.555,5323558.0,11331265.0,73.72,49.8436,21.3233,28.5203,-3.6681,3.9438,86.1269,99.6
DOM,Dominican Republic,2024,124282245638.568,4.9535,10875.6618,3.3022,10.5316,5.312,5424140.0,11427557.0,73.868,51.7835,22.7679,29.0156,-2.9815,3.6014,91.0022,99.5
DOM,Dominican Republic,2025,127407463759.043,2.1174,11059.2082,3.8731,,5.092,5512758.0,11520487.0,,51.4949,23.6399,27.855,-1.1678,3.8607,,
DZA,Algeria,2000,54790398570.3282,3.8,1772.9287,0.3392,-10.3344,29.77,9070882.0,30903893.0,70.576,62.8583,42.0697,20.7886,,0.5112,0.4917,98.6
DZA,Algeria,2001,59413400923.6364,3.0,1896.3002,4.226,1.3754,27.3,9308223.0,31331221.0,71.025,54.5296,34.1212,20.4084,,1.8735,0.6461,98.6
DZA,Algeria,2002,61516103406.1688,5.4,1937.4641,1.4183,7.1128,25.9,9534659.0,31750835.0,71.644,56.5896,33.1372,23.4524,,1.7312,1.5916,98.6
DZA,Algeria,2003,73482264190.9245,6.5,2283.773,4.269,-0.7504,23.72,9754476.0,32175818.0,71.906,57.7691,35.6691,22.1001,,0.868,2.1954,98.6
DZA,Algeria,2004,91913680985.1708,4.5,2816.9938,3.9618,-3.0925,17.65,9976118.0,32628286.0,72.536,61.358,38.393,22.965,,0.9626,4.6345,98.6
DZA,Algeria,2005,107046618669.707,5.4,3233.1334,1.3824,-3.8817,15.27,10191263.0,33109249.0,72.836,66.8405,44.3713,22.4692,19.7858,1.0799,5.8439,98.6
DZA,Algeria,2006,123084258693.01,2.9,3660.661,2.3115,-2.5105,12.27,10408612.0,33623506.0,73.116,65.9153,45.7641,20.1512,23.4985,1.4957,7.376,98.7
DZA,Algeria,2007,142482739809.849,3.1,4167.4517,3.679,0.8446,13.79,10631111.0,34189416.0,73.346,67.5455,44.7202,22.8253,21.3033,1.1838,9.4512,98.7
DZA,Algeria,2008,180383848331.135,2.5,5180.9188,4.8586,-6.1831,11.33,10864872.0,34816961.0,73.618,71.0285,45.6472,25.3813,18.8234,1.4628,10.18,99.3
DZA,Algeria,2009,150317292079.359,1.2,4235.4299,5.7371,16.5976,10.16,11105183.0,35490445.0,73.871,64.2848,32.586,31.6987,0.2872,1.8274,11.23,98.8
DZA,Algeria,2010,177785053939.531,4.8,4912.7859,3.9111,-6.5396,9.96,11421278.0,36188236.0,74.144,63.4912,34.9882,28.503,6.8736,1.2939,12.5,98.9
DZA,Algeria,2011,218331946925.304,3.0,5916.3136,4.5242,-7.6202,9.96,11586989.0,36903376.0,74.383,62.2201,35.9881,26.232,8.095,1.1777,14.9,99.0
DZA,Algeria,2012,227143746075.934,2.4,6033.6488,8.8915,-0.0023,10.97,11731223.0,37646166.0,74.609,60.7576,34.3828,26.3748,5.3237,0.6606,18.2,98.8
DZA,Algeria,2013,229701430292.157,2.6,5979.6014,3.2542,7.0444,9.82,11845414.0,38414171.0,74.809,59.151,30.7994,28.3516,0.5171,0.7366,22.5,99.2
DZA,Algeria,2014,238942664192.59,4.1,6094.6939,2.9169,6.456,10.207,11933136.0,39205031.0,74.992,56.9235,27.6195,29.3041,-3.8772,0.6287,29.5,99.3
DZA,Algeria,2015,187493855609.345,3.2,4685.059,4.7844,13.6684,11.206,12057287.0,40019529.0,75.159,53.2046,20.5281,32.6765,-14.4205,-0.2868,38.2,99.4
DZA,Algeria,2016,180763839522.151,3.9,4424.9853,6.3977,7.0826,10.202,12191778.0,40850721.0,75.31,49.7609,18.4867,31.2742,-14.4963,0.9063,42.9455,99.4
DZA,Algeria,2017,189880896903.073,1.5,4554.6675,5.5911,2.9179,12.0,12361094.0,41689299.0,75.431,49.8208,20.3337,29.4871,-11.6218,0.6479,47.6911,99.5
DZA,Algeria,2018,194554483655.528,1.4,4577.2103,4.27,1.7287,12.112,12518797.0,42505035.0,75.555,52.4362,23.4231,29.0131,-8.6894,0.7536,49.0385,99.6
DZA,Algeria,2019,193459662090.677,0.9,4468.4534,1.9518,7.0547,12.302,12673323.0,43294546.0,75.682,46.5068,20.4079,26.0989,-8.7637,0.7139,55.7907,99.5
DZA,Algeria,2020,164873415325.201,-5.0,3743.542,2.4151,13.3399,14.08,11586994.0,44042091.0,73.257,40.3898,15.5352,24.8546,-11.0309,0.6938,63.4727,99.7
DZA,Algeria,2021,186231205262.082,3.8,4160.5593,7.2261,-6.8424,13.656,11881915.0,44761099.0,75.208,46.8371,23.4444,23.3927,-2.4233,0.4667,72.2124,99.8
DZA,Algeria,2022,225581644702.568,3.6,4960.3033,9.2655,-12.1382,12.382,13145205.0,45477389.0,76.129,51.1901,30.7916,20.3985,8.623,0.1072,74.7815,100.0
DZA,Algeria,2023,247923887214.655,4.1,5370.4772,9.3222,6.9291,11.645,13290460.0,46164219.0,76.261,43.7398,23.7901,19.9497,2.6203,0.4898,76.1976,100.0
DZA,Algeria,2024,269322281664.773,3.7,5752.9908,4.0461,4.474,11.655,13425069.0,46814308.0,76.475,40.1346,19.8524,20.2822,-1.0225,0.4554,77.4178,100.0
DZA,Algeria,2025,287031225987.736,3.8155,6051.0032,1.4184,7.1596,11.633,13556625.0,47435312.0,,38.9789,16.8348,22.1442,,,,
ECU,Ecuador,2000,17539454727.3637,1.0918,1382.2342,96.0964,,4.8,5202036.0,12689206.0,72.09,65.4043,37.5511,27.8532,6.3436,-0.1336,1.4622,93.7
ECU,Ecuador,2001,23127055000.0,4.2063,1791.3036,37.6767,,4.252,5375207.0,12910740.0,72.571,56.1285,27.6071,28.5214,-2.3833,2.3287,2.6704,94.0
ECU,Ecuador,2002,27054197000.0,4.9281,2059.1586,12.4836,,4.825,5554493.0,13138472.0,73.164,54.7966,25.7144,29.0822,-4.5059,2.8952,4.2608,94.2
ECU,Ecuador,2003,30965208000.0,2.8845,2315.6222,7.9294,,5.662,5740735.0,13372306.0,73.632,52.3575,26.8418,25.5158,-1.2492,2.8145,4.4602,95.0
ECU,Ecuador,2004,35194947000.0,6.8324,2586.2091,2.7432,,5.002,6069723.0,13608701.0,73.868,56.0745,29.0997,26.9749,-1.3622,2.378,4.8344,94.8
ECU,Ecuador,2005,40278849000.0,5.3986,2909.0261,2.1683,,3.779,6169877.0,13846163.0,73.909,61.9582,32.6271,29.331,1.1766,1.225,5.9943,95.8
ECU,Ecuador,2006,45690762000.0,4.3411,3243.6701,3.2987,,3.55,6409972.0,14086131.0,74.01,65.8424,35.7017,30.1407,3.808,0.5941,7.2,96.3
ECU,Ecuador,2007,49848725000.0,1.9024,3478.9249,2.2762,,3.142,6449993.0,14328773.0,74.226,68.8506,37.4824,31.3682,3.7844,0.3889,10.8,96.8
ECU,Ecuador,2008,61139438000.0,6.5649,4194.7575,8.4001,,3.917,6581958.0,14575202.0,74.709,74.5903,40.2763,34.314,2.8941,1.7295,18.8,97.2
ECU,Ecuador,2009,60094978000.0,1.091,4053.3633,5.16,,4.608,6478792.0,14825954.0,74.901,57.3473,29.3096,28.0377,0.5209,0.5136,24.6,96.5
ECU,Ecuador,2010,68151329000.0,4.0291,4520.3096,3.5544,,4.088,6489520.0,15076695.0,75.188,65.7774,32.4857,33.2917,-2.3217,0.2434,29.03,97.5
ECU,Ecuador,2011,78986648000.0,8.4815,5153.6916,4.4745,,3.458,6540161.0,15326227.0,75.179,70.0357,36.1134,33.9223,-0.5066,0.818,31.3668,96.9
ECU,Ecuador,2012,87735048000.0,5.7832,5634.0839,5.1017,,3.235,6757347.0,15572194.0,75.486,67.0029,34.8314,32.1715,-0.1669,0.6467,35.1351,97.2
ECU,Ecuador,2013,96570334000.0,7.2112,6109.2903,2.7218,,3.083,6882742.0,15807128.0,75.832,63.4333,32.3753,31.058,-0.966,0.7529,40.2791,98.0
ECU,Ecuador,2014,102717794000.0,4.2261,6405.7998,3.5892,,3.48,7072058.0,16035124.0,76.141,61.4264,31.355,30.0713,-0.651,0.752,45.5904,99.0
ECU,Ecuador,2015,97209558000.0,0.1197,5976.1597,3.9666,,3.616,7577726.0,16266225.0,76.222,47.828,22.7545,25.0736,-2.2848,1.3607,48.9404,98.8
ECU,Ecuador,2016,97671433000.0,-0.688,5917.6377,1.7283,,4.597,7985502.0,16505139.0,76.094,40.5345,20.5393,19.9952,0.9114,0.7847,54.0629,98.7
ECU,Ecuador,2017,104467486000.0,5.9704,6233.3224,0.4173,,3.836,8229598.0,16759519.0,76.22,43.6177,21.4856,22.1321,-0.3896,0.6053,55.8,99.2
ECU,Ecuador,2018,107478961000.0,1.0443,6303.9189,-0.2241,,3.53,8250992.0,17049547.0,77.248,48.0093,23.5439,24.4655,-1.5487,1.2934,57.5,98.7
ECU,Ecuador,2019,107595830000.0,0.1654,6205.0577,0.266,,3.812,8393240.0,17340021.0,77.286,48.0828,24.0486,24.0342,-0.5398,0.9151,59.2,99.1
ECU,Ecuador,2020,95865473000.0,-9.2451,5463.6452,-0.3389,,6.116,7753251.0,17546065.0,72.004,43.9893,23.2836,20.7057,2.1298,1.1675,70.7,98.8
ECU,Ecuador,2021,107179074000.0,9.4219,6061.3235,0.1333,,4.504,8597736.0,17682454.0,72.746,53.2613,27.066,26.1953,2.8454,0.6075,69.1148,100.0
ECU,Ecuador,2022,116133121000.0,5.8684,6515.5853,3.4662,,3.713,8739737.0,17823897.0,76.577,61.8808,30.9252,30.9555,1.9717,0.7596,69.7181,100.0
ECU,Ecuador,2023,120792801000.0,1.8328,6718.1448,2.2157,,3.51,8695838.0,17980083.0,77.392,57.1627,28.6495,28.5132,2.062,0.398,72.6943,98.7
ECU,Ecuador,2024,123802374000.0,-1.9441,6826.5294,1.5473,,3.453,8842169.0,18135478.0,77.579,57.4436,30.4979,26.9458,5.6885,0.3603,77.1727,98.5
ECU,Ecuador,2025,130320560400.0,3.7259,7125.2762,0.7105,,3.308,8977208.0,18289896.0,,59.3568,31.4386,27.9182,5.907,0.997,,
EGY,"Egypt, Arab Rep.",2000,99838543960.0763,6.37,1366.0927,2.6838,8.9196,8.98,21302020.0,73083284.0,67.332,39.0179,16.2011,22.8168,-0.9726,1.237,0.6413,97.7
EGY,"Egypt, Arab Rep.",2001,96684636118.5984,3.5353,1295.1374,2.2698,11.2145,9.26,21324246.0,74652029.0,67.612,39.8104,17.4798,22.3306,-0.4017,0.5274,0.8389,97.4
EGY,"Egypt, Arab Rep.",2002,85146067415.7303,2.3902,1116.8288,2.7372,10.3,10.01,21097168.0,76239137.0,67.846,40.9871,18.3162,22.6709,0.731,0.7598,2.72,97.5
EGY,"Egypt, Arab Rep.",2003,80288461538.4615,3.1935,1031.2756,4.5078,6.327,10.91,22178983.0,77853548.0,68.045,46.1796,21.7964,24.3832,4.6623,0.2957,4.0379,98.8
EGY,"Egypt, Arab Rep.",2004,78782467532.4675,4.0921,991.2557,11.2706,1.5269,10.32,23289758.0,79477443.0,68.211,57.8199,28.23,29.5899,4.9779,1.5908,11.92,97.8
EGY,"Egypt, Arab Rep.",2005,89660339660.3397,4.4717,1105.5392,4.8694,6.5236,11.049,24412249.0,81101004.0,68.355,62.9526,30.3435,32.6091,2.3453,5.9955,12.75,99.4
EGY,"Egypt, Arab Rep.",2006,107426086956.522,6.8438,1298.979,7.6445,4.8808,10.49,25528081.0,82700403.0,68.493,61.5185,29.9498,31.5687,2.4532,9.3486,13.66,99.0
EGY,"Egypt, Arab Rep.",2007,130437828371.278,7.0878,1547.7417,9.319,-0.0776,8.8,26632069.0,84276225.0,68.627,65.0779,30.2497,34.8281,0.3156,8.8763,16.03,98.4
EGY,"Egypt, Arab Rep.",2008,162818181818.182,7.1563,1896.2159,18.3168,0.1079,8.517,26970086.0,85864789.0,68.761,71.6806,33.043,38.6376,-0.8688,5.8314,18.01,99.8
EGY,"Egypt, Arab Rep.",2009,189147005444.646,4.6736,2161.6396,11.7635,0.71,9.087,27711440.0,87501636.0,68.915,56.5534,24.9568,31.5966,-1.7707,3.5484,20.0,98.9
EGY,"Egypt, Arab Rep.",2010,218983666061.706,5.1472,2455.0819,11.2652,0.8187,8.757,29112224.0,89196072.0,69.078,47.9364,21.3492,26.5871,-2.0567,2.916,21.6,99.4
EGY,"Egypt, Arab Rep.",2011,235989672977.625,1.7646,2590.6438,10.0649,-0.5639,11.849,29381900.0,91093059.0,69.232,45.2556,20.5674,24.6882,-2.3238,-0.2045,25.6,99.4
EGY,"Egypt, Arab Rep.",2012,279116666666.667,2.2262,2996.0677,7.1117,-6.2627,12.597,29870854.0,93161001.0,69.464,40.7118,16.397,24.3148,-2.4979,1.0023,26.4,99.7
EGY,"Egypt, Arab Rep.",2013,288434108527.132,2.1855,3025.5256,9.4697,3.2922,13.154,30519334.0,95333553.0,69.632,40.373,17.0178,23.3552,-1.2251,1.4534,29.4,99.9
EGY,"Egypt, Arab Rep.",2014,305595408895.265,2.9159,3133.391,10.0702,0.4141,13.105,30992087.0,97528654.0,69.911,36.9202,14.2441,22.6761,-1.9485,1.5093,33.8946,99.8
EGY,"Egypt, Arab Rep.",2015,329366576819.407,4.372,3306.9816,10.3705,1.5411,13.052,30851683.0,99597342.0,70.135,34.8459,13.1838,21.6621,-5.2353,2.1026,37.8194,99.3
EGY,"Egypt, Arab Rep.",2016,332441717791.411,4.3466,3270.6288,13.8136,6.922,12.45,31224055.0,101644589.0,70.437,30.2465,10.3455,19.9011,-6.1647,2.4386,41.2481,100.0
EGY,"Egypt, Arab Rep.",2017,248362771739.13,4.1812,2395.1033,29.5066,-8.7582,11.767,30714881.0,103696057.0,70.709,42.8321,15.0141,27.818,-3.1968,2.983,44.9502,100.0
EGY,"Egypt, Arab Rep.",2018,262588632526.73,5.3311,2484.7032,14.4015,-2.3587,9.855,30208878.0,105682094.0,70.974,45.911,17.9847,27.9264,-2.9316,3.1004,46.9243,100.0
EGY,"Egypt, Arab Rep.",2019,318678815489.749,5.5521,2962.9889,9.1528,2.1991,7.851,30072045.0,107553158.0,71.213,41.124,16.644,24.48,-3.2076,2.8273,57.2829,100.0
EGY,"Egypt, Arab Rep.",2020,383817841547.099,3.5502,3511.1138,5.0449,4.8878,7.974,30264331.0,109315124.0,69.79,32.1263,12.4728,19.6535,-3.709,1.5246,71.9142,100.0
EGY,"Egypt, Arab Rep.",2021,424671765455.704,3.2906,3827.3542,5.214,4.3662,7.441,31865548.0,110957008.0,68.976,29.857,10.5612,19.2958,-4.3824,1.2062,72.056,100.0
EGY,"Egypt, Arab Rep.",2022,476747720364.742,6.5878,4233.3078,13.8957,0.1427,6.546,32394044.0,112618250.0,71.01,36.9831,15.087,21.8961,-2.2101,2.3912,72.1981,100.0
EGY,"Egypt, Arab Rep.",2023,395926071447.591,3.7603,3456.7897,33.8848,-5.6417,6.753,34567534.0,114535772.0,71.633,40.4504,19.1061,21.3443,-3.1734,2.4855,74.0119,100.0
EGY,"Egypt, Arab Rep.",2024,389059910593.1,2.3992,3338.4737,28.2706,-7.031,6.817,35343331.0,116538258.0,71.806,39.6008,16.3762,23.2245,-5.686,11.9719,74.6484,100.0
EGY,"Egypt, Arab Rep.",2025,365254630179.737,4.392,3085.8071,14.0735,,6.781,36106369.0,118365995.0,,51.3343,19.82,31.5143,-3.8155,4.2307,,
ERI,Eritrea,2000,706370815.5844,-3.142,314.3574,,,5.656,993784.0,2247031.0,56.285,67.8814,9.6706,58.2107,-14.8162,3.9455,0.1367,29.3
ERI,Eritrea,2001,752371688.7432,8.7554,325.4092,,,5.74,1025865.0,2312079.0,58.359,72.0627,10.807,61.2557,,1.6125,0.1578,30.3
ERI,Eritrea,2002,729321680.1543,3.0054,304.7758,,,5.794,1069583.0,2392978.0,58.941,76.5902,11.7812,64.809,,3.1216,0.2271,32.2
ERI,Eritrea,2003,870248267.5502,-2.6555,348.9503,,,5.79,1126875.0,2493903.0,59.455,74.0078,6.4423,67.5655,,2.8727,,32.4
ERI,Eritrea,2004,1109054005.4397,1.4517,426.8409,,,5.704,1185070.0,2598284.0,60.063,65.5709,5.7754,59.7955,,2.1734,,33.4
ERI,Eritrea,2005,1098424685.6617,2.5744,412.7531,,,5.721,1214595.0,2661215.0,60.628,61.106,6.1657,54.9403,,0.1303,,34.5
ERI,Eritrea,2006,1211161879.6748,-0.9692,447.9974,,,5.707,1230528.0,2703502.0,61.457,45.2608,6.8995,38.3613,,1.2695,,35.6
ERI,Eritrea,2007,1317974491.0569,1.4268,480.4476,,,5.719,1244963.0,2743222.0,61.998,34.5596,5.7719,28.7877,,0.5468,0.41,36.7
ERI,Eritrea,2008,1380188800.0,-9.783,490.067,,,5.683,1283339.0,2816327.0,62.422,30.561,4.4288,26.1322,,2.8257,0.47,37.8
ERI,Eritrea,2009,1856695551.2195,3.8765,642.9257,,,5.757,1320001.0,2887885.0,63.203,27.9721,4.5286,23.4435,,4.9012,0.54,38.9
ERI,Eritrea,2010,1589515447.1545,2.1942,539.6995,,,5.854,1348098.0,2945186.0,63.665,37.4715,6.3784,31.0931,,5.725,0.61,40.1
ERI,Eritrea,2011,2065001626.0163,8.6798,688.6817,,,5.801,1375299.0,2998485.0,64.231,47.3938,18.1548,29.239,,1.8886,0.7,41.2
ERI,Eritrea,2012,,,,,,5.692,1395116.0,3036988.0,64.697,,,,,,0.8,42.3
ERI,Eritrea,2013,,,,,,5.624,1415251.0,3074360.0,65.005,,,,,,0.9,43.5
ERI,Eritrea,2014,,,,,,5.637,1420197.0,3095173.0,65.517,,,,,,0.99,44.6
ERI,Eritrea,2015,,,,,,5.751,1424066.0,3105546.0,65.909,,,,,,1.0837,45.8
ERI,Eritrea,2016,,,,,,5.772,1431240.0,3124698.0,66.242,,,,,,1.1771,46.9
ERI,Eritrea,2017,,,,,,5.804,1445587.0,3150347.0,66.612,,,,,,2.4961,48.0
ERI,Eritrea,2018,,,,,,5.756,1469550.0,3192760.0,66.979,,,,,,5.293,49.1
ERI,Eritrea,2019,,,,,,5.812,1498780.0,3240194.0,67.306,,,,,,11.2238,50.3
ERI,Eritrea,2020,,,,,,6.375,1520345.0,3291271.0,66.98,,,,,,14.3494,51.4
ERI,Eritrea,2021,,,,,,6.489,1572766.0,3350183.0,66.94,,,,,,,52.5
ERI,Eritrea,2022,,,,,,6.033,1624123.0,3409447.0,67.789,,,,,,,55.4
ERI,Eritrea,2023,,,,,,5.909,1667350.0,3470390.0,68.624,,,,,,,54.4
ERI,Eritrea,2024,,,,,,5.947,1713432.0,3535603.0,68.893,,,,,,,55.3
ERI,Eritrea,2025,,,,,,5.978,1763700.0,3607003.0,,,,,,,,
ESP,Spain,2000,598102854756.08,5.2006,14743.2671,3.4335,,13.785,18277062.0,40567864.0,78.9659,60.1216,28.5889,31.5327,-4.2595,6.8088,13.625,100.0
ESP,Spain,2001,627798682378.741,3.9191,15368.2338,3.5898,,10.348,18160478.0,40850412.0,79.3683,58.0139,27.8768,30.137,-4.3293,4.622,18.1487,100.0
ESP,Spain,2002,708938227243.923,2.7555,17111.0685,3.0657,,11.146,18992358.0,41431558.0,79.5683,55.1021,26.5643,28.5379,-3.6346,5.5456,20.39,100.0
ESP,Spain,2003,907963217057.645,2.9393,21522.0171,3.0389,,11.283,19763085.0,42187645.0,79.6195,53.4358,25.6156,27.8202,-3.8066,3.4149,39.93,100.0
ESP,Spain,2004,1069829382514.67,3.1145,24925.0268,3.0392,,11.09,20447306.0,42921895.0,79.8707,54.4795,25.3883,29.0913,-5.424,2.3969,44.01,100.0
ESP,Spain,2005,1154667551775.88,3.5512,26450.953,3.3688,,9.146,21228524.0,43653155.0,80.1707,54.6992,24.9406,29.7586,-7.2136,2.4494,47.88,100.0
ESP,Spain,2006,1261846683275.29,4.0434,28421.6865,3.5156,,8.452,21942920.0,44397319.0,80.822,56.0839,25.1835,30.9004,-8.7938,2.8098,50.37,100.0
ESP,Spain,2007,1476746276854.51,3.5335,32652.0156,2.7868,,8.232,22532489.0,45226803.0,80.8732,57.6269,25.9231,31.7039,-9.3679,4.7599,55.11,100.0
ESP,Spain,2008,1636115447612.5,0.7672,35603.2483,4.0753,,11.254,23164314.0,45954106.0,81.1756,55.8281,25.5478,30.2803,-8.8167,4.3608,59.6,100.0
ESP,Spain,2009,1496587590847.66,-3.7681,32279.8208,-0.2878,,17.857,23401615.0,46362946.0,81.4756,46.8367,22.9854,23.8513,-3.9405,0.5053,62.4,100.0
ESP,Spain,2010,1427989078916.67,0.0941,30658.7422,1.7999,,19.86,23521339.0,46576897.0,81.6268,52.6934,25.8278,26.8656,-3.5773,2.5189,65.8,100.0
ESP,Spain,2011,1487568659241.25,-0.6399,31824.6219,3.1961,,21.39,23587175.0,46742697.0,82.4756,58.5118,29.3884,29.1234,-2.5893,1.7394,67.09,100.0
ESP,Spain,2012,1330994811670.31,-2.8651,28456.4438,2.4461,,24.789,23600235.0,46773055.0,82.4268,60.554,31.2997,29.2543,0.1259,1.4463,69.81,100.0
ESP,Spain,2013,1362186923157.65,-1.4273,29228.8466,1.4086,,26.094,23404018.0,46604197.0,83.078,61.6688,32.7555,28.9133,2.0779,3.4609,71.635,100.0
ESP,Spain,2014,1380244561361.96,1.5205,29707.7655,-0.1511,,24.441,23180626.0,46460733.0,83.2293,63.3993,33.2193,30.1799,1.736,2.3164,76.1867,100.0
ESP,Spain,2015,1206164777553.12,4.0609,25982.4416,-0.5004,,22.057,23132898.0,46422303.0,82.8317,63.582,33.2987,30.2834,2.037,1.9713,78.6896,100.0
ESP,Spain,2016,1243015667917.12,2.9152,26755.6061,-0.2026,,19.635,23054343.0,46458139.0,83.3293,63.1887,33.577,29.6116,3.1581,3.6172,80.5613,100.0
ESP,Spain,2017,1321754088818.83,2.896,28381.3426,1.9561,,17.224,23026725.0,46571232.0,83.2829,66.1674,34.9004,31.2671,2.8286,2.5404,84.6022,100.0
ESP,Spain,2018,1431642809327.06,2.3954,30602.4213,1.675,,15.255,23008131.0,46782011.0,83.4317,67.0094,34.8748,32.1346,1.8614,4.4675,86.1072,100.0
ESP,Spain,2019,1403496387686.27,1.9612,29786.5246,0.6995,,14.104,23229297.0,47118501.0,83.8317,66.3662,34.6756,31.6907,2.1198,2.1605,90.7187,100.0
ESP,Spain,2020,1289783836971.21,-10.9401,27233.9426,-0.3228,,15.532,22918332.0,47359424.0,82.2317,59.4461,30.481,28.9651,0.8193,2.9217,93.2056,100.0
ESP,Spain,2021,1461244901852.69,6.6831,30799.4776,3.0931,,14.914,23392854.0,47443821.0,83.178,66.5246,33.7571,32.7675,0.765,4.4227,93.8975,100.0
ESP,Spain,2022,1448850658406.62,6.3703,30319.4987,8.3906,,13.033,23770575.0,47786102.0,83.1341,78.4657,39.6717,38.7941,0.3794,4.6561,94.4855,100.0
ESP,Spain,2023,1619481980719.64,2.4609,33493.2225,3.5324,,12.179,24153349.0,48352528.0,83.9341,71.7976,37.8166,33.981,2.7325,2.8998,95.4456,100.0
ESP,Spain,2024,1725671652742.19,3.4553,35326.7683,2.7471,,11.4,24604513.0,48848840.0,83.8878,69.9503,37.0559,32.8944,3.1833,2.479,95.7575,100.0
ESP,Spain,2025,1906453309985.88,2.825,38627.2472,2.6999,,10.376,24759183.0,49355143.0,,69.4508,36.6375,32.8133,2.9383,1.4734,,
EST,Estonia,2000,5686579747.5352,10.0876,4070.609,4.0185,,13.36,677821.0,1396985.0,70.4171,126.4956,61.6274,64.8682,-5.2582,7.3192,28.577,100.0
EST,Estonia,2001,6250218422.7016,5.8807,4502.6661,5.7483,,13.134,666902.0,1388115.0,70.2585,126.5466,61.2954,65.2513,-5.1938,9.4859,31.5275,100.0
EST,Estonia,2002,7370119619.4782,6.933,5343.1831,3.5719,,10.026,654871.0,1379350.0,70.9049,123.2823,57.939,65.3433,-10.5743,4.5893,41.52,100.0
EST,Estonia,2003,9876595528.4553,7.5963,7205.407,1.335,,11.288,675532.0,1370720.0,71.3171,122.7448,57.1473,65.5974,-12.9205,10.5122,45.32,100.0
EST,Estonia,2004,12148595031.0559,6.8007,8916.0728,3.0481,,10.248,677586.0,1362550.0,71.9098,129.9495,61.0658,68.8837,-11.983,8.9467,53.2,100.0
EST,Estonia,2005,14109491356.7964,9.5231,10414.6381,4.0797,,8.033,673275.0,1354775.0,72.5683,135.9128,65.4225,70.4903,-8.6331,21.6702,61.45,100.0
EST,Estonia,2006,17025671810.3124,9.7626,12641.4801,4.4376,,5.915,692908.0,1346810.0,72.6915,136.6207,63.2564,73.3644,-14.9719,10.3266,63.51,100.0
EST,Estonia,2007,22450264166.4385,7.5709,16745.4308,6.6013,,4.592,690796.0,1340680.0,72.8146,133.9808,62.5954,71.3854,-14.802,13.5105,66.19,100.0
EST,Estonia,2008,24342935403.5447,-5.1253,18205.9064,10.3624,,5.455,695990.0,1337090.0,73.7707,136.682,66.3888,70.2932,-8.8585,8.1225,70.58,100.0
EST,Estonia,2009,19633984440.1223,-14.6302,14712.4494,-0.0784,,13.548,688923.0,1334515.0,74.8244,116.7591,60.8614,55.8977,2.6775,9.5054,72.5,100.0
EST,Estonia,2010,19524355419.038,2.4498,14663.7041,2.972,,16.707,682900.0,1331475.0,75.4293,143.6718,75.0459,68.6258,1.7437,13.277,74.1,100.0
EST,Estonia,2011,23303915794.7569,7.607,17555.5455,4.9819,,12.328,687635.0,1327439.0,76.2293,166.7461,86.2696,80.4765,1.3055,4.8024,76.5,100.0
EST,Estonia,2012,23237406116.3988,3.672,17568.2138,3.9334,,10.021,683905.0,1322696.0,76.3268,169.1561,85.3981,83.758,-1.8581,7.6917,78.3899,100.0
EST,Estonia,2013,25451032780.7573,1.7565,19310.3875,2.7806,,8.631,680463.0,1317997.0,77.1415,164.6016,83.4541,81.1475,-0.1331,4.3139,80.0043,100.0
EST,Estonia,2014,27055689003.0038,3.3228,20581.7899,-0.1062,,7.352,675361.0,1314545.0,77.0341,157.9539,80.5897,77.3642,0.5184,6.5851,84.2415,100.0
EST,Estonia,2015,23311847750.9394,1.8382,17722.1558,-0.4923,,6.412,682925.0,1315407.0,77.5902,148.5072,76.0345,72.4727,1.4633,-3.0691,88.4097,100.0
EST,Estonia,2016,24561027787.7896,3.093,18666.3737,0.1487,,6.882,691079.0,1315790.0,77.6415,147.7462,75.4769,72.2694,0.9962,3.7692,87.2402,100.0
EST,Estonia,2017,27469461919.1189,5.6347,20851.5223,3.4172,,5.807,697564.0,1317384.0,78.0927,144.6357,74.3056,70.3301,1.6997,6.3189,88.1025,100.0
EST,Estonia,2018,31222632740.7247,3.6997,23618.1361,3.4363,,5.412,702066.0,1321977.0,78.2439,143.4852,72.9005,70.5847,0.5638,4.0802,89.357,100.0
EST,Estonia,2019,31873748770.0313,3.7266,24021.2501,2.2773,,4.514,700344.0,1326898.0,78.6463,140.3521,72.0192,68.333,2.0091,9.7682,90.2289,100.0
EST,Estonia,2020,31820771493.8974,-2.8838,23933.9939,-0.4445,,6.956,700345.0,1329522.0,78.5951,137.3926,68.1546,69.2381,-2.7306,12.0148,89.0583,100.0
EST,Estonia,2021,37201101170.5847,8.2549,27951.1659,4.6532,,6.178,703200.0,1330932.0,76.9439,160.4719,79.6159,80.856,-3.7811,20.2291,90.9797,100.0
EST,Estonia,2022,38226641740.29,-1.2262,28340.3827,19.3983,,5.571,735699.0,1348840.0,77.8439,175.6871,87.4299,88.2572,-3.1135,4.5299,91.5202,100.0
EST,Estonia,2023,41470344395.1086,-2.7442,30264.0065,9.1592,,6.378,755414.0,1370286.0,78.7927,154.5926,77.7747,76.818,-1.259,12.5408,93.1834,100.0
EST,Estonia,2024,43130419829.35,-0.09,31428.3548,3.5194,,7.6,757729.0,1372341.0,79.2951,151.0377,75.6695,75.3682,-1.2578,-7.971,92.238,100.0
EST,Estonia,2025,47030833798.5866,0.5843,34417.6321,4.8292,,8.313,754206.0,1366475.0,,155.7599,78.3624,77.3976,-0.1488,-1.7822,,
ETH,Ethiopia,2000,8242349617.8638,6.0732,122.2692,0.6625,3.8311,3.499,28908590.0,67411494.0,50.88,,,,0.1633,1.6335,0.0153,12.7
ETH,Ethiopia,2001,8231326016.4749,8.3013,118.4572,-8.2378,17.6355,3.16,29763416.0,69487762.0,51.428,,,,-4.5362,4.2448,0.0372,10.2
ETH,Ethiopia,2002,7850809498.168,1.5147,109.5938,0.6751,12.7439,3.054,30693682.0,71635517.0,52.085,,,,-1.7405,3.2481,0.0724,11.9
ETH,Ethiopia,2003,8623691300.0408,-2.1614,116.8005,13.674,-5.1149,3.008,31680622.0,73832663.0,52.877,,,,-1.5815,5.3921,0.1058,13.5
ETH,Ethiopia,2004,10131187261.4421,13.5726,133.1698,3.3274,2.9724,2.776,32712513.0,76077206.0,53.735,,,,-6.5919,5.3804,0.1553,15.2
ETH,Ethiopia,2005,12401139453.9738,11.8188,158.2435,9.97,-2.6171,2.497,33787143.0,78367470.0,54.364,,,,-12.642,2.1378,0.2197,14.0
ETH,Ethiopia,2006,15280861834.6024,10.8347,189.3457,12.2995,-4.0809,2.337,34890453.0,80703490.0,55.402,,,,-11.6872,3.5682,0.3106,18.6
ETH,Ethiopia,2007,19707616772.7996,11.4562,237.1463,17.2404,-8.2926,2.337,36075624.0,83103217.0,56.566,,,,-4.2014,1.1265,0.37,20.3
ETH,Ethiopia,2008,27066912635.2228,10.7885,316.4105,44.3567,-17.1218,2.326,37333059.0,85543668.0,57.733,,,,-6.6714,0.401,0.45,22.0
ETH,Ethiopia,2009,32437389116.038,8.8026,368.5747,8.4836,,2.326,38658811.0,88007636.0,58.715,,,,-6.7535,0.6827,0.54,23.7
ETH,Ethiopia,2010,29933790334.3418,12.5505,330.6194,8.1493,,2.295,40076847.0,90538514.0,59.709,,,,-2.1223,0.963,0.75,25.5
ETH,Ethiopia,2011,31952763089.33,11.1783,343.0249,33.25,,2.27,41585929.0,93149970.0,60.595,48.2329,16.6869,31.5461,-3.3037,1.9674,1.1,23.0
ETH,Ethiopia,2012,43310721414.0829,8.6478,452.101,23.6004,,2.252,43162700.0,95798767.0,61.443,45.3979,13.7673,31.6306,-7.1067,0.6432,2.9,29.0
ETH,Ethiopia,2013,47648276605.0123,10.5823,484.0398,7.464,,2.251,44769587.0,98438751.0,62.161,41.4718,12.4841,28.9877,-6.3663,2.8204,4.6,30.8
ETH,Ethiopia,2014,55612228233.5179,10.2575,549.9866,6.89,,2.361,45540789.0,101115610.0,62.927,40.7411,11.6416,29.0995,-10.3782,3.3357,7.7,27.2
ETH,Ethiopia,2015,62103418181.8182,10.3925,597.9121,9.5689,,2.442,46289893.0,103867135.0,63.592,39.6561,9.3633,30.2928,-12.1838,4.2293,13.8552,29.0
ETH,Ethiopia,2016,68475871209.607,9.4335,641.6515,6.6281,,2.556,47024057.0,106718162.0,64.162,34.899,7.8121,27.087,-11.5449,6.0502,15.3669,42.9
ETH,Ethiopia,2017,76366081766.6667,9.5642,696.3484,10.6871,,2.665,47739835.0,109666481.0,64.766,31.1036,7.6294,23.4743,-7.7634,5.2604,15.6244,44.3
ETH,Ethiopia,2018,83337901071.9697,6.8161,739.702,13.833,,2.811,48392305.0,112664152.0,65.257,31.1994,8.3727,22.8267,-5.5332,4.0323,15.8862,44.8
ETH,Ethiopia,2019,91834517113.6386,8.3641,793.4732,15.8096,,2.928,48989009.0,115737383.0,65.741,28.8153,7.94,20.8753,-5.4719,2.7754,15.9846,48.0
ETH,Ethiopia,2020,98676811061.9985,6.0595,829.791,20.3563,,3.998,49138941.0,118917671.0,65.969,24.0061,7.1272,16.8789,-2.7553,2.4279,16.0696,51.1
ETH,Ethiopia,2021,109070960370.972,5.6415,893.0098,26.8395,,3.935,49963936.0,122138588.0,65.33,24.3451,7.6317,16.7133,-4.1324,3.9052,16.6981,54.2
ETH,Ethiopia,2022,123140304665.399,5.3218,982.1032,33.8899,,3.386,51764455.0,125384287.0,66.897,26.5955,8.244,18.3515,-4.1907,2.9803,17.9837,55.0
ETH,Ethiopia,2023,135874093203.18,6.5942,1055.8109,30.2188,,3.375,53419507.0,128691692.0,67.315,20.5982,6.5959,14.0023,-3.5236,2.4015,20.3375,55.4
ETH,Ethiopia,2024,149740297952.375,7.6128,1133.8828,21.0377,,3.357,55099611.0,132059767.0,67.603,17.4004,5.5393,11.8612,-2.5318,2.6858,21.9413,56.6
ETH,Ethiopia,2025,126358758448.356,9.7715,932.7294,13.2296,,3.323,56779061.0,135472051.0,,33.4598,13.2838,20.176,,,,
FIN,Finland,2000,125967821110.589,5.7537,24335.9225,3.0421,,11.134,2601528.0,5176209.0,77.4659,74.9256,42.0483,32.8773,8.357,10.7187,37.2485,100.0
FIN,Finland,2001,129519672868.898,2.6403,24965.203,2.5784,,10.29,2634098.0,5188008.0,77.9659,70.2841,39.7682,30.5159,9.3283,2.4897,43.1054,100.0
FIN,Finland,2002,140360963811.765,1.6873,26989.3893,1.5712,,10.423,2654217.0,5200598.0,78.1195,69.3209,39.1471,30.1738,8.6148,5.767,62.43,100.0
FIN,Finland,2003,171612867735.686,2.0118,32920.0857,0.8774,,10.469,2665244.0,5213014.0,78.3683,68.0715,37.3294,30.7421,4.9759,3.4761,69.22,100.0
FIN,Finland,2004,197458297639.769,4.0054,37768.1334,0.1871,,10.358,2665989.0,5228172.0,78.7146,70.9678,38.6195,32.3483,6.3592,3.4322,72.39,100.0
FIN,Finland,2005,204859368790.661,2.7773,39049.8704,0.6239,,9.602,2697022.0,5246096.0,78.8171,76.589,40.2785,36.3105,3.7991,5.305,74.48,100.0
FIN,Finland,2006,217044068234.117,4.0196,41214.0188,1.5667,,8.935,2716612.0,5266268.0,79.2146,82.0006,43.0832,38.9174,3.9431,2.1374,79.66,100.0
FIN,Finland,2007,256360251537.648,5.3128,48473.024,2.5107,,6.854,2683761.0,5288720.0,79.2634,82.8632,43.829,39.0342,4.0802,8.5741,80.78,100.0
FIN,Finland,2008,285698662071.094,0.7844,53769.4726,4.066,,6.369,2715342.0,5313399.0,79.5683,86.1897,44.9028,41.2869,2.4671,6.7927,83.67,100.0
FIN,Finland,2009,253480783439.453,-8.076,47478.3495,-0.0,,8.249,2686552.0,5338871.0,79.7195,70.1279,36.0833,34.0446,2.1003,-3.482,82.49,100.0
FIN,Finland,2010,249429613683.334,3.1683,46506.2919,1.1841,,8.394,2672403.0,5363352.0,79.8707,75.4612,38.413,37.0482,1.3927,4.8996,86.89,100.0
FIN,Finland,2011,275126915515.565,2.3904,51060.3243,3.4168,,7.781,2691855.0,5388272.0,80.4707,78.7159,38.9674,39.7486,-1.5599,-2.1841,88.71,100.0
FIN,Finland,2012,257443384492.969,-1.5228,47551.6741,2.8083,,7.689,2695628.0,5413971.0,80.6268,79.4304,38.9349,40.4955,-2.2541,1.9151,89.88,100.0
FIN,Finland,2013,270268036626.275,-0.9797,49691.0145,1.4783,,8.193,2687096.0,5438972.0,80.9756,77.4852,38.2502,39.235,-1.8759,-1.8349,91.5144,100.0
FIN,Finland,2014,273478528954.901,-0.4781,50073.7761,1.0412,,8.663,2681812.0,5461512.0,81.1805,74.6278,36.806,37.8218,-1.4031,6.4154,86.5304,100.0
FIN,Finland,2015,233210733506.25,0.4665,42560.3457,-0.2079,,9.376,2693252.0,5479531.0,81.4805,71.9618,35.7816,36.1803,-0.9125,7.538,86.4221,100.0
FIN,Finland,2016,238777818792.608,2.5719,43451.2562,0.3567,,8.818,2693204.0,5495303.0,81.4293,71.7222,35.3333,36.3889,-1.9821,2.1895,87.7036,100.0
FIN,Finland,2017,253846138440.0,3.3034,46085.0175,0.754,,8.64,2708034.0,5508214.0,81.6317,75.9388,38.1663,37.7725,-0.6137,6.6614,87.4689,100.0
FIN,Finland,2018,273869255596.078,1.193,49654.2497,1.0838,,7.361,2745547.0,5515525.0,81.7341,79.1436,39.1492,39.9944,-1.6381,-3.8446,88.89,100.0
FIN,Finland,2019,267014821129.411,1.3497,48358.1808,1.0241,,6.695,2749091.0,5521606.0,81.9829,80.5642,40.6183,39.9458,-0.155,6.0971,89.6074,100.0
FIN,Finland,2020,270000311606.226,-2.491,48828.6847,0.2906,,7.759,2744434.0,5529543.0,81.9317,72.1846,36.2143,35.9703,0.53,-0.9391,92.1703,100.0
FIN,Finland,2021,294223210496.119,2.6763,53099.1351,2.1946,,7.617,2799945.0,5541017.0,81.8854,79.7893,39.9218,39.8675,0.3266,8.0141,92.8081,100.0
FIN,Finland,2022,280253099309.34,0.763,50440.5602,7.1235,,6.719,2846126.0,5556106.0,81.1878,94.5625,46.2848,48.2778,-2.5069,4.6669,92.9888,100.0
FIN,Finland,2023,295191741637.26,-1.2897,52864.6932,6.2506,,7.149,2863035.0,5583911.0,81.5854,85.5142,42.7684,42.7457,-0.9261,-0.0389,93.5139,100.0
FIN,Finland,2024,298729432711.719,0.3746,53155.5451,1.5657,,8.4,2871471.0,5619911.0,82.3366,83.451,41.9032,41.5478,-0.4326,2.9263,93.7241,100.0
FIN,Finland,2025,317039368819.607,0.1734,56148.5809,0.3379,,9.461,2886946.0,5646436.0,,83.3959,42.3267,41.0693,1.3357,-0.0902,,
FJI,Fiji,2000,1678219507.8983,-1.7,1995.7207,1.0922,13.7672,4.697,324912.0,840909.0,66.194,135.8956,65.3864,70.5092,-1.5198,0.0352,1.4969,76.8
FJI,Fiji,2001,1652462023.4622,2.0,1944.9974,4.2727,4.9389,4.692,329834.0,849596.0,66.205,129.9973,60.9543,69.0431,-4.0911,2.4994,1.858,77.7
FJI,Fiji,2002,1833279985.3674,3.2,2136.5679,0.762,4.6347,4.772,334431.0,858049.0,65.492,126.0526,61.8004,64.2522,0.8589,1.6731,6.1526,79.6
FJI,Fiji,2003,2300492465.3228,1.0,2655.5808,4.1727,-0.0931,4.74,338779.0,866286.0,65.653,128.976,60.2701,68.7059,-2.2824,1.7523,6.7254,80.0
FJI,Fiji,2004,2708078476.6301,5.3,3097.191,2.8275,4.8684,4.7,342970.0,874366.0,65.841,125.122,54.2008,70.9211,-9.2769,9.2537,7.4129,80.6
FJI,Fiji,2005,2980403844.721,0.7,3377.6913,2.3658,0.1264,3.886,339184.0,882379.0,65.983,117.7401,54.0675,63.6726,-6.8958,5.803,8.4536,81.6
FJI,Fiji,2006,3076305452.8651,1.8525,3455.106,2.4908,3.4731,3.957,350534.0,890365.0,66.126,118.0483,50.0817,67.9667,-16.4489,18.983,9.6,82.6
FJI,Fiji,2007,3378314599.764,-0.8507,3762.7469,4.8037,5.8055,4.109,361736.0,897832.0,66.161,110.3895,48.602,61.7875,-11.4546,13.7415,10.8978,88.9
FJI,Fiji,2008,3523185919.5583,1.0328,3899.9223,7.7323,5.7158,4.187,372107.0,903399.0,66.32,130.9978,57.1248,73.8731,-14.9382,19.2786,13.0,86.2
FJI,Fiji,2009,2870624635.6803,-1.386,3164.1328,3.131,6.3741,4.309,381674.0,907239.0,66.347,108.8691,49.4364,59.4327,-4.3192,10.7424,17.0,85.6
FJI,Fiji,2010,3140166712.7962,2.9547,3449.1445,3.689,3.1276,4.345,391050.0,910419.0,66.778,121.2279,57.4344,63.7935,-4.7592,5.6714,20.0,92.4
FJI,Fiji,2011,3779411899.3748,2.7051,4139.6029,7.2781,-1.76,4.406,400338.0,912989.0,66.88,124.4768,59.2806,65.1962,-5.1612,5.7458,28.0,92.5
FJI,Fiji,2012,3972028104.4733,1.4113,4341.4034,3.4234,3.3082,4.375,393959.0,914918.0,65.812,125.2858,61.1111,64.1746,-1.434,6.9817,33.7424,92.6
FJI,Fiji,2013,4189967998.5142,4.7342,4572.4438,2.9135,2.3966,4.356,386863.0,916352.0,66.545,126.3484,56.8734,69.475,-9.7118,5.8182,35.2,91.8
FJI,Fiji,2014,4857104768.8684,5.6035,5293.3568,0.5193,-5.9946,4.323,379358.0,917585.0,66.581,110.8123,52.3343,58.478,-5.7778,7.7797,37.4,93.0
FJI,Fiji,2015,4682479893.9756,4.5012,5097.5311,1.3749,3.178,4.288,376446.0,918578.0,66.48,101.189,48.8368,52.3523,-3.473,4.386,42.5,93.2
FJI,Fiji,2016,4930213644.3665,2.4457,5363.7903,3.8632,3.1354,4.319,373395.0,919166.0,66.657,97.1745,46.6472,50.5272,-3.607,7.9433,49.42,93.4
FJI,Fiji,2017,5353469174.4784,5.3534,5826.8481,3.3476,3.9745,4.418,373627.0,918759.0,67.06,97.0217,46.0156,51.0061,-6.6391,7.2402,53.6474,96.0
FJI,Fiji,2018,5581425327.444,3.8124,6085.4198,4.0815,4.1918,4.523,373851.0,917180.0,66.965,103.2354,47.7488,55.4866,-8.4473,8.4004,58.2364,95.1
FJI,Fiji,2019,5344907153.467,-0.5819,5842.0734,1.7939,6.3549,4.661,374639.0,914899.0,67.009,110.6962,50.6482,60.048,-11.7773,6.0297,63.2179,96.1
FJI,Fiji,2020,4227719873.3865,-17.1835,4620.6457,-1.7001,10.7454,5.054,354223.0,914963.0,66.924,78.0764,31.4055,46.6709,-12.1312,5.6622,68.6256,97.1
FJI,Fiji,2021,4158873156.1798,-4.346,4536.7331,1.5345,7.8999,5.225,359413.0,916711.0,64.904,87.2159,34.2101,53.0059,-7.204,9.8559,70.568,92.1
FJI,Fiji,2022,4977861885.6032,17.7451,5414.1209,6.0788,-2.4448,5.403,379661.0,919422.0,67.148,119.2137,49.9804,69.2334,-15.5084,2.0808,72.5655,92.0
FJI,Fiji,2023,5476673518.1379,9.4425,5926.2059,2.9754,2.1583,5.316,383856.0,924145.0,67.316,126.2821,57.507,68.7752,-6.6123,1.6537,74.1161,99.3
FJI,Fiji,2024,5968125909.2713,3.5309,6425.7415,3.8908,-1.4542,5.361,387456.0,928784.0,67.463,118.9629,54.4059,64.557,-7.7808,3.4116,74.7052,95.9
FJI,Fiji,2025,6198013062.0655,3.1955,6642.0045,-1.3833,,5.347,390290.0,933154.0,,,,,,,,
FRA,France,2000,1360959069477.49,4.141,22340.594,1.676,,10.218,27313657.0,60918661.0,79.0561,57.786,29.758,28.028,1.1848,3.0412,14.3079,100.0
FRA,France,2001,1370376677298.86,1.8995,22331.7948,1.6348,,8.61,27441602.0,61364377.0,79.1585,56.8932,29.4306,27.4626,1.5299,3.659,26.3259,100.0
FRA,France,2002,1492427756382.43,1.0678,24144.5727,1.9234,,8.702,27809449.0,61812142.0,79.261,55.1325,28.7307,26.4018,1.1827,3.4541,30.18,100.0
FRA,France,2003,1835095983049.09,0.9678,29479.5222,2.0985,,8.306,28339734.0,62249855.0,79.1146,52.5989,27.137,25.4619,0.8711,2.3078,36.14,100.0
FRA,France,2004,2109792297237.03,2.8683,33644.9282,2.1421,,8.914,28513168.0,62707588.0,80.1634,53.7498,27.5381,26.2117,0.4345,1.6878,39.15,100.0
FRA,France,2005,2192146403028.17,1.8886,34696.3718,1.7459,,8.882,28829106.0,63180854.0,80.1634,55.8228,28.1636,27.6593,-0.0065,3.8837,42.87,100.0
FRA,France,2006,2317861544690.82,2.7141,36431.5659,1.6751,,8.832,29008602.0,63622342.0,80.8122,57.8693,28.9278,28.9414,0.0222,3.4065,46.87,100.0
FRA,France,2007,2655816911866.56,2.5305,41486.1908,1.488,,8.008,29271805.0,64016890.0,81.1122,58.1526,28.8585,29.294,-0.3283,3.1545,66.09,100.0
FRA,France,2008,2926802941585.86,0.3802,45464.8181,2.8129,,7.386,29464970.0,64375116.0,81.2146,59.1798,29.1991,29.9807,-0.9622,2.3233,70.68,100.0
FRA,France,2009,2700075882518.98,-2.8246,41728.0884,0.0876,,9.122,29692721.0,64706436.0,81.4146,52.1991,25.8809,26.3182,-0.8185,0.6823,71.58,100.0
FRA,France,2010,2646230027988.34,2.0003,40694.8212,1.5311,,9.279,29781056.0,65026211.0,81.6634,56.5876,27.8265,28.7611,-0.8325,1.4696,77.28,100.0
FRA,France,2011,2870408553990.28,2.4376,43929.7841,2.1116,,9.228,29815844.0,65340830.0,82.1146,60.6056,29.5388,31.0668,-1.028,1.5401,77.82,100.0
FRA,France,2012,2683007095787.23,0.1838,40863.5814,1.9542,,9.841,30074280.0,65657659.0,81.9683,61.659,30.3557,31.3033,-1.2253,1.2279,81.44,100.0
FRA,France,2013,2816077607875.26,0.7818,42669.1795,0.8637,,9.913,30287405.0,65997932.0,82.2195,61.8192,30.5913,31.2279,-0.598,1.1882,81.9198,100.0
FRA,France,2014,2861236112552.42,0.9978,43148.0459,0.5078,,10.273,30194204.0,66312067.0,82.7195,62.1993,30.7418,31.4575,-0.9627,0.177,83.7511,100.0
FRA,France,2015,2442483452642.5,1.0668,36702.4324,0.0375,,10.354,30261476.0,66548272.0,82.322,63.5047,31.6935,31.8112,-0.3345,1.766,78.006,100.0
FRA,France,2016,2470407619777.13,0.86,37024.2157,0.1833,,10.057,30280138.0,66724104.0,82.5732,63.3428,31.4982,31.8445,-0.5386,1.442,79.2698,100.0
FRA,France,2017,2588868323334.71,2.0836,38687.1626,1.0323,,9.409,30347085.0,66918020.0,82.5756,65.3958,32.3118,33.084,-0.4746,1.6893,80.5025,100.0
FRA,France,2018,2781576320884.39,1.6459,41418.1766,1.8508,,9.018,30534890.0,67158348.0,82.6756,66.8023,32.918,33.8843,-0.7357,2.7859,82.0432,100.0
FRA,France,2019,2722793515171.76,2.0274,40408.2849,1.1083,,8.415,30500444.0,67382061.0,82.8268,66.429,32.8895,33.5394,0.5874,1.9649,83.3397,100.0
FRA,France,2020,2647926055110.05,-7.4406,39169.8606,0.4765,,8.009,30289755.0,67601110.0,82.1756,58.8389,28.5572,30.2817,-2.0031,0.7315,84.7064,100.0
FRA,France,2021,2966433692008.09,6.8823,43725.1,1.6423,,7.871,31188658.0,67842811.0,82.3244,63.7885,31.288,32.5004,0.2442,3.3041,86.0955,100.0
FRA,France,2022,2794788137066.94,2.7168,40988.6396,5.2224,,7.303,31586796.0,68184457.0,82.1293,75.963,36.616,39.347,-1.4323,4.018,85.3333,100.0
FRA,France,2023,3056250648138.29,1.4392,44700.1384,4.8784,,7.335,31826568.0,68372286.0,82.8317,70.6261,34.4563,36.1699,-1.043,0.5906,86.8364,100.0
FRA,France,2024,3160442622465.08,1.1905,46103.0841,1.999,,7.4,31859898.0,68551653.0,82.9805,68.1082,33.8898,34.2184,0.0851,1.647,88.6538,100.0
FRA,France,2025,3366315927447.33,0.8409,48985.7308,0.9438,,7.542,31862995.0,68720337.0,,67.1924,33.3928,33.7996,-0.2743,2.1693,,
FRO,Faroe Islands,2000,1067109530.648,,23322.7593,,,,,45754.0,78.4119,110.5454,51.3356,59.2098,9.2952,,32.9164,100.0
FRO,Faroe Islands,2001,1160268212.0729,,24879.773,,,,,46635.0,78.6017,104.9044,51.5632,53.3412,12.6005,,43.247,100.0
FRO,Faroe Islands,2002,1275093689.2711,,26937.6506,,,,,47335.0,78.7877,98.6232,49.0637,49.5594,9.8612,,53.2992,100.0
FRO,Faroe Islands,2003,1501941580.889,,31269.6032,,,,,48032.0,78.9848,108.2583,46.7724,61.4859,-0.4368,,58.9126,100.0
FRO,Faroe Islands,2004,1724770770.8339,,35647.544,,,,,48384.0,79.205,93.4154,43.7019,49.7135,7.5202,,66.5336,100.0
FRO,Faroe Islands,2005,1759739599.2269,,36389.0816,,,,,48359.0,79.4453,100.9628,42.0459,58.9169,1.7719,,67.9026,100.0
FRO,Faroe Islands,2006,2017680834.8992,,41743.6813,,,,,48335.0,79.6899,97.3947,41.7995,55.5952,1.0527,,69.3594,100.0
FRO,Faroe Islands,2007,2339015313.2951,,48348.7394,,,,,48378.0,79.9238,99.506,42.1294,57.3766,-3.4446,,75.98,100.0
FRO,Faroe Islands,2008,2489873249.6281,,51287.8911,,,,,48547.0,80.1461,103.4962,45.9748,57.5214,-1.2281,,75.57,100.0
FRO,Faroe Islands,2009,2296065170.0555,-4.5533,47060.1593,,,,,48790.0,80.3695,96.8608,43.6587,53.2022,-1.0729,,75.18,100.0
FRO,Faroe Islands,2010,2331796784.3601,-0.3798,47924.1365,,,,,48656.0,80.605,97.1824,46.7226,50.4598,6.1873,,75.2,100.0
FRO,Faroe Islands,2011,2505740669.2704,3.5664,51620.0542,,,,,48542.0,80.8518,105.8465,52.4345,53.412,7.7544,,80.7322,100.0
FRO,Faroe Islands,2012,2427200388.9183,7.0815,50263.0025,,,,,48290.0,81.1061,117.1578,52.5588,64.599,,,85.3352,100.0
FRO,Faroe Islands,2013,2690110520.9255,5.8561,55759.3641,,,,,48245.0,81.3566,114.0623,55.443,58.6193,,,90.0,100.0
FRO,Faroe Islands,2014,2914012679.2728,5.4321,60173.3058,,,,,48427.0,81.5912,106.1425,53.4143,52.7283,,,93.3,100.0
FRO,Faroe Islands,2015,2573905971.0546,0.958,52638.2668,,,,,48898.0,81.7996,105.6107,53.2165,52.3942,,,94.2,100.0
FRO,Faroe Islands,2016,2813278868.7821,1.3864,56876.4302,,,,,49463.0,81.9621,104.5527,54.5363,50.0164,,,95.1087,100.0
FRO,Faroe Islands,2017,2980057377.8797,3.512,59388.5366,,,,,50179.0,82.1063,107.2389,56.3653,50.8736,,,97.582,100.0
FRO,Faroe Islands,2018,3188600927.4669,2.7637,62525.2648,,,,,50997.0,82.2486,106.8747,52.818,54.0567,,,,100.0
FRO,Faroe Islands,2019,3266432734.2282,4.5385,63070.7228,,,,,51790.0,82.3913,108.6232,55.7697,52.8535,,,,100.0
FRO,Faroe Islands,2020,3271813311.5831,-1.6373,62247.9274,,,,,52561.0,82.5342,96.2242,47.4284,48.7958,,,,100.0
FRO,Faroe Islands,2021,3699551717.1056,5.0664,69421.6982,,,,,53291.0,82.6763,103.488,51.9805,51.5076,,,,100.0
FRO,Faroe Islands,2022,3615241800.5006,3.861,67069.3987,,,,,53903.0,82.8162,122.8633,61.3744,61.4889,,,,100.0
FRO,Faroe Islands,2023,3943131022.2291,3.1587,72486.6911,,,,,54398.0,82.9521,113.3364,57.1948,56.1416,,,,100.0
FRO,Faroe Islands,2024,4052937169.7654,0.8437,74175.2776,,,,,54640.0,83.0832,105.7528,54.5563,51.1965,,,,100.0
FRO,Faroe Islands,2025,,,,,,,,54900.0,,,,,,,,
FSM,"Micronesia, Fed. Sts.",2000,229616800.0,4.6245,2049.3449,2.1585,14.1379,,,112044.0,64.317,91.8922,18.2913,73.6009,,,3.7349,46.0
FSM,"Micronesia, Fed. Sts.",2001,236387700.0,1.8202,2103.7485,0.5025,14.0656,,,112365.0,64.801,97.2978,19.4596,77.8382,,,4.6605,48.4
FSM,"Micronesia, Fed. Sts.",2002,237654300.0,0.4432,2113.4596,-0.1114,15.1688,,,112448.0,63.907,91.7299,18.5143,73.2156,,,5.5701,50.1
FSM,"Micronesia, Fed. Sts.",2003,240949900.0,1.7628,2145.8779,0.1266,15.4265,,,112285.0,64.915,96.7006,19.0911,77.6095,,,9.2325,51.8
FSM,"Micronesia, Fed. Sts.",2004,235538100.0,-3.1904,2104.428,2.2767,14.2604,,,111925.0,64.898,95.5259,15.7087,79.8172,,,11.0179,53.5
FSM,"Micronesia, Fed. Sts.",2005,247000000.0,2.7435,2216.9964,4.2577,14.0192,,,111412.0,64.906,93.9271,17.004,76.9231,,,11.8814,55.2
FSM,"Micronesia, Fed. Sts.",2006,250000000.0,-0.4132,2257.7645,4.6374,13.7556,,,110729.0,64.859,96.8,18.4,78.4,,,12.7503,57.0
FSM,"Micronesia, Fed. Sts.",2007,253000000.0,-1.6598,2302.5118,3.3063,10.8073,,,109880.0,64.844,100.3953,22.9249,77.4704,,,13.6211,58.7
FSM,"Micronesia, Fed. Sts.",2008,261000000.0,-2.5316,2395.9022,8.4237,8.0656,,,108936.0,64.849,109.9617,23.3716,86.59,,,14.49,60.5
FSM,"Micronesia, Fed. Sts.",2009,277000000.0,1.2987,2565.8364,6.3936,10.1273,,,107957.0,64.865,110.1083,22.0217,88.0866,-13.8101,,15.35,62.2
FSM,"Micronesia, Fed. Sts.",2010,292000000.0,1.7094,2715.2687,3.3137,11.0827,,,107540.0,64.892,107.5342,23.9726,83.5616,-8.4153,,20.0,64.5
FSM,"Micronesia, Fed. Sts.",2011,308000000.0,3.7815,2859.8488,5.0826,12.5093,,,107698.0,64.969,108.1169,25.0,83.1169,-14.3576,,22.8,66.3
FSM,"Micronesia, Fed. Sts.",2012,324000000.0,-1.6194,3003.0587,5.0185,6.9147,,,107890.0,65.08,112.6543,30.2469,82.4074,-7.3556,,25.9744,67.8
FSM,"Micronesia, Fed. Sts.",2013,314000000.0,-3.7037,2904.1537,1.7523,14.9631,,,108121.0,65.179,114.3312,30.5732,83.758,-0.6922,,27.8,69.4
FSM,"Micronesia, Fed. Sts.",2014,316000000.0,-2.5641,2915.2367,0.6503,12.0198,,,108396.0,65.294,106.6456,32.5949,74.0506,7.091,6.3953,29.65,71.2
FSM,"Micronesia, Fed. Sts.",2015,312000000.0,4.386,2869.8628,-0.2981,22.323,,,108716.0,65.306,106.4103,28.5256,77.8846,,,31.5011,73.0
FSM,"Micronesia, Fed. Sts.",2016,327000000.0,1.2605,2997.9372,-1.0375,11.7842,,,109075.0,65.576,100.6116,28.1346,72.4771,,,33.3522,74.8
FSM,"Micronesia, Fed. Sts.",2017,361000000.0,2.0747,3297.3758,0.5823,7.3472,,,109481.0,65.761,102.2161,31.3019,70.9141,,,35.3041,76.5
FSM,"Micronesia, Fed. Sts.",2018,394000000.0,0.4065,3584.7838,1.4984,6.4403,,,109909.0,65.943,105.8376,38.0711,67.7665,,,36.6146,78.3
FSM,"Micronesia, Fed. Sts.",2019,395000000.0,3.6437,3581.7268,1.9239,18.5784,,,110282.0,66.196,106.5823,35.443,71.1392,,,37.9737,80.1
FSM,"Micronesia, Fed. Sts.",2020,372902700.0,-2.057,3362.028,0.5546,18.759,,,110916.0,65.878,93.8583,22.7941,71.0641,,,39.3833,81.9
FSM,"Micronesia, Fed. Sts.",2021,391601900.0,3.0997,3508.2231,3.1913,10.5665,,,111624.0,66.152,90.3979,19.6628,70.7351,,,,83.6
FSM,"Micronesia, Fed. Sts.",2022,415232900.0,-3.1141,3703.6668,5.4087,,,,112114.0,66.961,104.7605,28.8994,75.861,,,39.0279,85.3
FSM,"Micronesia, Fed. Sts.",2023,442975600.0,1.131,3933.0161,,,,,112630.0,67.198,95.2648,22.1231,73.1417,,,39.3989,86.9
FSM,"Micronesia, Fed. Sts.",2024,481121300.0,2.3013,4251.6905,,,,,113160.0,67.357,96.4414,22.4476,73.9938,,,39.5236,88.9
FSM,"Micronesia, Fed. Sts.",2025,501797600.0,1.0626,4414.0074,,,,,113683.0,,93.0654,22.1205,70.9449,,,,
GAB,Gabon,2000,5080483628.5301,-1.883,3982.9062,0.5049,,17.848,363325.0,1275572.0,61.81,101.7019,69.0322,32.6698,19.7028,5.4731,1.2161,73.6
GAB,Gabon,2001,5023265413.2623,2.1352,3835.7572,2.1376,,17.827,374802.0,1309589.0,61.982,83.6386,54.2752,29.3634,10.2999,-2.003,1.3476,77.2
GAB,Gabon,2002,5335451099.8822,-0.249,3966.48,0.0367,,17.376,387276.0,1345135.0,62.175,84.7591,52.6089,32.1502,6.3356,0.0218,1.9395,77.8
GAB,Gabon,2003,6511903365.4755,2.2473,4710.7486,2.2354,,17.126,400387.0,1382350.0,62.463,80.3026,51.9294,28.3732,11.7615,1.5305,2.6596,78.5
GAB,Gabon,2004,7770219008.2129,0.6895,5465.7919,0.4082,,17.108,414676.0,1421609.0,62.694,81.7675,55.0392,26.7284,11.8977,4.0407,2.9791,79.2
GAB,Gabon,2005,9582783990.8535,2.6762,6547.8761,3.7083,,16.91,429982.0,1463495.0,62.978,83.9496,60.0087,23.9409,20.6931,3.4036,4.8933,81.6
GAB,Gabon,2006,10327598306.4575,-2.8066,6847.0099,-1.4094,,17.805,447318.0,1508337.0,63.259,88.6494,60.5718,28.0776,,2.5931,5.4892,80.5
GAB,Gabon,2007,12455409587.3371,6.0081,8003.5429,5.0303,,18.257,465141.0,1556237.0,63.619,85.1325,58.5286,26.6039,22.0639,5.2572,5.767,81.3
GAB,Gabon,2008,15571348344.3379,-3.3084,9688.6452,5.2643,,19.212,485449.0,1607175.0,64.011,88.9989,62.1997,26.7992,24.594,4.4538,7.5,82.0
GAB,Gabon,2009,12113699068.2517,0.1303,7290.5753,1.8857,,19.76,506825.0,1661556.0,64.361,83.5046,52.1717,31.3328,6.6378,5.2476,9.5,82.7
GAB,Gabon,2010,14372593020.2885,7.0899,8356.7466,1.4615,,20.39,528908.0,1719879.0,64.715,89.1577,57.6635,31.4942,17.0685,3.6454,13.0,89.3
GAB,Gabon,2011,18210307743.5816,7.0918,10219.1139,1.2633,,19.895,552516.0,1781985.0,65.102,90.4984,61.7444,28.754,14.3021,6.1698,18.0,88.7
GAB,Gabon,2012,17170464016.0593,5.2511,9296.9659,2.6524,,19.661,577623.0,1846889.0,65.438,92.3428,60.9503,31.3925,11.5177,3.9447,24.0,89.3
GAB,Gabon,2013,17595744798.3398,5.6387,9197.7011,0.5054,,19.736,603387.0,1913059.0,65.751,90.635,57.3574,33.2776,8.3124,1.8415,30.538,86.4
GAB,Gabon,2014,18203966895.8433,4.315,9201.3628,4.6905,,19.873,629020.0,1978399.0,66.07,73.5203,44.5209,28.9994,6.1089,6.9386,38.0712,87.1
GAB,Gabon,2015,14383107762.6952,3.8789,7047.1265,-0.3388,,19.943,653352.0,2040989.0,66.336,73.9498,46.032,27.9178,0.9803,0.29,45.7845,87.3
GAB,Gabon,2016,14023890265.3665,2.0914,6677.07,2.1067,,20.117,676184.0,2100306.0,66.583,70.1334,44.0353,26.098,,8.8682,48.0523,88.1
GAB,Gabon,2017,14929487485.1623,0.4726,6921.7337,2.6519,,20.307,697657.0,2156900.0,66.816,75.0687,50.2268,24.842,,8.8016,51.6049,86.3
GAB,Gabon,2018,16867326401.9626,0.8379,7624.2775,4.7491,,20.459,718038.0,2212318.0,67.043,77.0366,54.2991,22.7375,,8.176,55.4202,89.6
GAB,Gabon,2019,16874405465.391,3.9208,7441.1786,2.4646,,20.371,737231.0,2267706.0,67.337,73.4281,51.4311,21.997,,9.2041,59.5176,90.3
GAB,Gabon,2020,15342236163.9943,-1.8378,6605.8035,1.3528,,21.279,702619.0,2322539.0,67.073,70.1141,47.5995,22.5146,,11.1881,63.9179,91.1
GAB,Gabon,2021,19444935097.2333,1.468,8181.4091,1.0869,,21.223,728512.0,2376722.0,67.072,85.3483,60.9391,24.4092,,7.8644,65.7681,91.8
GAB,Gabon,2022,20440655695.229,3.0376,8409.2074,4.2312,,20.319,792686.0,2430747.0,67.713,92.0631,67.5787,24.4844,,5.4039,67.6717,93.5
GAB,Gabon,2023,19388372070.9778,2.4389,7802.8243,3.629,,20.161,810513.0,2484789.0,68.337,91.4787,63.7283,27.7504,,5.9352,68.1979,94.1
GAB,Gabon,2024,20895684425.6752,3.394,8230.0431,1.1731,,20.091,827520.0,2538952.0,68.511,92.0468,64.5783,27.4685,,5.4775,68.7209,95.1
GAB,Gabon,2025,21427119323.2764,2.4729,8263.0332,1.7677,,20.154,844145.0,2593130.0,,84.8919,55.4926,29.3993,,,,
GBR,United Kingdom,2000,1671597821152.97,4.5244,28383.8761,1.183,4.9401,5.558,29283662.0,58892514.0,77.7415,52.338,25.5563,26.7817,-1.8032,9.8188,26.8218,100.0
GBR,United Kingdom,2001,1656171009068.66,2.391,28013.873,1.5323,3.3528,4.696,29309697.0,59119673.0,77.9927,52.6342,25.4493,27.1849,-1.7595,3.3868,33.4811,100.0
GBR,United Kingdom,2002,1790536570743.41,1.709,30158.7018,1.5204,1.8723,5.037,29641396.0,59370479.0,78.1439,51.2362,24.4315,26.8047,-1.9677,5.0131,56.48,100.0
GBR,United Kingdom,2003,2061227755102.04,3.2185,34556.7726,1.3765,1.2805,4.807,29861693.0,59647577.0,78.4463,50.0681,23.9687,26.0994,-1.822,1.7471,64.82,100.0
GBR,United Kingdom,2004,2429774807762.72,2.326,40504.4118,1.3904,1.6054,4.594,30084688.0,59987905.0,78.7463,50.2886,23.9845,26.304,-2.2844,3.583,65.61,100.0
GBR,United Kingdom,2005,2551361818181.82,2.7907,42240.2463,2.0891,1.735,4.884,30476257.0,60401206.0,79.0488,52.5443,25.207,27.3373,-1.9752,9.9027,70.0,100.0
GBR,United Kingdom,2006,2719558417663.29,2.1898,44695.161,2.4557,1.5161,5.472,30976247.0,60846820.0,79.2488,56.7048,27.4129,29.2919,-3.1094,7.4878,68.82,100.0
GBR,United Kingdom,2007,3104699879951.98,2.9309,50629.0799,2.3866,3.4466,5.399,31187174.0,61322463.0,79.4488,52.7494,25.408,27.3414,-3.7164,6.7483,75.09,100.0
GBR,United Kingdom,2008,2945251838235.29,-0.0494,47652.4031,3.5214,1.3268,5.748,31584306.0,61806995.0,79.6,56.4366,27.3794,29.0571,-3.8657,8.6055,78.39,100.0
GBR,United Kingdom,2009,2429358155475.93,-4.5874,39009.3716,1.9617,-1.3358,7.683,31740291.0,62276270.0,80.0512,54.6537,26.7074,27.9464,-3.0185,0.5988,83.56,100.0
GBR,United Kingdom,2010,2496740681057.14,2.2605,39778.3221,2.4927,-0.8175,7.973,31901655.0,62766365.0,80.4024,59.0512,28.7464,30.3048,-2.7593,2.6729,85.0,100.0
GBR,United Kingdom,2011,2675590034128.66,0.8514,42295.9274,3.8561,-1.9282,8.195,32145413.0,63258810.0,80.9512,63.3241,31.2649,32.0591,-1.6238,1.0096,85.38,100.0
GBR,United Kingdom,2012,2719715961539.83,1.5283,42688.3264,2.5732,-1.0318,8.279,32478183.0,63711000.0,80.9049,61.9689,30.4995,31.4693,-3.1326,1.719,87.48,100.0
GBR,United Kingdom,2013,2796908333283.39,1.7185,43607.6637,2.2917,-1.6221,7.752,32691144.0,64138000.0,81.0049,61.7195,30.2076,31.5119,-4.6311,1.9476,89.8441,100.0
GBR,United Kingdom,2014,3085362169410.29,3.1602,47746.9811,1.4511,-1.0788,6.398,32988066.0,64619000.0,81.3049,58.821,28.532,30.289,-4.9779,1.9087,91.6133,100.0
GBR,United Kingdom,2015,2945579890258.46,2.1404,45256.0402,0.368,,5.552,33272035.0,65087000.0,80.9561,57.125,27.8791,29.246,-4.917,1.539,92.0003,100.0
GBR,United Kingdom,2016,2706807606538.73,2.2065,41258.5374,1.0084,,4.909,33593959.0,65606000.0,81.1561,59.8395,29.0616,30.778,-5.4628,11.9999,94.7758,100.0
GBR,United Kingdom,2017,2699118387873.1,3.0232,40918.0521,2.5578,,4.501,33750454.0,65964000.0,81.2561,63.1899,30.9738,32.2161,-3.4733,4.6444,90.4246,100.0
GBR,United Kingdom,2018,2897028009916.05,1.5513,43704.3162,2.2928,,4.145,34015275.0,66287000.0,81.2561,64.9098,31.8545,33.0552,-3.8873,-0.8649,90.692,100.0
GBR,United Kingdom,2019,2875710080015.3,1.2563,43160.6844,1.7381,,3.657,34205897.0,66628000.0,81.3691,65.0036,31.9029,33.1007,-2.6625,0.6882,92.5166,100.0
GBR,United Kingdom,2020,2724001478304.59,-10.0479,40815.1255,0.9895,,4.472,34258263.0,66740000.0,80.3318,59.1599,29.9487,29.2112,-2.9288,5.7704,94.8182,100.0
GBR,United Kingdom,2021,3194559188925.93,8.5431,47695.6492,2.5184,,4.864,34105361.0,66978000.0,80.6473,58.5384,29.2894,29.249,-0.7528,3.2064,96.1965,100.0
GBR,United Kingdom,2022,3181244350465.41,5.1497,47034.7796,7.922,,3.768,34488684.0,67636000.0,81.0112,69.1989,34.0619,35.137,-2.0674,2.9164,95.4653,100.0
GBR,United Kingdom,2023,3420796653789.08,0.2717,49919.6897,6.794,,4.025,34982684.0,68526000.0,81.2381,64.9924,31.9123,33.0801,-3.5768,0.4031,95.4472,100.0
GBR,United Kingdom,2024,3695539513534.15,1.0803,53341.3131,3.2716,,4.361,35317772.0,69281000.0,81.3869,62.8391,31.0561,31.7829,-2.9596,-0.3506,95.4721,100.0
GBR,United Kingdom,2025,4002587541846.01,1.3884,57601.9621,3.8831,,4.746,35409108.0,69487000.0,,62.4573,30.597,31.8604,-2.4269,1.9145,,
GEO,Georgia,2000,3057475335.1885,1.8404,749.9085,4.064,,10.82,2341585.0,4077131.0,70.091,62.6614,22.9945,39.6669,-5.7531,4.2998,0.4847,99.8
GEO,Georgia,2001,3219462262.0075,4.8073,801.9838,4.646,,11.16,2304252.0,4014373.0,70.371,63.3299,24.4614,38.8686,-6.122,3.4127,0.9923,99.8
GEO,Georgia,2002,3395766677.6732,5.474,853.5262,5.5878,,12.59,2282143.0,3978515.0,70.438,71.6291,29.2293,42.3998,-6.3877,4.7235,1.5879,99.9
GEO,Georgia,2003,3991377904.1316,11.057,1010.0315,0.8377,19.6559,11.51,2246171.0,3951736.0,71.377,77.6334,31.4557,46.1776,-9.5759,8.3904,2.5588,100.0
GEO,Georgia,2004,5125365191.9866,5.7927,1305.0475,5.6563,12.5915,12.62,2228045.0,3927340.0,71.011,79.0407,31.1289,47.9118,-6.9498,9.6136,3.8862,99.9
GEO,Georgia,2005,6410912049.871,9.5911,1642.7836,8.2471,8.9089,13.81,2202013.0,3902469.0,70.689,84.5296,33.259,51.2706,-10.8512,7.0678,6.0795,97.9
GEO,Georgia,2006,7745250733.9507,9.4215,1996.0201,9.161,7.9421,13.57,2177951.0,3880347.0,70.983,89.1254,32.4709,56.6545,-15.3811,15.124,7.5269,100.0
GEO,Georgia,2007,10172931088.5655,12.5756,2635.3665,9.2449,6.9597,13.28,2145501.0,3860158.0,70.985,88.3934,30.8183,57.5751,-19.5819,18.5993,8.26,100.0
GEO,Georgia,2008,12795145130.9103,2.4216,3324.7537,9.9995,7.712,17.87,2136012.0,3848449.0,70.949,86.2982,28.2633,58.0349,-21.9709,12.5222,10.01,100.0
GEO,Georgia,2009,10766920065.8251,-3.6508,2822.6894,1.7275,20.4386,20.71,2121468.0,3814419.0,71.058,78.193,29.5452,48.6478,-10.5986,6.1373,20.07,100.0
GEO,Georgia,2010,12426907967.1578,6.2464,3281.7293,7.1102,-0.0524,20.203,2087922.0,3786695.0,71.732,81.6734,32.4675,49.2059,-9.6468,7.4107,26.9,100.0
GEO,Georgia,2011,15475290469.2869,7.9343,4119.6682,8.5429,5.3342,19.632,2052501.0,3756441.0,72.485,85.4659,33.8634,51.6025,-11.9098,7.561,31.52,100.0
GEO,Georgia,2012,16894392033.2256,6.5788,4530.6953,-0.9437,14.4751,19.653,2023718.0,3728874.0,72.672,89.7349,35.6396,54.0953,-11.1442,5.7309,36.94,100.0
GEO,Georgia,2013,17517660143.6859,5.1329,4712.0023,-0.5121,14.3392,19.416,2008043.0,3717668.0,73.025,93.8139,40.9415,52.8724,-5.4545,5.9743,43.3,100.0
GEO,Georgia,2014,17966015109.3043,4.0905,4830.3349,3.0688,6.9986,17.439,1997301.0,3719414.0,73.105,94.9507,39.1819,55.7688,-9.9309,10.2242,49.1025,100.0
GEO,Georgia,2015,15223796148.8396,3.351,4086.6223,4.0036,6.7482,16.506,1985928.0,3725276.0,73.241,97.0163,40.1372,56.8791,-11.6071,11.3986,47.5698,100.0
GEO,Georgia,2016,15444548901.9637,3.4502,4143.4013,2.1349,10.116,16.604,1972634.0,3727505.0,73.136,94.9263,39.9993,54.927,-12.2417,10.747,58.4593,100.0
GEO,Georgia,2017,16473125375.0684,5.1599,4418.7521,6.0353,3.6623,13.939,1957834.0,3728004.0,73.435,102.5843,45.8766,56.7077,-7.9512,11.7184,59.7055,100.0
GEO,Georgia,2018,17902544880.6471,6.062,4804.0546,2.6152,7.3775,12.667,1893021.0,3726549.0,73.985,109.8477,49.6955,60.1522,-6.6594,7.284,62.7179,99.9
GEO,Georgia,2019,17638337116.9126,5.3807,4741.2833,4.8529,6.5587,11.565,1854016.0,3720161.0,74.165,117.8101,54.3043,63.5058,-5.9937,7.9252,68.8467,100.0
GEO,Georgia,2020,16010869215.68,-6.2905,4300.857,5.2025,4.6354,11.734,1864522.0,3722716.0,73.509,92.8911,36.9003,55.9908,-12.4223,3.48,72.5316,100.0
GEO,Georgia,2021,18853115588.8106,10.6442,5083.607,9.5669,2.0692,11.785,1783433.0,3708610.0,71.635,101.6009,42.6744,58.9265,-10.2864,6.8436,76.4427,100.0
GEO,Georgia,2022,24984568959.605,10.9585,6729.8466,11.8982,5.1046,11.621,1863170.0,3712502.0,74.141,114.6954,52.4789,62.2166,-2.5818,9.0365,78.7113,100.0
GEO,Georgia,2023,30777833600.6515,7.8322,8283.6696,2.4878,12.6861,11.549,1878810.0,3715483.0,74.496,107.1512,49.2671,57.8841,-5.5292,6.862,81.8843,100.0
GEO,Georgia,2024,34189423333.141,9.6798,8967.6753,1.1097,9.6111,11.557,1942937.0,3812518.0,74.657,103.4565,47.8151,55.6414,-5.2995,4.6884,83.7986,100.0
GEO,Georgia,2025,38143612855.1367,7.4616,9691.5347,3.8692,10.6551,12.097,2012582.0,3935766.0,,100.628,47.4056,53.2224,-2.6493,4.3397,,
GHA,Ghana,2000,4982850662.2085,3.7,253.7469,40.2409,,10.456,8217643.0,19637087.0,58.139,116.0484,48.8023,67.2462,-7.755,3.3294,0.1536,43.7
GHA,Ghana,2001,5314872854.4405,4.0,263.5422,41.5095,,9.615,8489686.0,20167069.0,58.403,110.0459,45.233,64.8128,-8.0429,1.6806,0.2,44.8
GHA,Ghana,2002,6166197847.8503,4.5,297.4616,9.3609,,8.711,8780391.0,20729388.0,58.709,97.4892,42.6163,54.873,-1.7067,0.9557,0.8303,46.8
GHA,Ghana,2003,7632723555.6622,5.2,358.3993,29.773,,7.728,9071660.0,21296705.0,59.014,97.2871,40.679,56.6081,1.3322,1.7916,1.1931,48.3
GHA,Ghana,2004,8881417906.7143,5.6,406.1321,18.0427,,6.758,9363454.0,21868298.0,59.316,99.6703,39.3033,60.367,-6.6452,1.5681,1.7168,50.8
GHA,Ghana,2005,10744568381.4456,5.9,478.6119,15.439,,5.816,9656788.0,22449438.0,59.638,98.1715,36.4492,61.7223,-10.2806,1.3492,1.8312,41.2
GHA,Ghana,2006,20885037596.6963,6.3999,906.441,11.6792,,4.897,9952251.0,23040702.0,59.975,64.5191,24.6562,39.8629,-5.0566,3.0453,2.7232,55.1
GHA,Ghana,2007,24827339138.4906,4.3468,1050.1246,10.7343,,5.104,10253841.0,23642279.0,60.282,65.3543,24.5251,40.8292,-9.5813,5.5712,3.85,56.9
GHA,Ghana,2008,28679383241.0729,9.1498,1182.6576,16.4946,,5.144,10557369.0,24249946.0,60.578,69.5142,25.0295,44.4848,-11.6022,9.4664,4.27,60.5
GHA,Ghana,2009,26048720005.5233,4.8445,1047.7043,19.2469,,5.362,10856911.0,24862664.0,60.928,71.5947,29.2919,42.3029,-7.2831,9.1081,5.44,61.1
GHA,Ghana,2010,32197655566.5347,7.8997,1263.8925,10.7334,,5.384,11144747.0,25474995.0,61.297,75.3778,29.4767,45.9011,-8.5327,7.8495,7.8,64.2
GHA,Ghana,2011,39336668080.559,14.0471,1507.4357,8.7285,,4.213,11424206.0,26095088.0,61.617,86.2955,36.9366,49.3588,-9.0026,8.2559,9.0,64.1
GHA,Ghana,2012,41271701060.954,9.2928,1543.7752,11.1863,,3.126,11707315.0,26734268.0,61.995,93.168,40.3592,52.8088,-11.9009,7.9825,10.6,56.5
GHA,Ghana,2013,62845721959.827,7.3125,2294.7958,11.6662,,2.173,11997060.0,27386193.0,62.397,60.7593,25.4408,35.3185,-9.0762,5.1348,15.0,70.7
GHA,Ghana,2014,54678533805.9064,2.8562,1949.9083,15.4896,,4.403,12101554.0,28041592.0,62.832,63.8366,28.2319,35.6047,-6.7569,6.1512,19.0,78.3
GHA,Ghana,2015,49436806230.4839,2.1208,1722.7728,17.15,,6.806,12200598.0,28696068.0,63.175,76.5213,33.8317,42.6896,-5.7116,6.4574,23.0,74.0
GHA,Ghana,2016,56144179397.8516,3.3735,1912.4799,17.4546,,5.256,12308859.0,29356742.0,63.522,67.877,31.1932,36.6838,-5.0442,6.2078,28.0,79.3
GHA,Ghana,2017,60385409434.8567,8.1289,2012.2866,12.3719,,3.369,12411296.0,30008354.0,63.829,70.5484,33.8769,36.6715,-3.3164,5.3904,37.8842,79.0
GHA,Ghana,2018,67259353965.6087,6.2001,2195.3217,7.8088,,3.204,12431335.0,30637585.0,64.138,67.9585,33.4549,34.5036,-3.0399,4.444,43.0,80.4
GHA,Ghana,2019,68352629246.1555,6.5078,2186.6582,7.1436,,3.067,12437098.0,31258945.0,64.455,76.8248,37.4496,39.3752,-2.727,5.6762,22.0732,83.5
GHA,Ghana,2020,70008243859.8666,0.5139,2195.4548,9.8873,,3.178,12333934.0,31887809.0,64.309,66.5755,31.5254,35.0501,-3.0482,2.6794,62.5176,85.4
GHA,Ghana,2021,79514204730.3979,5.0765,2445.1866,9.9711,,3.2,12396107.0,32518665.0,64.286,62.7078,30.0551,32.6527,-2.8206,3.1863,68.6,86.3
GHA,Ghana,2022,73919003212.1998,3.8048,2229.8912,31.2559,,2.87,12434883.0,33149152.0,65.246,70.1155,34.664,35.4514,-2.3313,1.9324,69.9133,85.1
GHA,Ghana,2023,80547146875.9526,3.1401,2383.9041,38.107,,2.829,12737097.0,33787914.0,65.498,64.3879,31.7708,32.617,-0.9119,1.6379,70.6743,89.5
GHA,Ghana,2024,83288585604.0268,5.8475,2419.2519,22.8483,,2.82,13049107.0,34427414.0,65.695,68.9669,35.0558,33.9111,1.9192,2.1198,72.1757,91.9
GHA,Ghana,2025,114209905278.717,5.9544,3257.1589,14.2047,,2.979,13250486.0,35064272.0,,,,,8.221,1.6708,,
GIB,Gibraltar,2000,,,,,,,,27709.0,80.145,,,,,,19.1316,99.9
GIB,Gibraltar,2001,,,,,,,,27657.0,80.419,,,,,,21.1711,99.9
GIB,Gibraltar,2002,,,,,,,,27831.0,80.59,,,,,,23.6702,99.8
GIB,Gibraltar,2003,,,,,,,,28274.0,80.713,,,,,,28.3258,99.8
GIB,Gibraltar,2004,,,,,,,,28715.0,80.856,,,,,,32.8861,99.7
GIB,Gibraltar,2005,,,,,,,,29163.0,80.991,,,,,,39.0701,99.7
GIB,Gibraltar,2006,,,,,,,,29594.0,81.103,,,,,,45.2986,99.7
GIB,Gibraltar,2007,,,,,,,,30006.0,81.269,,,,,,51.61,99.7
GIB,Gibraltar,2008,,,,,,,,30413.0,81.541,,,,,,58.0,99.7
GIB,Gibraltar,2009,,,,,,,,30823.0,81.807,,,,,,65.07,100.0
GIB,Gibraltar,2010,,,,,,,,31248.0,82.08,,,,,,65.0,100.0
GIB,Gibraltar,2011,,,,,,,,31660.0,82.333,,,,,,65.0,99.8
GIB,Gibraltar,2012,,,,,,,,32029.0,82.527,,,,,,65.017,99.9
GIB,Gibraltar,2013,,,,,,,,32407.0,82.586,,,,,,,99.9
GIB,Gibraltar,2014,,,,,,,,32813.0,82.644,,,,,,,99.9
GIB,Gibraltar,2015,,,,,,,,33193.0,82.668,,,,,,,100.0
GIB,Gibraltar,2016,,,,,,,,33658.0,82.741,,,,,,94.4445,100.0
GIB,Gibraltar,2017,,,,,,,,34245.0,82.858,,,,,,,100.0
GIB,Gibraltar,2018,,,,,,,,34854.0,83.028,,,,,,,100.0
GIB,Gibraltar,2019,,,,,,,,35494.0,83.183,,,,,,,100.0
GIB,Gibraltar,2020,,,,,,,,36173.0,83.07,,,,,,,100.0
GIB,Gibraltar,2021,,,,,,,,36858.0,80.274,,,,,,,100.0
GIB,Gibraltar,2022,,,,,,,,37609.0,83.517,,,,,,,100.0
GIB,Gibraltar,2023,,,,,,,,38471.0,83.553,,,,,,,100.0
GIB,Gibraltar,2024,,,,,,,,39329.0,83.63,,,,,,,100.0
GIB,Gibraltar,2025,,,,,,,,40126.0,,,,,,,,
GIN,Guinea,2000,4367458866.7154,2.5031,518.1571,,12.3,4.586,2983857.0,8428832.0,52.42,36.6797,16.8194,19.8603,-3.2076,0.2276,0.0954,15.2
GIN,Guinea,2001,4125527603.2291,3.6583,483.0851,,10.931,4.584,3007705.0,8539960.0,52.669,40.1879,19.6003,20.5876,-1.4426,0.0406,0.1755,16.4
GIN,Guinea,2002,4301608752.514,5.1646,495.9161,,,4.549,3046057.0,8674066.0,53.2,38.0284,18.1594,19.869,-4.6407,0.6974,0.402,17.7
GIN,Guinea,2003,5025167975.2636,1.2486,566.4854,,,4.628,3089081.0,8870781.0,53.589,35.0751,17.8021,17.2731,-3.6867,1.5714,0.451,18.9
GIN,Guinea,2004,5300767960.5157,2.3401,584.8977,,,4.709,3127578.0,9062726.0,53.975,34.5951,16.8894,17.7057,-3.0628,1.8469,0.5088,20.2
GIN,Guinea,2005,4282468636.905,2.9973,463.1777,31.3733,,4.814,3158236.0,9245844.0,54.422,47.9377,23.8573,24.0804,-3.7441,2.4519,0.5423,20.2
GIN,Guinea,2006,4220019845.2634,1.1896,446.9806,34.6953,,4.863,3194077.0,9441171.0,54.875,69.3863,23.8243,45.562,-5.2452,2.9621,0.6375,22.8
GIN,Guinea,2007,6281918226.3441,6.8175,650.1486,18.1756,,4.787,3243009.0,9662281.0,55.233,71.121,23.551,47.5701,-7.2365,6.143,0.78,24.1
GIN,Guinea,2008,6964179983.1721,4.133,703.5328,23.0656,,4.803,3298093.0,9898870.0,55.703,64.1842,21.6405,42.5438,-6.2923,5.4835,0.92,25.4
GIN,Guinea,2009,6716905339.7314,-1.1226,662.1859,4.6844,,4.914,3354492.0,10143534.0,56.052,69.8153,22.5158,47.2996,-6.0051,1.3552,0.94,26.7
GIN,Guinea,2010,6853467145.5309,4.8134,659.2353,15.0503,,5.018,3411704.0,10396086.0,56.431,73.5466,30.3412,43.2054,-4.7697,,1.0,28.1
GIN,Guinea,2011,6785137203.3315,5.6121,636.695,21.3169,,5.024,3471253.0,10656810.0,56.778,85.9547,32.6022,53.3524,-17.1165,14.0905,2.0,29.5
GIN,Guinea,2012,7638044556.8466,5.9153,699.3534,15.2263,,4.874,3531500.0,10921581.0,57.117,86.6743,33.1374,53.5369,-13.598,7.9282,3.1,26.2
GIN,Guinea,2013,8376613539.2828,3.9457,748.455,11.8876,,4.944,3590645.0,11191873.0,57.459,80.4264,26.4706,53.9558,-14.2035,0.0023,4.5,32.2
GIN,Guinea,2014,8778473372.8212,3.6966,765.147,6.1505,,5.044,3651040.0,11472924.0,57.581,76.772,26.6885,50.0835,-11.1828,-0.8402,6.4,33.5
GIN,Guinea,2015,8794201742.8461,3.8259,747.357,11.7801,,5.15,3714419.0,11767070.0,57.899,72.4427,21.4969,50.9459,-11.6008,0.6058,9.2,34.9
GIN,Guinea,2016,8595955222.4972,10.8206,711.9965,8.1727,,4.997,3778710.0,12073030.0,58.49,111.8395,29.3715,82.468,-31.9328,18.828,13.1,33.5
GIN,Guinea,2017,10324668271.1362,10.3,833.5986,8.9144,,4.86,3841450.0,12385659.0,58.715,101.2516,44.6603,56.5913,5.0302,5.5943,18.7,35.4
GIN,Guinea,2018,11857030366.7891,6.3585,933.2736,9.8276,,4.835,3904140.0,12704774.0,59.043,88.9841,40.2071,48.777,-1.6064,2.9751,21.83,45.0
GIN,Guinea,2019,13442861496.4454,5.6169,1031.3415,9.47,,5.018,3969628.0,13034346.0,59.379,78.4153,35.042,43.3733,-2.3404,0.3303,23.8905,42.2
GIN,Guinea,2020,14088693742.9464,4.7046,1053.661,10.6016,,6.007,4051774.0,13371183.0,59.35,115.7653,46.9698,68.7954,19.0561,1.2517,26.1455,44.7
GIN,Guinea,2021,17069115737.8259,5.5823,1244.9655,12.5973,,5.815,4194116.0,13710513.0,59.373,115.1955,56.2186,58.9769,27.1762,1.1577,28.6133,46.8
GIN,Guinea,2022,19910452541.9219,3.9724,1416.5961,10.493,,5.174,4337819.0,14055137.0,60.432,94.1653,45.4187,48.7466,16.8265,3.3063,31.314,47.7
GIN,Guinea,2023,22407615556.0571,5.5417,1555.4938,7.805,,5.141,4470129.0,14405468.0,60.74,95.8295,44.1321,51.6975,8.4843,5.8682,32.3156,51.1
GIN,Guinea,2024,25008678293.4073,5.35,1694.9538,8.1231,,5.132,4603413.0,14754785.0,60.904,97.7778,41.393,56.3848,-1.5667,5.6054,33.3047,53.8
GIN,Guinea,2025,28346024753.2924,7.4471,1877.2541,3.5463,,5.163,4722818.0,15099727.0,,103.678,41.4119,62.2661,,,,
GMB,"Gambia, The",2000,782913871.8097,5.5,538.0541,0.845,21.3106,9.722,374537.0,1455084.0,56.899,56.3598,25.7987,30.5611,,5.5587,0.9218,34.3
GMB,"Gambia, The",2001,687410645.0639,5.8,459.8031,4.4926,21.801,9.64,385746.0,1495011.0,57.283,46.9293,21.8208,25.1085,,5.1614,1.3368,29.9
GMB,"Gambia, The",2002,578235309.3272,-3.25,376.531,8.6091,12.3276,10.039,396730.0,1535691.0,57.736,59.643,27.1574,32.4856,,7.4065,1.7968,31.5
GMB,"Gambia, The",2003,487038685.0455,6.87,308.7191,17.0329,14.5618,9.991,409102.0,1577611.0,58.223,68.8588,31.0938,37.765,0.5412,3.7518,2.4368,27.8
GMB,"Gambia, The",2004,961900651.4234,7.05,593.2853,14.2067,-29.7081,9.948,422236.0,1621312.0,58.749,49.9343,20.5948,29.3395,-3.1523,5.7726,3.308,34.8
GMB,"Gambia, The",2005,1027701067.5569,-2.3517,616.4837,4.8386,29.5858,9.92,435354.0,1667037.0,59.11,50.0187,19.9033,30.1154,-4.2222,5.2204,3.799,30.5
GMB,"Gambia, The",2006,1054112487.7408,-0.5556,614.5443,2.0565,28.0808,10.241,449455.0,1715275.0,59.667,50.3745,21.0347,29.3398,-6.2232,7.7988,5.2377,38.1
GMB,"Gambia, The",2007,1279703047.0221,3.0432,724.7264,5.3691,22.5081,10.425,464605.0,1765774.0,60.001,44.2938,18.033,26.2609,-6.1948,6.1026,6.205,39.8
GMB,"Gambia, The",2008,1561766955.7302,6.2559,859.1277,4.4437,23.9316,10.065,480666.0,1817852.0,60.473,39.0891,14.4752,24.6139,-0.4027,4.5328,6.88,41.5
GMB,"Gambia, The",2009,1450142508.5781,6.6657,774.888,4.5615,21.5156,9.778,497339.0,1871422.0,60.735,41.7774,15.7461,26.0313,1.9311,2.7202,7.63,43.2
GMB,"Gambia, The",2010,1543294926.873,5.9083,801.0334,5.0497,20.2147,9.673,514388.0,1926630.0,61.167,41.0125,14.6678,26.3447,1.1339,2.4066,9.2,46.8
GMB,"Gambia, The",2011,1409693596.9359,-8.1304,710.6084,4.7959,22.4036,10.276,530220.0,1983784.0,61.561,42.6397,16.8594,25.7803,-7.6714,2.5592,10.8703,48.3
GMB,"Gambia, The",2012,1415004738.2662,5.2416,692.5794,4.2543,23.2604,10.346,547788.0,2043094.0,61.9,47.7007,19.8417,27.859,-6.5571,2.9105,12.4492,49.9
GMB,"Gambia, The",2013,1375609453.4375,2.8728,653.8627,5.6991,20.8309,9.454,565400.0,2103820.0,62.252,45.4619,18.9792,26.4828,-7.0594,4.968,14.0,51.5
GMB,"Gambia, The",2014,1229461721.4086,-1.4074,568.0045,5.948,22.1347,8.191,582683.0,2164528.0,62.576,58.2579,21.8369,36.421,-6.8776,1.8719,15.56,53.0
GMB,"Gambia, The",2015,1378176608.932,4.0581,619.5364,6.8085,,7.226,600677.0,2224529.0,62.971,44.5224,15.5708,28.9515,-3.9023,5.2226,17.5995,54.7
GMB,"Gambia, The",2016,1484578885.9713,1.9434,650.0565,7.2288,,6.244,618571.0,2283769.0,63.386,38.1141,12.7556,25.3585,-5.128,4.7037,19.9064,56.4
GMB,"Gambia, The",2017,1504909462.6952,4.8226,642.5226,8.0342,24.1319,5.097,637032.0,2342189.0,63.708,55.7336,18.4807,37.2528,-6.3288,4.2752,22.5156,56.2
GMB,"Gambia, The",2018,1670671327.8165,7.2349,696.2198,6.521,19.6801,4.055,656084.0,2399632.0,64.034,64.8125,22.2882,42.5243,-8.0833,4.8965,28.309,60.3
GMB,"Gambia, The",2019,1813609692.4999,6.2221,738.1868,7.1157,20.4681,4.481,675484.0,2456844.0,64.427,55.9979,20.1659,35.832,-2.0445,3.9194,31.1183,62.1
GMB,"Gambia, The",2020,1812170891.1907,0.5915,720.3351,5.9313,25.2584,5.84,695109.0,2515733.0,64.418,47.3955,9.6076,37.7879,-4.7762,10.4613,36.011,62.2
GMB,"Gambia, The",2021,2014158842.146,5.256,781.8909,7.3703,11.2848,6.213,716337.0,2576010.0,63.847,42.098,6.6173,35.4806,-4.3133,12.5026,41.6731,63.7
GMB,"Gambia, The",2022,2204734527.881,5.493,836.2449,11.5131,9.3578,6.067,738066.0,2636470.0,64.859,44.7219,8.5699,36.1521,-4.0935,10.4996,48.2254,65.4
GMB,"Gambia, The",2023,2382262185.3818,5.9168,883.0241,16.9742,6.1826,6.479,760304.0,2697845.0,65.86,39.962,7.0532,32.9088,-5.0399,8.628,48.7283,66.9
GMB,"Gambia, The",2024,2404888737.5485,5.5513,871.3403,11.5611,15.3153,6.48,783461.0,2759988.0,66.057,42.1706,8.7488,33.4218,-4.1496,9.6619,49.4943,69.0
GMB,"Gambia, The",2025,2593673987.5331,5.8931,919.0604,,13.0799,6.521,807275.0,2822093.0,,62.1714,12.7304,49.441,,,,
GNB,Guinea-Bissau,2000,391345597.4883,1.1003,316.9455,8.6363,,3.358,436113.0,1234741.0,50.565,52.7373,13.0928,39.6446,,0.1795,0.2301,
GNB,Guinea-Bissau,2001,412610871.5091,4.786,327.1384,3.3481,,2.958,446544.0,1261273.0,51.054,47.5832,10.0792,37.504,-2.6982,0.0959,0.2996,
GNB,Guinea-Bissau,2002,466773711.2356,3.6539,362.0346,3.3001,,3.146,457500.0,1289307.0,51.608,39.6761,11.4556,28.2205,-0.2717,0.7595,1.023,1.3
GNB,Guinea-Bissau,2003,553614800.1457,-0.2859,419.7849,-3.5026,,3.169,468941.0,1318806.0,52.186,38.0335,11.9318,26.1017,-0.0519,0.7235,1.3542,2.6
GNB,Guinea-Bissau,2004,582169841.2983,1.1719,431.3766,0.8833,,3.226,480912.0,1349563.0,52.8,43.1921,12.9332,30.2589,2.3815,0.3291,1.8081,3.9
GNB,Guinea-Bissau,2005,639776040.6884,6.5598,463.074,3.3292,,3.184,493254.0,1381585.0,52.949,45.7842,13.5628,32.2214,-1.6387,1.3587,1.9014,5.2
GNB,Guinea-Bissau,2006,634781901.2515,2.6665,448.5131,1.9547,9.378,3.143,506064.0,1415303.0,54.089,48.7605,10.3776,38.3829,-6.3132,2.8178,2.0572,14.5
GNB,Guinea-Bissau,2007,753162998.0151,2.5598,519.0698,4.6174,-1.1686,3.125,519644.0,1450986.0,54.87,46.2445,11.1203,35.1242,-4.0695,2.4922,2.2063,7.9
GNB,Guinea-Bissau,2008,952667544.0373,4.5246,640.2103,10.4601,-6.8982,3.157,533881.0,1488054.0,55.3,45.1389,11.7666,33.3723,-3.021,0.6959,2.3549,9.3
GNB,Guinea-Bissau,2009,890167833.3698,2.448,583.19,-1.6514,9.1528,3.163,548777.0,1526377.0,56.297,43.5957,11.1283,32.4674,-5.3485,2.1221,2.3033,4.7
GNB,Guinea-Bissau,2010,940112538.9364,5.6054,600.1943,2.5179,-0.0966,3.121,564397.0,1566347.0,56.999,43.5146,12.6394,30.8752,-7.53,2.7912,2.45,6.0
GNB,Guinea-Bissau,2011,1157074319.1939,8.085,719.5396,5.0461,-2.9478,3.072,580683.0,1608076.0,57.663,48.6175,19.2981,29.3194,-1.2143,2.1627,2.672,13.5
GNB,Guinea-Bissau,2012,1049412177.1141,-1.7129,635.4617,2.1305,5.0678,3.135,597640.0,1651417.0,58.27,44.1281,14.1168,30.0113,-7.9322,0.6313,2.894,14.9
GNB,Guinea-Bissau,2013,1109682824.1359,3.2561,654.3045,1.2071,6.2783,3.173,615193.0,1695973.0,58.879,39.9575,13.2144,26.743,-4.7319,1.7698,3.1,16.3
GNB,Guinea-Bissau,2014,1135250721.0374,0.9645,652.0225,-1.5092,3.989,3.285,633206.0,1741122.0,59.476,46.8697,16.6941,30.1755,0.5558,2.5415,3.32,17.2
GNB,Guinea-Bissau,2015,1152384166.7964,6.1341,645.0668,1.4767,-8.1781,3.168,651647.0,1786457.0,60.071,54.3704,25.0467,29.3237,1.8173,1.6119,6.1,20.1
GNB,Guinea-Bissau,2016,1245074264.104,5.4327,679.6654,1.5031,2.5091,3.139,670517.0,1831893.0,60.619,54.3007,23.7747,30.5259,1.3629,1.9275,13.8,22.9
GNB,Guinea-Bissau,2017,1469978606.1214,4.6637,783.1232,1.6911,,3.089,689816.0,1877072.0,61.148,56.9137,26.5344,30.3794,0.2639,1.0674,14.8,26.0
GNB,Guinea-Bissau,2018,1554133593.917,3.7615,808.5316,0.3813,,3.127,709612.0,1922168.0,61.652,55.0196,25.4769,29.5427,-3.4832,1.3232,15.7,28.4
GNB,Guinea-Bissau,2019,1596214680.1293,5.3275,811.21,0.2466,,2.413,722591.0,1967696.0,62.161,49.9439,18.281,31.6629,-7.982,4.4893,17.9215,30.9
GNB,Guinea-Bissau,2020,1705062169.8142,2.8915,846.9181,1.14,,2.887,748181.0,2013255.0,61.343,42.8853,15.4679,27.4174,-2.2687,1.231,20.4573,33.4
GNB,Guinea-Bissau,2021,1907611288.2304,5.0173,926.5462,2.2425,,3.016,785828.0,2058841.0,61.653,44.8202,17.5423,27.2779,-0.7406,0.9714,23.3519,35.8
GNB,Guinea-Bissau,2022,1856239954.8156,5.4578,881.6027,9.3908,,2.666,823140.0,2105529.0,63.605,45.9935,14.7515,31.242,-7.8998,1.1668,27.6738,37.4
GNB,Guinea-Bissau,2023,2076748678.1199,4.6305,964.4318,7.1022,,2.632,847738.0,2153339.0,64.085,42.4352,13.7413,28.6938,-7.7125,1.2102,28.7124,40.5
GNB,Guinea-Bissau,2024,2197777209.9422,4.4092,998.3761,3.7656,,2.647,872544.0,2201352.0,64.254,40.3719,12.6983,27.6736,-7.3589,1.2126,29.7774,43.7
GNB,Guinea-Bissau,2025,2527930272.9299,5.8181,1123.7668,0.8749,,2.673,899220.0,2249515.0,,40.8793,13.8663,27.013,,,,
GNQ,Equatorial Guinea,2000,1045998496.4387,18.2138,1487.3166,4.8023,,7.444,248504.0,703279.0,53.395,,,,,14.7705,0.1324,64.8
GNQ,Equatorial Guinea,2001,1461139022.0295,63.3799,1948.6115,8.8254,,7.551,265392.0,749836.0,53.827,,,,,64.3841,0.1653,64.9
GNQ,Equatorial Guinea,2002,1806742742.2731,19.4628,2264.2107,7.5925,,7.646,283043.0,797957.0,54.324,,,,,17.8991,0.3212,64.9
GNQ,Equatorial Guinea,2003,2484745935.0933,13.9553,2930.6018,7.3235,,7.701,301433.0,847862.0,54.791,,,,,27.7606,0.5205,64.9
GNQ,Equatorial Guinea,2004,4410764338.6673,37.9987,4901.3013,4.2197,,7.658,320572.0,899917.0,55.307,,,,,7.7291,0.8439,64.9
GNQ,Equatorial Guinea,2005,8217369092.6522,16.7487,8673.9026,5.6316,,7.667,338269.0,947367.0,55.766,131.0245,87.4174,43.6071,,9.36,1.1498,65.0
GNQ,Equatorial Guinea,2006,10086528698.8604,7.7049,10184.8841,4.4159,,7.612,354760.0,990343.0,56.354,118.5328,82.3257,36.2071,,4.6548,1.2792,65.1
GNQ,Equatorial Guinea,2007,13071718758.7373,15.2821,12616.9533,2.8037,,7.592,372547.0,1036044.0,56.857,134.0838,88.6213,45.4625,,9.507,1.5571,65.1
GNQ,Equatorial Guinea,2008,19749893536.3204,17.7991,18210.5553,6.5518,,7.571,391751.0,1084530.0,57.384,128.688,89.2244,39.4637,,-4.0196,1.82,65.2
GNQ,Equatorial Guinea,2009,15027795173.2187,1.3434,13232.5019,4.6911,,7.702,412481.0,1135673.0,57.881,122.2121,74.3422,47.8699,,10.888,2.13,65.4
GNQ,Equatorial Guinea,2010,16314443436.2903,-8.9242,13720.1659,7.7892,,7.847,434694.0,1189085.0,58.344,144.6682,85.7584,58.9098,,16.7582,6.0,66.1
GNQ,Equatorial Guinea,2011,21357343668.9447,6.5239,17198.2137,4.8054,,7.837,456996.0,1241835.0,58.827,114.3773,75.0953,39.282,,9.2474,11.5,66.1
GNQ,Equatorial Guinea,2012,22388344143.9131,8.3129,17308.5724,3.6566,,7.761,479052.0,1293483.0,59.301,116.6754,71.905,44.7704,,4.4008,13.9432,65.7
GNQ,Equatorial Guinea,2013,21948834283.7856,-4.1332,16304.0713,2.9489,,7.675,501639.0,1346218.0,59.784,106.8933,67.6533,39.24,,2.6559,16.4,65.9
GNQ,Equatorial Guinea,2014,21765453081.9826,0.4151,15548.6625,4.31,,7.669,524435.0,1399828.0,60.228,104.3792,65.9633,38.4159,,0.7713,18.86,66.0
GNQ,Equatorial Guinea,2015,13185496881.0174,-9.11,9068.91,1.6766,,7.778,547117.0,1453923.0,60.635,98.8781,56.6585,42.2196,,9.0076,21.32,66.1
GNQ,Equatorial Guinea,2016,11240808847.8878,-8.8164,7453.198,1.4119,,7.798,569457.0,1508186.0,61.081,92.6007,51.4128,41.1879,,15.6154,23.78,66.2
GNQ,Equatorial Guinea,2017,12200913878.9827,-5.6675,7809.1047,0.7444,,7.843,591358.0,1562396.0,61.481,102.4283,58.8631,43.5652,,3.1541,26.24,66.4
GNQ,Equatorial Guinea,2018,13097012133.6159,-6.2365,8102.4708,1.0601,,7.818,612820.0,1616422.0,61.915,103.6457,59.6145,44.0311,,-1.103,29.4,66.5
GNQ,Equatorial Guinea,2019,11364133549.7478,-5.4818,6804.1492,1.5303,,7.917,633862.0,1670177.0,62.297,94.8788,51.1307,43.748,,7.2281,49.1337,66.6
GNQ,Equatorial Guinea,2020,9893816007.7398,-4.7911,5764.055,4.7667,,8.625,607636.0,1716468.0,62.141,77.9279,40.8454,37.0824,,-0.0917,55.0013,66.7
GNQ,Equatorial Guinea,2021,12215878032.7166,0.8603,6945.6307,-0.0971,,8.821,630607.0,1758786.0,62.447,76.9666,45.1276,31.8391,,4.5973,58.7173,66.8
GNQ,Equatorial Guinea,2022,13687643435.6249,3.2235,7589.2996,4.7867,,8.334,687104.0,1803545.0,63.355,81.813,52.9671,28.8459,,10.1419,63.6595,67.0
GNQ,Equatorial Guinea,2023,12541814272.8021,-7.4251,6788.3527,2.8595,,8.218,706195.0,1847549.0,63.707,60.6887,37.8046,22.8841,,1.1305,63.5195,66.9
GNQ,Equatorial Guinea,2024,13254388261.1258,0.3962,7003.5806,2.9214,,8.293,722907.0,1892516.0,63.906,74.2895,44.9766,29.3129,,1.4185,63.2993,65.1
GNQ,Equatorial Guinea,2025,12823210425.9217,-5.8468,6615.2525,,,8.337,737977.0,1938431.0,,74.9322,46.52,28.4122,,,,
GRC,Greece,2000,125760166224.805,4.1378,11638.2011,3.1512,,11.345,4679182.0,10805808.0,77.8878,59.1127,24.0113,35.1014,-7.8065,-0.0065,9.1388,100.0
GRC,Greece,2001,132050474720.03,4.6504,12156.9573,3.374,,10.764,4642262.0,10862132.0,78.3878,56.8576,23.1598,33.6979,-7.1208,0.0015,10.935,100.0
GRC,Greece,2002,150253800085.865,4.6831,13782.1956,3.6294,,10.346,4692781.0,10902022.0,78.6415,50.0533,20.3831,29.6702,-6.3863,0.0227,14.67,100.0
GRC,Greece,2003,196930509813.384,5.7968,18020.612,3.5307,,9.839,4751371.0,10928070.0,78.8415,47.8943,18.8735,29.0208,-6.5063,0.715,17.8,100.0
GRC,Greece,2004,234979615898.225,5.3779,21449.2553,2.8988,,10.628,4833969.0,10955141.0,79.039,49.8253,20.6093,29.216,-5.742,0.9141,21.42,100.0
GRC,Greece,2005,242315668619.405,1.1835,22054.1316,3.5451,,10.074,4871505.0,10987314.0,79.239,50.3555,20.9925,29.363,-7.5186,0.2841,24.0,100.0
GRC,Greece,2006,269073415333.676,6.4434,24416.0233,3.1959,,8.906,4920904.0,11020362.0,79.439,51.1047,20.775,30.3298,-10.9919,2.0111,32.25,100.0
GRC,Greece,2007,314226996944.108,3.5069,28440.7625,2.895,,8.351,4926848.0,11048473.0,79.439,54.5257,21.7482,32.7775,-14.187,0.6228,35.88,100.0
GRC,Greece,2008,351121399546.485,0.0575,31695.8331,4.1528,,7.664,4948462.0,11077841.0,79.939,57.1053,22.7848,34.3205,-14.6095,1.6329,38.2,100.0
GRC,Greece,2009,326829054686.306,-4.1193,29425.4573,1.2101,,9.546,5000038.0,11107017.0,80.1878,46.378,18.7299,27.6481,-10.9983,0.8464,42.4,100.0
GRC,Greece,2010,296417644404.034,-5.6937,26653.0488,4.713,,12.719,5021719.0,11121341.0,80.3878,50.9225,21.7288,29.1937,-10.2094,0.1798,44.4,100.0
GRC,Greece,2011,283228079776.041,-9.8768,25504.7867,3.3299,,17.973,4943412.0,11104899.0,80.7317,56.293,25.3076,30.9854,-10.0976,0.3856,51.65,100.0
GRC,Greece,2012,238841140018.233,-8.3311,21624.3461,1.5015,,24.731,4890730.0,11045011.0,80.6341,62.3942,28.9658,33.4284,-2.5842,0.6959,55.07,100.0
GRC,Greece,2013,236556279640.705,-2.2721,21573.345,-0.9213,,27.686,4825291.0,10965211.0,81.2854,62.9547,30.3272,32.6275,-2.1303,1.2451,59.8663,100.0
GRC,Greece,2014,233911581521.062,0.7922,21474.7257,-1.3123,,26.708,4766187.0,10892413.0,81.3854,66.4335,32.515,33.9185,-1.4379,1.1531,63.2073,100.0
GRC,Greece,2015,194567373678.099,-0.2283,17980.7298,-1.7359,,24.981,4737907.0,10820883.0,81.0366,65.2716,32.1864,33.0853,-1.5031,0.6522,66.835,100.0
GRC,Greece,2016,193097239005.87,-0.0318,17919.2426,-0.8257,,23.514,4715851.0,10775971.0,81.3878,63.6575,31.1794,32.4782,-2.3035,1.3975,69.0879,100.0
GRC,Greece,2017,200381103984.298,1.4731,18631.993,1.1213,,21.413,4695990.0,10754679.0,81.2878,70.8825,34.7794,36.1031,-2.3834,1.7163,69.893,100.0
GRC,Greece,2018,213298873494.394,2.0647,19873.4015,0.6256,,19.179,4668888.0,10732882.0,81.7878,79.238,38.6308,40.6072,-3.5568,1.8872,72.2384,100.0
GRC,Greece,2019,207305649887.019,2.2772,19335.3602,0.253,,17.045,4672995.0,10721582.0,81.639,80.5901,39.5603,41.0298,-2.1181,2.4117,75.6712,100.0
GRC,Greece,2020,191362985554.861,-9.1962,17886.7332,-1.248,,15.899,4596339.0,10698599.0,81.2878,70.2937,31.4504,38.8433,-7.1218,1.7264,78.1158,100.0
GRC,Greece,2021,218303801895.326,8.6545,20652.8966,1.2238,,14.656,4573946.0,10570130.0,80.0829,88.0127,40.2604,47.7523,-7.1523,3.0165,78.4943,100.0
GRC,Greece,2022,217990189600.69,5.522,20884.6773,9.6453,,12.426,4660376.0,10437805.0,80.7878,108.1218,49.2316,58.8902,-10.878,3.6965,83.1707,100.0
GRC,Greece,2023,242946187738.269,2.1359,23343.7104,3.4648,,11.023,4658631.0,10407351.0,81.7366,92.4711,43.8388,48.6322,-6.7784,1.9437,85.0102,100.0
GRC,Greece,2024,256238371778.118,2.0866,24626.1482,2.741,,10.02,4725479.0,10405134.0,81.839,89.7765,42.1117,47.6648,-7.1095,2.6313,86.2697,100.0
GRC,Greece,2025,280635521324.441,2.0731,26948.007,2.4821,,8.54,4715509.0,10413962.0,,83.4516,39.4618,43.9899,,,,
GRD,Grenada,2000,520044370.3704,4.888,4839.8281,2.1818,8.493,,,107451.0,72.955,,,,-21.9966,11.0547,4.0639,86.0
GRD,Grenada,2001,520444185.1852,-2.0239,4819.5078,3.141,7.8737,,,107987.0,73.034,,,,-25.1924,17.211,5.1281,86.3
GRD,Grenada,2002,540336925.9259,3.4373,4984.4741,1.0672,10.8965,,,108404.0,73.142,,,,-24.5623,14.4084,14.7588,86.6
GRD,Grenada,2003,591018407.4074,9.464,5427.9638,2.1549,12.1346,,,108884.0,73.291,,,,-26.3551,16.7656,18.6452,86.9
GRD,Grenada,2004,599118592.5926,-0.6475,5480.2612,2.3129,7.9914,,,109323.0,72.447,,,,-21.9094,21.0924,19.5706,87.2
GRD,Grenada,2005,695555555.5556,13.2762,6338.5601,3.4758,7.3913,,,109734.0,73.7,,,,-36.1971,11.7332,20.4878,87.5
GRD,Grenada,2006,698700666.6667,-3.9953,6344.0384,4.252,4.9886,,,110135.0,73.93,,,,-35.358,14.7018,21.396,87.9
GRD,Grenada,2007,758683592.5926,6.1235,6864.5482,3.8588,7.2679,,,110522.0,74.159,,,,-29.2907,21.7777,22.29,88.2
GRD,Grenada,2008,825976037.037,0.9475,7448.2041,8.0333,1.5589,,,110896.0,74.374,,,,-26.3105,17.4858,23.18,90.0
GRD,Grenada,2009,771275555.5556,-6.6133,6932.5647,-0.3087,11.004,,,111254.0,74.567,,,,-16.9228,14.0935,24.05,89.0
GRD,Grenada,2010,771014814.8148,-0.5111,6909.6017,3.4365,10.047,,,111586.0,74.731,,,,-19.4483,7.2183,27.0,89.4
GRD,Grenada,2011,778655555.5556,0.7648,6947.3814,3.0335,10.438,,,112079.0,74.861,,,,-18.6656,11.0348,30.0,88.8
GRD,Grenada,2012,799881481.4815,-1.1548,7092.7199,2.4108,5.5806,,,112775.0,74.961,,,,-14.9831,6.2276,32.0,90.2
GRD,Grenada,2013,842618518.5185,2.3511,7424.8021,-0.044,6.1668,,,113487.0,75.022,,,,-17.0641,15.4729,35.0,90.6
GRD,Grenada,2014,911496296.2963,7.3421,7986.3342,-0.9836,8.3461,,,114132.0,75.045,,,,-9.0824,9.1867,51.6,91.0
GRD,Grenada,2015,997007407.4074,6.4452,8694.1244,-0.5154,6.0376,,,114676.0,75.037,,,,-10.6165,15.4732,52.5,91.4
GRD,Grenada,2016,1061640740.7407,3.7396,9221.2346,1.6504,5.8364,,,115130.0,75.01,,,,-8.8496,10.3063,53.3,91.8
GRD,Grenada,2017,1125685185.1852,4.4387,9751.4266,0.9085,6.6843,,,115438.0,74.977,,,,-11.4635,13.6165,54.2,92.2
GRD,Grenada,2018,1166514814.8148,4.3614,10083.0213,0.8041,8.5999,,,115691.0,74.957,,,,-12.7579,15.9441,61.4246,92.3
GRD,Grenada,2019,1213485185.1852,0.6765,10462.7929,0.5981,4.1068,,,115981.0,74.971,,,,-10.3282,17.1915,64.3128,93.0
GRD,Grenada,2020,1043411111.1111,-13.7566,8968.5589,-0.7407,7.1546,,,116341.0,75.019,,,,-16.106,13.54,65.6538,93.4
GRD,Grenada,2021,1122222222.2222,4.6977,9617.289,1.2195,3.7166,,,116688.0,74.522,,,,-14.3795,13.5645,67.0228,93.7
GRD,Grenada,2022,1224007407.4074,7.3102,10469.3867,2.5805,4.7211,,,116913.0,75.151,,,,-12.1278,13.3138,68.4203,94.2
GRD,Grenada,2023,1336418518.5185,4.5266,11414.4782,2.6961,2.3689,,,117081.0,75.205,,,,-20.295,16.4807,69.4131,94.4
GRD,Grenada,2024,1351270370.3704,2.3996,11528.9221,1.0862,8.2488,,,117207.0,75.367,,,,-21.8876,12.1312,70.1616,95.6
GRD,Grenada,2025,1420173228.5695,4.412,12106.879,0.6103,6.1621,,,117303.0,,,,,-23.1306,12.0172,,
GRL,Greenland,2000,1068025016.0086,7.1016,19009.0774,,,,,56185.0,64.8034,,,,,,31.7478,100.0
GRL,Greenland,2001,1086170703.9816,1.269,19265.5191,,,,,56379.0,65.0059,,,,,,35.4641,100.0
GRL,Greenland,2002,1169136716.0356,-0.9712,20657.9506,,,,,56595.0,65.4195,,,,,,44.1548,100.0
GRL,Greenland,2003,1558759823.0817,4.43,27466.6495,,,,,56751.0,66.1229,87.2972,37.7958,49.5014,,,54.5343,100.0
GRL,Greenland,2004,1822499769.2394,6.9066,32030.9988,,,,,56898.0,66.808,88.1524,39.2867,48.8657,,,56.099,100.0
GRL,Greenland,2005,1849802648.3639,4.9875,32489.7277,,,,,56935.0,67.3051,99.7079,41.0607,58.6473,,,57.7034,100.0
GRL,Greenland,2006,2013106929.5003,5.5557,35457.6298,,,,,56775.0,67.818,89.6939,37.8031,51.8907,,,59.3617,100.0
GRL,Greenland,2007,2249811295.6608,2.3524,39780.9441,,,,,56555.0,68.2739,94.9671,36.2023,58.7648,,,61.07,100.0
GRL,Greenland,2008,2499092314.4187,6.1661,44366.7859,,,,,56328.0,68.5661,107.3732,36.9791,70.3941,,,62.82,100.0
GRL,Greenland,2009,2529963903.2269,0.866,44918.8414,,,,,56323.0,69.0322,85.7574,30.7311,55.0262,,,62.83,100.0
GRL,Greenland,2010,2503167187.4931,1.7358,44277.1993,,,,,56534.0,69.3498,110.4724,34.056,76.4164,,,63.0,100.0
GRL,Greenland,2011,2684461375.4658,-0.4965,47186.876,,,,,56890.0,69.6146,130.5479,37.9979,92.55,,,64.0,100.0
GRL,Greenland,2012,2609678486.3675,1.3942,45936.9563,,,,,56810.0,69.9595,100.9784,37.512,63.4664,,,64.896,100.0
GRL,Greenland,2013,2684946990.1245,-1.2983,47535.4884,,,,,56483.0,70.2917,95.9117,37.7009,58.2108,,,65.8,100.0
GRL,Greenland,2014,2842065708.3596,4.7421,50485.2244,,,,,56295.0,70.5083,87.0886,38.4728,48.6158,,,66.7,100.0
GRL,Greenland,2015,2499113022.8168,-2.5293,44536.355,,,,,56114.0,70.9098,83.1014,37.5798,45.5215,,,67.6004,100.0
GRL,Greenland,2016,2707139544.4669,4.682,48181.7454,,,,,56186.0,71.199,85.8377,40.765,45.0726,,,68.5009,100.0
GRL,Greenland,2017,2851613679.0343,0.0527,50765.7495,,,,,56172.0,71.2563,84.2073,40.6922,43.515,,,69.4825,100.0
GRL,Greenland,2018,3055782146.1596,0.6231,54545.1359,,,,,56023.0,71.361,89.7767,44.4546,45.3221,,,,100.0
GRL,Greenland,2019,2997309971.8762,2.8322,53309.2036,,,,,56225.0,71.4093,92.1908,41.0427,51.1481,,,,100.0
GRL,Greenland,2020,3089625554.4047,0.2508,54812.6662,,,,,56367.0,71.2859,82.6595,35.9658,46.6937,,,,100.0
GRL,Greenland,2021,3293578467.5733,1.6341,58135.994,,,,,56653.0,71.2615,83.6839,34.0555,49.6284,,,,100.0
GRL,Greenland,2022,3152334771.7799,2.0046,55635.0006,,,,,56661.0,71.2302,93.3651,40.7901,52.575,,,,100.0
GRL,Greenland,2023,3326543974.3919,0.866,58498.9708,,,,,56865.0,70.9724,91.8901,40.7986,51.0915,,,,100.0
GRL,Greenland,2024,,,,,,,,56836.0,70.2734,,,,,,,100.0
GRL,Greenland,2025,,,,,,,,56831.0,,,,,,,,
GTM,Guatemala,2000,19288929030.0508,3.6089,1648.9658,5.9776,13.1532,2.143,4394451.0,11697592.0,67.102,49.1456,20.195,28.9506,-5.4415,-4.0884,0.7123,73.3
GTM,Guatemala,2001,18405220247.4412,2.3326,1537.6866,7.2859,26.0278,2.251,4514365.0,11969422.0,67.436,70.669,28.6635,42.0055,-6.8073,-5.0882,1.7382,73.7
GTM,Guatemala,2002,20444205991.025,3.8393,1669.3352,8.1326,9.7634,2.254,4646801.0,12246915.0,67.835,67.1048,26.7263,40.3785,-6.0402,-4.9745,3.3917,78.7
GTM,Guatemala,2003,21576351798.9145,2.5604,1722.547,5.6035,10.0574,2.807,4842105.0,12525842.0,68.204,67.0023,26.1811,40.8212,-4.8163,0.0903,4.5489,78.5
GTM,Guatemala,2004,23577298094.6571,3.1379,1840.9118,7.5786,7.3445,2.971,4644836.0,12807402.0,68.245,70.2149,27.4194,42.7955,-4.9386,1.3632,5.1,77.2
GTM,Guatemala,2005,26783389293.922,3.276,2046.4661,9.1086,6.9698,3.059,4752127.0,13087629.0,68.167,67.1037,25.4549,41.6488,-4.6335,2.0162,5.7,78.3
GTM,Guatemala,2006,29744246827.1839,5.3514,2225.1235,6.5609,7.412,2.96,4861633.0,13367459.0,68.79,67.9119,25.3398,42.5721,-5.1237,2.1359,6.5,83.7
GTM,Guatemala,2007,33567850824.1039,6.3377,2458.8157,6.8216,5.3413,2.847,4974966.0,13652040.0,69.299,69.0014,25.9805,43.0208,-5.3194,2.5596,7.3,80.7
GTM,Guatemala,2008,38503720224.3166,3.2935,2763.0599,11.3558,3.6416,2.898,5089817.0,13935174.0,69.493,65.1787,25.1243,40.0544,-4.0348,1.8995,8.3,81.9
GTM,Guatemala,2009,37126148264.6383,0.4769,2611.6463,1.8591,9.8928,3.22,5205207.0,14215611.0,69.676,58.0407,24.3678,33.6729,0.1946,1.3463,9.3,83.1
GTM,Guatemala,2010,40676578423.4871,2.8842,2805.2596,3.8595,7.8032,3.497,5323040.0,14500112.0,69.885,63.1252,26.2255,36.8997,-1.8855,2.7103,10.5,84.3
GTM,Guatemala,2011,46876006272.2387,4.1639,3168.9837,6.2141,6.1138,3.169,5569717.0,14792126.0,70.321,65.0471,27.0677,37.9793,-3.3702,1.8704,12.3,84.0
GTM,Guatemala,2012,49593929487.1263,2.9747,3286.6196,3.7818,9.7786,2.765,6083825.0,15089647.0,70.722,61.9594,25.2671,36.6923,-3.7248,2.8226,16.0,86.8
GTM,Guatemala,2013,52996420177.4409,3.6948,3444.158,4.3434,9.9064,3.017,5790992.0,15387337.0,70.878,56.6852,21.9982,34.6871,-4.2244,2.8722,19.7,88.1
GTM,Guatemala,2014,57852159007.6243,4.444,3689.1451,3.4184,10.6095,2.717,6005384.0,15681725.0,70.942,55.0833,21.7444,33.3389,-3.3003,2.433,23.4,85.5
GTM,Guatemala,2015,62186066547.6566,4.0922,3893.5053,2.3887,10.7559,2.506,6154180.0,15971743.0,70.915,49.8935,19.8299,30.0635,-1.2443,1.9351,28.8059,90.5
GTM,Guatemala,2016,66053408205.8838,2.6778,4060.1378,4.4484,10.1205,2.583,6330012.0,16268760.0,71.215,46.3727,18.7531,27.6196,0.9648,1.2805,34.5093,91.8
GTM,Guatemala,2017,71653780740.4226,3.0799,4324.9977,4.4245,11.112,2.462,6525645.0,16567357.0,71.583,46.0694,18.495,27.5744,1.1961,1.3933,37.9,93.3
GTM,Guatemala,2018,73328356007.6152,3.4069,4352.9459,3.7519,11.5055,2.283,6638657.0,16845685.0,71.496,47.0117,18.1693,28.8424,0.8858,1.2579,41.5,94.2
GTM,Guatemala,2019,77172331693.4093,4.0179,4511.9984,3.7,8.8591,2.193,6643821.0,17103803.0,71.639,45.5167,17.612,27.9048,2.3603,1.5171,44.401,95.4
GTM,Guatemala,2020,77719468248.3666,-1.7856,4477.6179,3.2144,9.384,2.965,6751370.0,17357325.0,69.971,41.1408,16.3436,24.7971,5.0413,1.2923,47.5123,96.6
GTM,Guatemala,2021,86455522272.7383,8.0417,4912.6224,4.2611,8.782,2.174,7391464.0,17598650.0,67.858,49.2611,17.6297,31.6315,2.1669,4.1945,50.8416,97.9
GTM,Guatemala,2022,95609727055.5754,4.1549,5356.9244,6.8851,5.2237,3.051,7234412.0,17847877.0,71.206,54.4491,18.9518,35.4973,1.1673,1.5167,54.4043,99.1
GTM,Guatemala,2023,104298081428.769,3.5243,5754.4283,6.2066,5.1162,2.344,7329032.0,18124838.0,72.602,48.3298,16.6175,31.7123,3.0797,1.5823,56.7267,100.0
GTM,Guatemala,2024,113215575150.885,3.7156,6150.8947,2.8699,8.4058,2.613,7519217.0,18406359.0,72.746,47.3053,15.8835,31.4218,2.8867,1.6323,60.2214,90.9
GTM,Guatemala,2025,123306008821.471,4.28,6598.1803,1.4884,9.1564,2.604,7684762.0,18687881.0,,46.5276,15.5592,30.9684,,,,
GUM,Guam,2000,,,,,,15.32,75675.0,160065.0,74.894,,,,,,16.1131,100.0
GUM,Guam,2001,,,,,,13.213,73861.0,161329.0,75.195,,,,,,25.3802,100.0
GUM,Guam,2002,3394000000.0,,20909.959,,,11.39,70802.0,162315.0,75.506,68.8863,21.2728,47.6134,,,31.1923,100.0
GUM,Guam,2003,3569000000.0,0.8793,21877.3178,,,9.693,70941.0,163137.0,75.885,64.0235,17.68,46.3435,,,33.7167,100.0
GUM,Guam,2004,3869000000.0,6.4938,23618.8267,,,7.7,71093.0,163810.0,76.114,68.0021,21.8661,46.136,,,36.1618,100.0
GUM,Guam,2005,4213000000.0,3.6423,25631.9776,,,7.0,70966.0,164365.0,76.427,66.4372,22.6917,43.7455,,,38.5599,100.0
GUM,Guam,2006,4238000000.0,-3.6525,25709.9351,,,7.4,73393.0,164839.0,76.477,72.7702,23.714,49.0562,,,43.8514,100.0
GUM,Guam,2007,4397000000.0,0.7172,26605.4324,,,8.3,68168.0,165267.0,76.397,79.4633,22.8565,56.6068,,,46.1505,100.0
GUM,Guam,2008,4658000000.0,2.0346,28112.2317,,,8.892,70982.0,165693.0,76.233,78.2739,20.8888,57.3851,,,48.4187,100.0
GUM,Guam,2009,4828000000.0,0.4387,29054.0581,,,9.3,73751.0,166173.0,76.141,72.0174,17.3571,54.6603,,,50.642,100.0
GUM,Guam,2010,4949000000.0,2.2633,29719.7968,,,8.2,73843.0,166522.0,76.095,72.0348,17.0944,54.9404,,,54.04,100.0
GUM,Guam,2011,4984000000.0,0.0777,29926.2052,,,13.3,75707.0,166543.0,76.153,77.7889,18.6196,59.1693,,,57.7,100.0
GUM,Guam,2012,5265000000.0,2.1339,31653.7507,,,12.2,75967.0,166331.0,76.237,76.7521,19.0693,57.6828,,,61.5342,100.0
GUM,Guam,2013,5399000000.0,1.6904,32530.7593,,,11.5,76126.0,165966.0,76.361,79.5332,19.5036,60.0296,,,65.4,100.0
GUM,Guam,2014,5610000000.0,1.7931,33900.1487,,,7.6,76161.0,165486.0,76.423,78.3601,18.8414,59.5187,,,69.27,100.0
GUM,Guam,2015,5799000000.0,0.8257,35165.7015,,,6.9,76100.0,164905.0,76.444,71.3399,18.0721,53.2678,,,73.14,100.0
GUM,Guam,2016,5901000000.0,0.182,35930.6595,,,5.4,75940.0,164233.0,76.449,70.4118,18.9629,51.4489,,,77.01,100.0
GUM,Guam,2017,6013000000.0,0.8901,36779.0079,,,5.418,75652.0,163490.0,76.463,69.2666,18.9756,50.291,,,80.5055,100.0
GUM,Guam,2018,6051000000.0,-0.8282,37195.9503,,,5.45,75326.0,162679.0,76.561,72.9631,19.253,53.7101,,,,100.0
GUM,Guam,2019,6355000000.0,2.5236,39274.9431,,,5.405,74816.0,161808.0,76.645,78.0645,22.2502,55.8143,,,,100.0
GUM,Guam,2020,5916000000.0,-10.5189,36482.9364,,,6.241,71182.0,162158.0,75.529,63.6748,6.4064,57.2684,,,,100.0
GUM,Guam,2021,6234000000.0,2.0582,38074.8794,,,6.0,72348.0,163730.0,75.434,61.8383,3.0959,58.7424,,,,100.0
GUM,Guam,2022,6910000000.0,5.0999,41833.1517,,,5.383,76032.0,165180.0,77.102,71.8669,7.8871,63.9797,,,,100.0
GUM,Guam,2023,,,,,,5.262,76663.0,166506.0,77.209,,,,,,,100.0
GUM,Guam,2024,,,,,,5.252,77324.0,167777.0,77.422,,,,,,,100.0
GUM,Guam,2025,,,,,,5.569,78007.0,168999.0,,,,,,,,
GUY,Guyana,2000,712667896.7275,-1.3638,931.7967,6.1485,10.0535,11.917,277438.0,764832.0,64.075,206.7674,96.08,110.6874,-11.5341,9.4153,0.6,74.6
GUY,Guyana,2001,712167450.1629,2.2795,931.5747,2.6274,16.632,11.796,275343.0,764477.0,64.38,199.577,92.8743,106.7027,-12.7639,7.8633,1.0,75.1
GUY,Guyana,2002,726131434.7153,1.1326,950.8669,5.341,13.3565,11.81,273295.0,763652.0,64.183,196.7251,92.3032,104.4219,-8.5797,6.0044,1.5,75.7
GUY,Guyana,2003,743063950.3177,-0.6322,973.7426,5.981,9.8104,11.529,274806.0,763101.0,64.117,189.1625,89.6767,99.4858,-6.0022,3.5125,2.4,76.2
GUY,Guyana,2004,787814379.1838,1.5634,1033.3103,4.6685,7.2736,11.281,276503.0,762418.0,64.214,200.7253,95.5627,105.1626,-2.528,3.808,3.7,76.8
GUY,Guyana,2005,824880550.344,-1.951,1084.0654,6.9255,6.4185,11.085,278198.0,760914.0,64.392,194.3508,84.6229,109.7279,-11.6705,9.3104,5.7,77.5
GUY,Guyana,2006,2379817990.6918,5.1296,3135.6055,6.6772,-58.3272,10.7,280011.0,758966.0,64.848,,,,-7.5905,4.3029,8.9,73.4
GUY,Guyana,2007,2730971595.3957,7.1912,3608.2869,12.2002,5.9142,10.84,281862.0,756861.0,65.462,,,,-6.0666,5.5804,13.8,78.5
GUY,Guyana,2008,3025187433.3364,1.7552,4008.9629,8.102,4.5893,11.018,283580.0,754606.0,65.721,,,,-10.6229,5.8839,18.2,79.1
GUY,Guyana,2009,3165663152.7335,3.6115,4209.1323,2.9523,13.2357,11.307,285151.0,752094.0,66.03,,,,-7.2841,5.1806,23.9,77.6
GUY,Guyana,2010,3432912516.9243,4.1384,4581.7618,4.3006,10.1656,11.632,286522.0,749256.0,66.204,,,,-7.1762,5.7677,29.9,83.3
GUY,Guyana,2011,3691384317.5218,5.1963,4947.2217,4.4073,11.7588,11.811,287608.0,746153.0,66.469,,,,-10.0853,6.6858,30.0,84.2
GUY,Guyana,2012,4063088535.7633,5.2763,5444.3975,2.3906,8.7212,12.029,289063.0,746288.0,66.443,,,,-9.0244,6.8399,30.5,85.1
GUY,Guyana,2013,4167800928.8355,3.6534,5556.9123,1.9111,14.1124,12.296,291068.0,750021.0,66.71,,,,-10.9417,4.8121,31.0,86.0
GUY,Guyana,2014,4127660151.8087,1.6865,5472.6882,0.6837,15.26,12.637,293074.0,754229.0,67.334,,,,-9.3317,5.7599,32.0,86.9
GUY,Guyana,2015,4279840193.7046,0.6874,5640.4156,-0.8654,9.5423,13.009,295063.0,758781.0,67.719,,,,-0.9071,3.2174,34.0,88.0
GUY,Guyana,2016,4482697336.5617,3.8075,5870.8782,0.8262,11.9941,13.263,297021.0,763548.0,68.069,,,,3.3723,1.2939,35.66,89.0
GUY,Guyana,2017,4748174334.1404,3.7345,6178.665,1.9457,10.666,13.466,298912.0,768479.0,68.543,,,,-2.5604,4.47,42.6753,90.0
GUY,Guyana,2018,4787636997.8534,4.4409,6048.387,1.2513,16.3599,13.627,311302.0,791556.0,68.829,,,,-26.6773,25.7279,48.5989,90.9
GUY,Guyana,2019,5173760191.8465,5.3528,6405.8244,2.1124,7.3018,13.172,297505.0,807665.0,69.067,,,,-57.107,51.9995,55.3127,91.6
GUY,Guyana,2020,5471256594.7242,43.4797,6775.7094,0.7224,48.5203,15.308,288992.0,807481.0,67.751,,,,-11.6096,23.451,62.954,92.3
GUY,Guyana,2021,8041362110.3118,20.06,9860.8701,4.5062,-11.0627,14.576,294524.0,815482.0,64.323,,,,-16.9076,27.8125,71.6509,92.9
GUY,Guyana,2022,14718388489.2086,63.3346,17913.4928,6.9335,-3.2516,11.907,313338.0,821637.0,69.888,,,,28.8208,-20.362,76.5624,93.0
GUY,Guyana,2023,16918503597.1223,33.795,20473.7002,2.8216,26.1442,11.917,319469.0,826353.0,70.18,,,,13.9022,-6.7088,79.3553,98.9
GUY,Guyana,2024,24662714628.2974,43.8193,29675.2502,2.9038,6.922,11.874,324618.0,831087.0,70.319,,,,,34.9901,83.0008,93.0
GUY,Guyana,2025,27097477218.2254,19.336,32413.7931,3.3298,17.5552,11.962,326682.0,835986.0,,,,,,,,
HKG,"Hong Kong SAR, China",2000,171668891194.349,7.6634,25756.7729,-3.6855,13.11,4.92,3358981.0,6665000.0,80.8732,247.654,126.0315,121.6226,4.395,41.0649,27.8278,100.0
HKG,"Hong Kong SAR, China",2001,169404327616.605,0.5609,25230.3781,-1.6582,8.7734,5.09,3416906.0,6714300.0,81.4193,240.849,122.7697,118.0793,6.1342,18.4716,38.6714,100.0
HKG,"Hong Kong SAR, China",2002,166348866131.028,1.6567,24665.8362,-2.9831,8.8056,7.28,3464010.0,6744100.0,81.4522,255.9965,132.0768,123.9197,7.8924,4.0564,43.0824,100.0
HKG,"Hong Kong SAR, China",2003,161385558801.811,3.0564,23977.1734,-2.6738,11.7114,7.86,3447305.0,6730800.0,81.3434,292.4547,150.776,141.6787,10.7871,11.505,52.2,100.0
HKG,"Hong Kong SAR, China",2004,169099768875.193,8.7001,24928.1004,-0.2747,8.9324,6.74,3493354.0,6783500.0,81.7993,326.8411,167.7759,159.0652,9.9481,13.1249,56.3999,100.0
HKG,"Hong Kong SAR, China",2005,181569311742.213,7.3882,26649.6377,0.8264,6.3679,5.58,3528607.0,6813200.0,81.609,342.6892,177.4529,165.2363,11.8823,22.5606,56.9,100.0
HKG,"Hong Kong SAR, China",2006,193535442896.365,7.0326,28224.0952,2.0003,8.497,4.77,3575148.0,6857100.0,82.3849,359.2087,185.1852,174.0235,12.6877,23.2008,60.8,100.0
HKG,"Hong Kong SAR, China",2007,211596944503.8,6.4648,30593.9512,2.035,4.2905,4.01,3626034.0,6916300.0,82.3668,362.1495,186.4124,175.7371,13.0222,29.3582,64.8,100.0
HKG,"Hong Kong SAR, China",2008,219278749139.734,2.1279,31515.5292,4.3032,3.98,3.56,3633423.0,6957800.0,82.3405,376.6568,193.4152,183.2416,14.991,30.5708,66.7,100.0
HKG,"Hong Kong SAR, China",2009,214047795659.045,-2.4591,30697.5384,0.5794,5.3957,5.26,3651728.0,6972800.0,82.7751,348.3976,178.1351,170.2625,9.8836,25.3568,69.4,100.0
HKG,"Hong Kong SAR, China",2010,228638668727.291,6.7677,32550.1365,2.2929,4.7166,4.329,3626540.0,7024200.0,82.9576,404.7706,205.3226,199.448,7.0033,36.1746,72.0,100.0
HKG,"Hong Kong SAR, China",2011,248513617677.287,4.8147,35142.4879,5.3052,1.0607,3.422,3698563.0,7071600.0,83.412,421.8547,212.8524,209.0023,5.5564,38.684,72.2,100.0
HKG,"Hong Kong SAR, China",2012,262628865879.697,1.7003,36730.7962,4.0539,1.4054,3.285,3773047.0,7150100.0,83.4502,430.5685,215.8496,214.719,1.5792,28.5144,72.9,100.0
HKG,"Hong Kong SAR, China",2013,275696879834.966,3.1016,38403.7777,4.338,3.1308,3.4,3837047.0,7178900.0,83.8312,442.62,221.6101,221.01,1.52,27.8775,74.2,100.0
HKG,"Hong Kong SAR, China",2014,291459995978.893,2.7624,40315.374,4.4236,2.0902,3.296,3854786.0,7229500.0,83.9356,425.9759,213.0904,212.8855,1.392,44.5507,79.8663,100.0
HKG,"Hong Kong SAR, China",2015,309385622601.348,2.3878,42432.162,2.9908,1.3088,3.314,3899877.0,7291300.0,84.2527,389.4059,195.8976,193.5083,3.3176,58.5184,84.9484,100.0
HKG,"Hong Kong SAR, China",2016,320860317562.562,2.1754,43734.1981,2.4093,3.3076,3.392,3921737.0,7336600.0,84.2115,371.7272,187.0051,184.7221,3.9544,41.5318,87.4794,100.0
HKG,"Hong Kong SAR, China",2017,341273289534.466,3.7961,46160.4298,1.4939,2.0601,3.124,3953897.0,7393200.0,84.6956,376.7957,188.9024,187.8933,4.5773,36.8376,89.4159,100.0
HKG,"Hong Kong SAR, China",2018,361731070995.726,2.8469,48537.5669,2.4061,1.3333,2.805,3996403.0,7452600.0,84.8698,376.8928,188.3395,188.5533,3.736,26.8255,90.5074,100.0
HKG,"Hong Kong SAR, China",2019,363074545072.389,-1.6724,48359.0012,2.8832,2.9979,2.917,3987130.0,7507900.0,85.1559,353.7435,177.6513,176.0922,5.8537,16.0571,91.7434,100.0
HKG,"Hong Kong SAR, China",2020,344943149590.058,-6.5448,46109.23,0.251,4.334,5.808,3914381.0,7481000.0,85.4963,350.6797,176.3045,174.3752,6.9941,34.0498,92.4131,100.0
HKG,"Hong Kong SAR, China",2021,368954169748.818,6.4544,49770.5642,1.5688,4.2871,5.174,3872131.0,7413100.0,85.5327,402.4597,204.0143,198.4454,11.8331,37.1838,93.0872,100.0
HKG,"Hong Kong SAR, China",2022,358673532516.529,-3.6853,48825.0272,1.8814,3.3589,4.318,3786090.0,7346100.0,83.661,384.8859,194.4881,190.3978,10.1834,34.1279,95.6136,100.0
HKG,"Hong Kong SAR, China",2023,380762296025.216,3.1503,50525.1119,2.0966,2.7978,2.949,3850529.0,7536100.0,85.2473,353.1946,176.8542,176.3404,8.493,32.0372,95.9778,100.0
HKG,"Hong Kong SAR, China",2024,408368682415.423,2.6294,54274.7548,1.7297,1.5176,2.988,3827176.0,7524100.0,85.3927,359.3907,181.6249,177.7657,13.3384,30.8106,95.7554,100.0
HKG,"Hong Kong SAR, China",2025,427310315921.993,3.4876,56983.0663,1.4363,4.1105,2.799,3790314.0,7498900.0,,396.6454,199.7577,196.8877,,,,
HND,Honduras,2000,7186638029.0588,9.6122,1092.564,11.048,19.5952,3.883,2409908.0,6577773.0,68.302,120.3922,53.9722,66.42,-7.0723,4.8698,1.2039,67.4
HND,Honduras,2001,7651162302.3456,2.7232,1132.1649,9.6742,14.507,4.0,2470594.0,6757993.0,68.491,115.9431,51.3817,64.5614,-6.2561,4.0494,1.4153,64.2
HND,Honduras,2002,7858255412.8604,3.7543,1132.4997,7.6905,16.7023,4.02,2532641.0,6938859.0,68.714,117.9975,52.7306,65.2669,-3.5831,3.6562,2.5974,63.1
HND,Honduras,2003,8230391346.6723,4.547,1156.0816,7.6742,14.2251,5.3,2595544.0,7119213.0,68.874,122.2483,54.094,68.1542,-6.7168,4.7406,4.8,65.1
HND,Honduras,2004,8869299234.3377,6.2323,1215.14,8.1138,12.6108,5.99,2658765.0,7298994.0,69.05,135.4618,58.423,77.0388,-7.7051,6.6761,5.6,67.1
HND,Honduras,2005,9757012696.5621,6.0506,1304.7004,8.8091,10.7681,4.909,2722594.0,7478355.0,69.198,136.4898,59.0058,77.4839,-3.1191,6.1603,6.5,68.9
HND,Honduras,2006,10917477066.1429,6.5672,1425.8478,5.5778,11.4743,3.574,2729848.0,7656832.0,69.364,133.1318,56.0546,77.0772,-3.505,6.5729,7.8,71.3
HND,Honduras,2007,12361257680.5627,6.1883,1577.7379,6.9362,9.3594,3.211,2777245.0,7834798.0,69.539,135.0706,53.509,81.5616,-9.0295,7.8222,9.4,73.5
HND,Honduras,2008,13881731875.7466,4.2316,1732.4906,11.4034,9.4128,3.156,2897946.0,8012587.0,69.657,135.749,51.3253,84.4237,-15.3429,8.6502,9.6,76.4
HND,Honduras,2009,14587496229.1811,-2.4316,1781.157,5.4963,10.953,3.292,3053320.0,8189899.0,69.823,96.905,39.5303,57.3748,-3.816,3.3899,9.8,78.3
HND,Honduras,2010,15839344591.9842,3.7311,1893.3272,4.6989,13.5548,4.119,3207856.0,8365878.0,69.77,109.4418,45.7589,63.6829,-5.0764,3.8346,11.09,81.0
HND,Honduras,2011,17710275685.4074,3.8357,2073.6612,6.7623,9.9718,4.474,3191213.0,8540583.0,70.116,122.2169,51.2577,70.9592,-7.9539,5.8868,15.9,82.2
HND,Honduras,2012,18528554397.5695,4.1287,2126.0347,5.1962,14.357,3.755,3216011.0,8715076.0,70.46,121.1882,50.9028,70.2854,-8.5314,5.8361,18.12,83.6
HND,Honduras,2013,18499729214.904,2.7916,2081.1284,5.1619,18.4533,5.646,3554537.0,8889278.0,70.765,116.306,47.9415,68.3646,-9.5273,5.7786,17.8,87.2
HND,Honduras,2014,19756533971.8698,3.0581,2179.8817,6.1292,12.8806,7.078,3747097.0,9063122.0,71.032,112.9751,47.5627,65.4124,-6.9452,8.629,23.0,88.7
HND,Honduras,2015,20979791685.416,3.8401,2271.2027,3.1578,12.835,6.147,3853452.0,9237305.0,71.323,107.2644,45.1668,62.0976,-4.6709,6.2759,27.1395,90.0
HND,Honduras,2016,21717604952.1835,3.893,2307.3447,2.7246,15.0985,6.727,3916766.0,9412380.0,71.615,99.8157,42.7141,57.1016,-3.1434,5.2816,29.5282,91.6
HND,Honduras,2017,23136247990.5977,4.8429,2413.0077,3.9344,14.1091,5.528,4091954.0,9588137.0,71.805,101.8131,43.0939,58.7193,-1.2459,4.1059,31.7358,86.5
HND,Honduras,2018,24067750760.499,3.845,2464.6424,4.3473,15.5541,5.648,4341185.0,9765210.0,72.001,103.5512,41.4548,62.0963,-6.5723,5.9939,36.0401,91.6
HND,Honduras,2019,24882225741.8119,2.5596,2502.3274,4.3659,13.5261,5.698,4231661.0,9943633.0,72.124,99.4595,40.2185,59.241,-2.656,3.8385,39.3884,91.1
HND,Honduras,2020,23352232483.755,-8.9651,2307.6149,3.4684,13.1595,10.982,4083200.0,10119640.0,70.864,88.0009,35.8751,52.1257,2.8514,1.0107,45.2483,93.1
HND,Honduras,2021,28144331506.6149,12.5653,2735.1475,4.4809,10.8599,8.506,4260442.0,10289877.0,69.492,103.3726,39.3654,64.0072,-5.4643,2.8436,51.9516,94.1
HND,Honduras,2022,31426041806.7985,4.1436,3003.29,9.0896,4.8436,8.774,4209927.0,10463872.0,72.715,112.6985,42.4392,70.2593,-6.8623,2.4129,56.8807,94.4
HND,Honduras,2023,34355805527.9795,3.5758,3227.4576,6.6633,7.8749,6.07,4149025.0,10644851.0,72.884,98.792,37.3687,61.4233,-4.2184,1.6838,58.0686,95.6
HND,Honduras,2024,36980171442.0603,3.6324,3415.9603,4.6062,10.7915,4.91,4250629.0,10825703.0,73.044,91.6694,33.9216,57.7478,-4.3688,1.2916,58.6227,95.5
HND,Honduras,2025,39601409103.3005,3.7514,3598.2145,4.5966,9.7826,4.92,4340779.0,11005850.0,,91.5073,34.9917,56.5156,2.3628,3.5254,,
HRV,Croatia,2000,22134069750.2586,2.9477,4953.5752,4.6113,7.4042,16.064,1953924.0,4468302.0,72.8078,74.6005,35.0887,39.5118,-1.5273,4.586,6.6449,100.0
HRV,Croatia,2001,23067071477.8294,3.1109,5364.8819,3.7767,5.1024,15.822,1869944.0,4299642.0,74.5129,79.4378,37.1331,42.3047,-2.2383,4.4945,11.5586,100.0
HRV,Croatia,2002,26757633353.1909,5.8014,6219.5609,1.6718,8.6657,15.053,1859183.0,4302174.0,74.7173,81.1605,35.8907,45.2698,-6.2103,3.6654,17.76,100.0
HRV,Croatia,2003,35244797328.5582,5.5684,8189.9906,1.7673,6.9774,13.924,1865695.0,4303399.0,74.6139,81.4424,35.5458,45.8966,-9.1068,5.2389,22.75,100.0
HRV,Croatia,2004,41836096243.0481,4.1705,9718.9277,2.0554,7.836,13.664,1912837.0,4304600.0,75.5202,81.646,36.5623,45.0837,-6.1498,3.1413,30.91,99.9
HRV,Croatia,2005,45012776905.5255,4.3282,10443.4484,3.3172,7.8343,12.598,1910033.0,4310145.0,75.2446,81.493,36.4031,45.09,-7.5359,4.0316,33.14,99.9
HRV,Croatia,2006,49583643047.994,5.0699,11501.2327,3.1898,5.8281,11.13,1894312.0,4311159.0,75.8368,83.5173,37.5462,45.9711,-7.8844,6.7494,37.98,99.8
HRV,Croatia,2007,59290547254.1358,5.0488,13755.8149,2.8993,4.837,9.909,1924883.0,4310217.0,75.7056,83.2601,37.4647,45.7954,-8.0158,7.8357,41.44,99.8
HRV,Croatia,2008,68473103476.6775,1.9718,15888.1184,6.077,4.3004,8.53,1934423.0,4309705.0,75.9122,82.0793,35.9747,46.1046,-10.9284,7.6667,44.24,100.0
HRV,Croatia,2009,62315450610.8524,-6.8117,14474.5251,2.3785,8.3252,9.202,1932994.0,4305181.0,76.1683,69.7025,32.1015,37.601,-6.5572,4.9259,50.58,100.0
HRV,Croatia,2010,58975127200.9948,-1.3362,13729.7473,1.0306,9.3694,11.62,1911488.0,4295427.0,76.4756,72.6476,35.5033,37.1443,-2.5184,2.6198,56.55,100.0
HRV,Croatia,2011,62889150894.151,-0.1115,14691.5918,2.2727,7.8813,13.678,1880089.0,4280622.0,76.7756,77.7839,38.0509,39.7331,-1.6626,1.986,57.79,100.0
HRV,Croatia,2012,57547495859.7306,-2.237,13507.635,3.4121,7.9589,16.046,1859596.0,4260368.0,77.1683,79.0092,38.7042,40.305,-0.3614,2.5459,61.94,100.0
HRV,Croatia,2013,59846869998.8711,-0.1326,14135.0903,2.2166,8.4457,17.231,1830788.0,4233922.0,77.5707,80.9196,39.4701,41.4496,-0.859,1.5939,66.7476,100.0
HRV,Croatia,2014,59607109597.2123,-0.5595,14186.7712,-0.2152,8.4393,17.209,1870242.0,4201598.0,77.7244,85.2166,42.4178,42.7989,0.3936,5.3479,68.5679,100.0
HRV,Croatia,2015,50999271058.5849,2.3206,12283.875,-0.4645,,16.15,1864017.0,4151725.0,77.2756,90.6518,45.4314,45.2204,2.816,0.9582,69.845,100.0
HRV,Croatia,2016,52650804052.1394,3.4661,12820.1873,-1.125,,13.015,1794702.0,4106867.0,77.922,92.1393,46.6194,45.5199,2.4628,2.9904,72.6973,100.0
HRV,Croatia,2017,56182225079.1072,3.2841,13901.6499,1.1294,,11.078,1774192.0,4041407.0,77.7268,97.2452,48.9162,48.329,4.0506,3.2402,67.0962,100.0
HRV,Croatia,2018,61668280700.0968,2.9111,15460.4561,1.5001,,8.322,1735734.0,3988775.0,77.9195,99.0846,49.1104,49.9741,1.2188,2.6691,75.2946,100.0
HRV,Croatia,2019,61467261345.012,3.1025,15563.7355,0.7718,,6.551,1716971.0,3949390.0,78.2244,101.3951,50.4917,50.9034,2.6394,6.4728,79.0798,100.0
HRV,Croatia,2020,57959824238.1808,-8.3105,14807.5559,0.1548,,7.389,1706748.0,3914206.0,77.5244,89.5475,41.2798,48.2678,-0.7948,2.5393,78.3209,100.0
HRV,Croatia,2021,69002262504.9821,12.6313,17788.7601,2.5545,,7.483,1728310.0,3878981.0,76.4244,102.3276,49.7866,52.541,0.8079,7.4276,81.254,100.0
HRV,Croatia,2022,71196460236.6301,7.2948,18465.5315,10.7806,,6.811,1734995.0,3855641.0,77.5756,125.4108,59.5122,65.8986,-3.6809,5.5163,82.0716,100.0
HRV,Croatia,2023,85621337533.3348,3.762,22183.4982,7.9413,,6.121,1731788.0,3859686.0,78.4732,107.2778,52.5674,54.7104,0.7428,3.9031,83.2412,100.0
HRV,Croatia,2024,92981894167.9687,3.8258,24049.9442,2.972,,5.0,1742356.0,3866200.0,78.9293,104.9124,50.1414,54.771,-2.0764,4.8779,83.6324,100.0
HRV,Croatia,2025,105060182186.274,3.4031,27103.9116,3.6915,,5.002,1744218.0,3876200.0,,100.9863,47.972,53.0143,,,,
HTI,Haiti,2000,6813566098.8675,0.8701,820.6,9.3332,-39.1298,8.443,3103912.0,8303151.0,58.175,27.1535,7.358,19.7955,-1.6762,0.1945,0.2313,33.7
HTI,Haiti,2001,6331970324.3102,-0.3427,748.8212,13.3167,4.0633,9.728,3189161.0,8455918.0,58.591,27.5699,7.0258,20.5442,-2.0831,0.0695,0.3408,31.5
HTI,Haiti,2002,6205847213.6351,1.0518,720.9696,7.0329,7.001,11.008,3277860.0,8607641.0,59.041,24.9397,6.2844,18.6552,-1.4333,0.0918,0.8934,33.1
HTI,Haiti,2003,5071947798.2726,3.4808,578.9953,28.6996,4.4275,12.151,3370045.0,8759912.0,59.44,37.1973,9.2724,27.9249,-0.8829,0.2721,1.6474,31.6
HTI,Haiti,2004,6087360684.2969,-1.3179,683.1853,21.0318,4.9429,13.415,3464730.0,8910263.0,58.517,33.781,8.375,25.406,-1.0247,0.0969,5.4013,34.1
HTI,Haiti,2005,7030149730.3369,3.0722,775.8457,13.973,11.9266,14.559,3562527.0,9061273.0,60.318,34.9651,8.6073,26.3578,0.1003,0.3698,6.3762,34.5
HTI,Haiti,2006,7638739122.6724,1.7688,828.8057,11.3452,11.3183,15.866,3671852.0,9216562.0,60.74,37.0571,9.0212,28.0359,-1.1131,2.1024,6.796,33.9
HTI,Haiti,2007,9228637767.6901,4.7065,984.567,6.5572,18.2218,16.8,3782583.0,9373296.0,61.09,34.2825,8.4437,25.8389,-0.9294,0.8073,7.2,35.5
HTI,Haiti,2008,10432962634.8748,2.658,1094.6606,15.2818,4.5582,16.204,3894117.0,9530774.0,61.28,36.145,8.7914,27.3536,-1.9631,0.2856,7.6,36.1
HTI,Haiti,2009,11597002834.7786,5.8904,1196.8529,0.3939,5.1323,15.398,4006423.0,9689581.0,61.694,33.0965,8.9161,24.1804,-1.0536,0.4783,8.1,36.6
HTI,Haiti,2010,11859312725.1448,-5.6515,1209.7273,4.8273,9.3933,15.244,4101260.0,9803294.0,45.577,44.7215,8.5703,36.1512,-0.8586,1.5009,8.37,37.2
HTI,Haiti,2011,13008746038.8867,5.0982,1312.0395,6.3328,6.9874,14.506,4182422.0,9914904.0,61.581,44.1636,10.0831,34.0805,-2.4877,0.9148,9.0,37.8
HTI,Haiti,2012,13708925477.1304,0.5024,1361.394,5.018,0.6713,14.1,4270619.0,10069771.0,62.273,40.2582,9.6551,30.6031,-3.145,1.1379,9.8,37.9
HTI,Haiti,2013,14902488604.2421,4.3248,1457.8322,4.765,0.5971,13.704,4367938.0,10222362.0,62.624,40.3325,10.5163,29.8162,-3.7634,1.0865,10.6,38.9
HTI,Haiti,2014,15146883497.6331,2.8888,1460.189,3.4382,8.3686,13.808,4462053.0,10373235.0,62.969,42.3515,10.9748,31.3767,-4.9558,0.6536,11.4,39.6
HTI,Haiti,2015,14849629308.6025,1.4,1411.1268,6.7318,7.3355,13.785,4553008.0,10523242.0,63.224,41.9457,11.7677,30.178,-1.8235,0.7117,14.2,40.8
HTI,Haiti,2016,14069277526.2278,1.8125,1318.4027,11.5029,-2.1354,13.902,4644004.0,10671457.0,63.325,41.4109,11.602,29.8089,-1.6908,0.7456,22.8,40.4
HTI,Haiti,2017,15093357161.1498,2.5103,1395.2395,10.6801,-0.9059,13.932,4734976.0,10817754.0,63.832,42.0745,11.0035,31.0711,-2.1525,2.4836,27.2,43.3
HTI,Haiti,2018,16403864617.8458,1.6678,1496.3805,12.4814,6.1639,13.934,4823338.0,10962362.0,64.077,45.1386,10.7808,34.3578,-2.8902,0.6401,32.4736,44.4
HTI,Haiti,2019,15016090929.5125,-1.7231,1352.172,18.7038,-4.7402,14.095,4902625.0,11105163.0,64.328,44.5687,10.5577,34.011,-1.1227,0.4995,35.7641,45.4
HTI,Haiti,2020,14508222518.3018,-3.3055,1290.3254,22.7963,-3.4132,15.573,4940938.0,11243848.0,63.773,37.4139,7.651,29.7629,0.3553,0.1723,39.3881,46.3
HTI,Haiti,2021,20754978152.2134,-1.7982,1824.6799,16.8415,-4.1561,15.296,5061618.0,11374586.0,62.613,33.412,4.3521,29.0599,0.4223,0.2472,43.3792,47.2
HTI,Haiti,2022,20113007125.93,-1.682,1748.4089,33.9839,-13.0251,14.54,5073825.0,11503606.0,63.948,29.7746,3.9143,25.8603,-2.4459,0.196,47.7747,49.3
HTI,Haiti,2023,19572288894.1581,-1.8639,1681.8441,36.8135,-12.5294,14.459,5135239.0,11637398.0,64.936,25.2479,3.1996,22.0483,-3.4872,0.1208,47.9927,51.3
HTI,Haiti,2024,24255657481.2502,-4.185,2060.3559,26.9491,-6.5199,14.609,5181956.0,11772557.0,65.119,18.6548,2.1904,16.4643,-0.5984,0.0825,47.8614,53.9
HTI,Haiti,2025,32077278409.2339,-2.7129,2694.1897,28.6428,-15.9129,14.944,5268189.0,11906095.0,,15.8855,1.56,14.3255,,,,
HUN,Hungary,2000,47275954428.9586,4.4094,4629.9176,9.8036,2.7405,6.563,4344023.0,10210971.0,71.2463,137.2623,66.7818,70.4805,-8.8281,5.8121,6.9997,100.0
HUN,Hungary,2001,53800068065.7969,4.062,5280.9489,9.1168,0.9809,5.671,4378291.0,10187576.0,72.2488,130.9037,64.7947,66.109,-6.1145,7.5443,14.5286,100.0
HUN,Hungary,2002,67636468625.0428,4.7301,6658.0449,5.2654,1.9643,5.608,4404391.0,10158608.0,72.3488,118.2693,58.0673,60.202,-6.4484,5.3868,16.67,100.0
HUN,Hungary,2003,85190469121.074,3.9388,8410.0925,4.661,3.9774,5.79,4420410.0,10129552.0,72.3,116.7871,56.3437,60.4434,-8.2637,4.8803,21.63,100.0
HUN,Hungary,2004,104015363080.271,4.9631,10291.2695,6.7443,7.306,5.832,4441310.0,10107146.0,72.6488,123.6157,59.5641,64.0516,-9.0812,4.3629,27.74,100.0
HUN,Hungary,2005,113098237570.929,4.3003,11212.2047,3.5615,5.767,7.189,4456354.0,10087065.0,72.6488,128.0048,62.5215,65.4833,-9.8868,24.306,38.97,99.9
HUN,Hungary,2006,115604111412.139,3.9339,11478.4892,3.9303,4.251,7.494,4468587.0,10071370.0,73.0976,149.2315,73.8065,75.425,-7.2854,16.1575,47.06,99.9
HUN,Hungary,2007,140123326896.329,0.3324,13934.6055,7.9587,3.458,7.406,4463496.0,10055780.0,73.1512,155.6014,77.8222,77.7793,-7.2864,50.4065,53.3,100.0
HUN,Hungary,2008,158228265915.534,0.9934,15762.6323,6.0425,5.1352,7.817,4452834.0,10038188.0,73.7024,158.4532,79.2039,79.2493,-7.2683,47.2364,61.0,100.0
HUN,Hungary,2009,130807441076.16,-6.7402,13051.1832,4.2117,6.5473,10.03,4400693.0,10022650.0,73.9049,145.3059,74.3529,70.9529,-1.2197,-2.2828,62.0,100.0
HUN,Hungary,2010,131898737241.166,1.068,13189.8434,4.8556,4.9309,11.172,4434705.0,10000023.0,74.2073,157.839,81.2535,76.5855,-0.1882,-15.8854,65.0,100.0
HUN,Hungary,2011,141712804953.868,1.9167,14211.4606,3.9299,6.272,11.029,4449987.0,9971727.0,74.8585,166.7543,86.1932,80.5612,0.4288,7.4544,68.02,100.0
HUN,Hungary,2012,128470269689.958,-1.3395,12950.1594,5.6521,5.9531,11.003,4485535.0,9920362.0,75.0634,166.1757,86.0876,80.0881,1.079,8.3055,70.58,100.0
HUN,Hungary,2013,135646053778.582,2.0322,13739.462,1.7332,3.3735,10.177,4520977.0,9872734.0,75.5659,164.476,85.3938,79.0822,2.9911,-2.7499,72.6439,100.0
HUN,Hungary,2014,141128696412.321,4.3344,14352.5019,-0.2276,0.7305,7.725,4626892.0,9833038.0,75.7634,168.3584,87.0272,81.3312,0.7475,9.1265,75.6532,100.0
HUN,Hungary,2015,125244126623.289,3.6598,12782.9413,-0.0616,0.0888,6.813,4709412.0,9797755.0,75.5683,167.2907,87.4349,79.8559,2.1186,-4.3673,72.8347,100.0
HUN,Hungary,2016,128983560865.293,2.4386,13215.8605,0.3948,0.7565,5.115,4780556.0,9759755.0,76.0634,163.9719,86.1115,77.8605,4.4023,53.8468,79.2594,100.0
HUN,Hungary,2017,143335098991.862,4.1242,14736.1668,2.3482,-2.457,4.156,4807691.0,9726756.0,75.8171,165.0329,85.7462,79.2867,1.7195,-8.6314,76.7505,100.0
HUN,Hungary,2018,161184691013.835,5.6061,16605.0571,2.8502,-3.2185,3.667,4835700.0,9706964.0,76.0659,162.7009,83.3968,79.3041,0.3409,-40.1082,76.0744,100.0
HUN,Hungary,2019,164936682033.992,5.0772,17012.8599,3.3386,-2.8262,3.411,4843975.0,9694824.0,76.3195,159.9256,81.0657,78.8599,-0.6067,59.5775,80.3717,100.0
HUN,Hungary,2020,158468487754.196,-4.3387,16386.9309,3.3267,-4.1991,4.248,4829178.0,9670419.0,75.4195,154.527,78.0879,76.4391,-1.0343,105.6358,84.7712,100.0
HUN,Hungary,2021,183282685440.486,7.2229,19030.6281,5.111,-3.0164,4.021,4864077.0,9630932.0,74.0659,159.1875,79.4114,79.7761,-4.2851,18.2639,88.6408,100.0
HUN,Hungary,2022,177002580544.155,4.1524,18428.0288,14.6081,-2.9065,3.583,4912669.0,9605074.0,75.8683,184.97,89.8101,95.1598,-8.7839,-1.0525,89.1428,100.0
HUN,Hungary,2023,213029511028.874,-0.8171,22208.651,17.125,0.2694,4.096,4971665.0,9592186.0,76.5707,158.6188,81.3875,77.2313,-0.008,-33.2799,91.4501,100.0
HUN,Hungary,2024,222848211034.367,0.7091,23305.4483,3.7037,1.4377,4.5,4965018.0,9562065.0,76.7244,147.9267,76.1979,71.7288,1.8421,-27.5091,93.779,100.0
HUN,Hungary,2025,246490213513.054,0.5095,25907.4743,4.412,1.6375,4.521,4936333.0,9514251.0,,140.7793,72.6304,68.1489,1.6548,-28.3736,,
IDN,Indonesia,2000,165021012077.81,4.9201,763.7111,3.6886,-1.6542,6.077,101308307.0,216077790.0,66.292,71.4369,40.9773,30.4596,4.8431,-2.7574,0.9256,86.3
IDN,Indonesia,2001,160446947784.909,3.6435,732.3071,11.5001,3.72,6.082,102354432.0,219097902.0,66.583,69.7932,39.0321,30.7611,4.301,-1.8557,2.0186,86.3
IDN,Indonesia,2002,195660611165.183,4.4995,881.0029,11.9001,12.3224,6.604,102498864.0,222088495.0,66.954,59.0795,32.6876,26.3918,3.9985,0.0742,2.1341,87.6
IDN,Indonesia,2003,234772463823.808,4.7804,1043.2106,6.7573,10.8521,6.657,103909546.0,225048008.0,67.134,53.6165,30.4777,23.1388,3.453,-0.2543,2.387,87.9
IDN,Indonesia,2004,256836875295.452,5.0309,1126.84,6.0641,5.1344,7.303,105759801.0,227926649.0,65.521,59.7613,32.2167,27.5446,0.6086,0.7382,2.6003,89.0
IDN,Indonesia,2005,285868619196.085,5.6926,1238.2145,10.4532,-0.2457,7.945,105482562.0,230871650.0,67.531,63.9879,34.0673,29.9207,0.0971,2.9161,3.602,84.8
IDN,Indonesia,2006,364570515618.357,5.501,1558.3156,13.1087,1.6582,7.551,106957017.0,233951652.0,67.664,56.6571,31.0347,25.6224,2.9787,1.3479,4.7648,90.6
IDN,Indonesia,2007,432216737774.861,6.345,1823.2198,6.4066,2.3397,8.06,112145843.0,237062337.0,67.914,54.8292,29.4357,25.3935,2.4273,1.603,5.7863,91.1
IDN,Indonesia,2008,510228634992.258,6.0137,2124.5548,10.2267,-3.8522,7.208,114200383.0,240157903.0,68.085,58.5614,29.8083,28.7531,0.0247,1.8263,7.9175,92.7
IDN,Indonesia,2009,539580085612.401,4.6289,2218.4854,4.3864,5.748,6.106,115441860.0,243220028.0,68.267,45.5121,24.1591,21.353,1.9698,0.9039,6.92,93.6
IDN,Indonesia,2010,755094157621.936,6.2239,3065.6835,5.1342,-1.7461,5.614,118205102.0,246305322.0,68.364,46.7013,24.299,22.4022,0.6813,2.0252,10.92,94.2
IDN,Indonesia,2011,892969104563.171,6.1698,3579.4644,5.356,4.5944,5.153,120648289.0,249470032.0,68.629,50.18,26.3274,23.8527,0.1887,2.303,12.28,94.8
IDN,Indonesia,2012,917869913332.649,6.0301,3632.2725,4.2795,7.7502,4.468,123448397.0,252698525.0,68.862,49.5829,24.5944,24.9885,-2.6603,2.3098,14.52,96.0
IDN,Indonesia,2013,912524136718.018,5.5573,3566.6028,6.4125,6.3749,4.336,124097473.0,255852467.0,69.064,48.6374,23.9236,24.7138,-3.19,2.5514,14.94,96.5
IDN,Indonesia,2014,890814755533.537,5.0067,3441.0681,6.3949,6.7921,4.049,125645513.0,258877399.0,69.292,48.0802,23.666,24.4142,-3.0882,2.82,17.1432,97.0
IDN,Indonesia,2015,860854232686.214,4.8763,3288.2227,6.3631,8.3499,4.514,127299364.0,261799249.0,69.52,41.9376,21.1602,20.7775,-2.035,2.2976,22.0627,97.5
IDN,Indonesia,2016,931877364037.698,5.0331,3521.4694,3.5258,9.2244,4.301,128501300.0,264627418.0,69.733,37.4213,19.089,18.3323,-1.8192,0.4874,25.4474,97.6
IDN,Indonesia,2017,1015618744159.73,5.0698,3798.8833,3.8088,6.5016,3.783,130940742.0,267346658.0,69.953,39.3555,20.1773,19.1782,-1.5947,2.0195,32.3358,98.1
IDN,Indonesia,2018,1042271532988.63,5.1743,3860.9535,3.1983,6.4712,4.387,134532894.0,269951846.0,70.08,43.0743,21.0027,22.0716,-2.9391,1.8143,39.9046,98.5
IDN,Indonesia,2019,1119099871350.2,5.0193,4106.9486,3.0306,8.6294,3.59,137425585.0,272489381.0,70.349,37.6278,18.5915,19.0362,-2.7057,2.2334,47.6906,98.8
IDN,Indonesia,2020,1059054842698.48,-2.0655,3853.7029,1.9198,9.9859,4.255,137375390.0,274814866.0,68.817,32.9722,17.3312,15.641,-0.4186,1.8106,53.7265,97.0
IDN,Indonesia,2021,1186509691086.73,3.7029,4287.1731,1.5601,2.7532,3.827,135672770.0,276758053.0,67.452,40.2048,21.4166,18.7882,0.2959,1.7879,62.1045,99.2
IDN,Indonesia,2022,1319101183380.15,5.3072,4730.8348,4.2095,-0.9574,3.462,139637843.0,278830529.0,70.925,45.4647,24.5029,20.9618,1.0018,1.8726,66.4846,100.0
IDN,Indonesia,2023,1371166925749.88,5.0488,4876.2993,3.6694,7.2851,3.308,143318723.0,281190067.0,71.146,41.4605,21.8086,19.6519,-0.1489,1.5712,69.2084,99.4
IDN,Indonesia,2024,1396301788461.69,5.0326,4925.4364,2.1815,7.8362,3.301,145198137.0,283487931.0,71.288,42.8099,22.3096,20.5003,-0.6147,1.7386,72.7808,99.9
IDN,Indonesia,2025,1445642584163.81,5.1081,5059.626,1.9133,5.9908,3.237,147104597.0,285721236.0,,43.3912,22.8465,20.5447,-0.1053,1.5414,,
IMN,Isle of Man,2000,1601050083.2199,5.3,21161.3963,,,,,75659.0,74.842,,,,,,,100.0
IMN,Isle of Man,2001,1668684324.1687,5.4,21819.7124,,,,,76476.0,75.289,,,,,,,100.0
IMN,Isle of Man,2002,1891002697.8417,6.2,24471.0799,,,,,77275.0,75.785,,,,,,,100.0
IMN,Isle of Man,2003,2252620408.1633,6.0,28861.6178,,,,,78049.0,76.319,,,,,,,100.0
IMN,Isle of Man,2004,2802206151.5928,5.2,35564.6024,,,,,78792.0,76.876,,,,,,,100.0
IMN,Isle of Man,2005,3032411026.9492,5.9,38135.8598,,,,,79516.0,77.453,,,,,,,100.0
IMN,Isle of Man,2006,3422733202.4501,7.7,42627.5089,,,,,80294.0,77.971,,,,,,,100.0
IMN,Isle of Man,2007,4466350655.8991,7.5,55040.2437,,,,,81147.0,78.451,,,,,,,100.0
IMN,Isle of Man,2008,5928791505.3514,4.9,72276.7741,,,,,82029.0,78.899,,,,,,,100.0
IMN,Isle of Man,2009,5486921247.0732,2.1,66156.1057,,,,,82939.0,79.303,,,,,,,100.0
IMN,Isle of Man,2010,5920369789.5018,3.4,70587.314,,,,,83873.0,79.613,,,,,,,100.0
IMN,Isle of Man,2011,6565667052.7974,2.0,77808.858,,,,,84382.0,79.836,,,,,,,100.0
IMN,Isle of Man,2012,6690228371.6691,7.3039,79329.2034,,,,,84335.0,80.007,,,,,,,100.0
IMN,Isle of Man,2013,7001175622.7127,4.1419,83207.6588,,,,,84141.0,80.12,,,,,,,100.0
IMN,Isle of Man,2014,7708454412.3213,5.1551,91885.4529,,,,,83892.0,80.199,,,,,,,100.0
IMN,Isle of Man,2015,7084800892.2228,-0.3859,84753.5187,,,,,83593.0,80.267,,,,,,,100.0
IMN,Isle of Man,2016,6846377563.0068,6.9523,82025.9455,,,,,83466.0,80.391,,,,,,,100.0
IMN,Isle of Man,2017,6979788333.5028,2.8378,83481.3038,,,,,83609.0,80.506,,,,,,,100.0
IMN,Isle of Man,2018,7491649455.9272,2.2134,89393.8244,,,,,83805.0,80.614,,,,,,,100.0
IMN,Isle of Man,2019,7314967866.2829,0.2549,87127.5518,,,,,83957.0,80.74,,,,,,,100.0
IMN,Isle of Man,2020,6684225641.0256,-8.8368,79513.533,,,,,84064.0,80.591,,,,,,,100.0
IMN,Isle of Man,2021,7931193222.064,3.8378,94299.9693,,,,,84106.0,80.42,,,,,,,100.0
IMN,Isle of Man,2022,7431257410.9271,-4.1685,88328.5481,,,,,84132.0,80.956,,,,,,,100.0
IMN,Isle of Man,2023,7576129932.7938,-2.0352,90015.2074,,,,,84165.0,80.999,,,,,,,100.0
IMN,Isle of Man,2024,,,,,,,,84160.0,81.091,,,,,,,100.0
IMN,Isle of Man,2025,,,,,,,,84118.0,,,,,,,,
IND,India,2000,468395521654.458,3.841,442.7502,4.0094,8.3426,7.589,409617771.0,1057922733.0,62.749,26.9009,12.9972,13.9037,-0.9823,0.7652,0.5275,60.3
IND,India,2001,485440139204.171,4.824,450.3579,3.7793,8.5914,7.611,418764922.0,1077898575.0,63.158,25.9933,12.5584,13.4349,0.2905,1.0564,0.6601,62.0
IND,India,2002,514939140318.756,3.804,469.1499,4.2972,7.9072,7.681,427829074.0,1097600380.0,63.649,29.5087,14.2644,15.2443,1.3709,1.0116,1.5379,62.3
IND,India,2003,607700687237.318,7.8604,544.1431,3.8059,7.3079,7.633,436753652.0,1116803006.0,64.086,30.5924,14.9479,15.6445,1.4436,0.6059,1.6865,65.4
IND,India,2004,709152728830.775,7.9229,624.2588,3.7673,4.9101,7.598,445825854.0,1135991513.0,64.484,37.5038,17.8591,19.6447,0.11,0.7656,1.9761,64.4
IND,India,2005,820383763511.445,7.9234,710.4881,4.2463,4.8551,7.551,454832471.0,1154676322.0,64.939,42.0017,19.6052,22.3964,-1.2535,0.8861,2.3881,68.8
IND,India,2006,940259888787.721,8.0607,801.6684,5.7965,2.5706,7.553,457611460.0,1172878890.0,65.373,45.7245,21.2679,24.4565,-0.989,2.1302,2.8055,67.9
IND,India,2007,1216736438834.96,7.6608,1021.8871,6.3729,5.6818,7.562,460225575.0,1190676021.0,65.803,45.6863,20.7997,24.8866,-0.6637,2.0734,3.95,72.3
IND,India,2008,1198895139005.92,3.0867,992.5196,8.3493,3.7718,7.629,462536166.0,1207930964.0,66.247,53.3682,24.0974,29.2709,-2.5834,3.6205,4.38,74.1
IND,India,2009,1341888016994.9,7.8619,1094.9497,10.8824,4.8086,7.636,464953334.0,1225524753.0,66.7,46.2729,20.4005,25.8724,-1.9515,2.6516,5.12,75.0
IND,India,2010,1675615519484.96,8.4976,1347.5194,11.9894,-1.9839,7.631,467561989.0,1243481564.0,67.162,49.2552,22.4009,26.8543,-3.2535,1.635,7.5,76.3
IND,India,2011,1823051829894.55,5.2413,1445.4613,8.9118,1.318,7.609,471891929.0,1261224954.0,67.623,55.6239,24.5404,31.0835,-3.4293,2.0021,10.07,79.5
IND,India,2012,1827637590410.41,5.4564,1429.322,9.479,2.4735,7.645,476101422.0,1278674502.0,68.076,55.7937,24.5344,31.2593,-5.0049,1.3129,11.1,79.9
IND,India,2013,1856721507621.58,6.3861,1432.844,10.0179,3.866,7.678,484466830.0,1295829511.0,68.499,53.8441,25.4309,28.4133,-2.6457,1.5163,12.3,83.1
IND,India,2014,2039126479154.52,7.4102,1553.884,6.6657,6.6952,7.656,492680645.0,1312277191.0,68.932,48.9222,22.968,25.9542,-1.3395,1.6957,13.5,85.1
IND,India,2015,2103588360044.94,7.9963,1583.9982,4.907,7.5565,7.629,500640619.0,1328024498.0,69.326,41.9229,19.8132,22.1097,-1.0675,2.0921,14.9,88.0
IND,India,2016,2294796885663.16,8.2563,1707.5089,4.9482,6.2327,7.611,508681288.0,1343944296.0,69.709,40.0825,19.1582,20.9243,-0.5279,1.9374,16.5,89.6
IND,India,2017,2651474262755.45,6.7954,1950.1047,3.3282,5.3276,7.626,516713963.0,1359657400.0,70.068,40.7425,18.7918,21.9507,-1.4395,1.5073,18.2,91.8
IND,India,2018,2702929641648.74,6.4539,1966.2546,3.9388,5.3617,7.652,524292869.0,1374659064.0,70.415,43.617,19.9278,23.6891,-2.427,1.5582,20.0813,95.7
IND,India,2019,2835606256558.19,3.8714,2041.4286,3.7295,6.8949,6.51,531373378.0,1389030312.0,70.746,39.9054,18.6643,21.2411,-1.0496,1.7848,29.5235,95.9
IND,India,2020,2674851578587.27,-5.7777,1907.0425,6.6234,4.136,7.859,532528354.0,1402617695.0,70.156,37.7581,18.6825,19.0756,1.2236,2.4062,43.4054,96.5
IND,India,2021,3167270623260.47,9.6896,2239.6138,5.1314,0.3169,6.38,550352877.0,1414203896.0,67.282,45.4231,21.3992,24.0239,-1.0552,1.4122,49.2581,99.6
IND,India,2022,3249938492013.47,7.6094,2279.9815,6.699,5.555,4.822,569155867.0,1425423212.0,71.698,50.6979,24.0402,26.6578,-2.4324,1.5367,55.9,99.2
IND,India,2023,3500906030644.76,7.2102,2434.4483,5.6491,,4.172,589486854.0,1438069596.0,72.003,46.323,22.3548,23.9682,-0.9128,0.8023,60.2523,99.5
IND,India,2024,3760813470500.86,7.0993,2591.9917,4.953,,4.173,608500805.0,1450935791.0,72.235,45.9167,22.064,23.8527,-0.8513,0.7216,64.9435,99.9
IND,India,2025,3956067115771.63,7.5667,2702.4799,2.3988,,4.219,617625336.0,1463865525.0,,46.2682,22.263,24.0052,-0.4169,0.9883,70.0,
IRL,Ireland,2000,100207610429.909,9.4035,26334.5672,5.5776,,4.318,1915533.0,3805174.0,76.5366,174.9545,94.3894,80.5651,,25.726,17.8505,100.0
IRL,Ireland,2001,109346669229.695,5.3058,28282.4099,4.8528,,3.684,1958320.0,3866243.0,77.1341,174.8407,95.2244,79.6163,,8.826,23.1388,100.0
IRL,Ireland,2002,128596035288.401,5.8994,32705.4346,4.6282,,4.216,1998009.0,3931947.0,77.6341,163.7193,90.4495,73.2699,,22.803,25.85,100.0
IRL,Ireland,2003,164670771259.602,3.0138,41203.5296,3.4922,,4.478,2031456.0,3996521.0,78.139,146.5315,80.8406,65.6909,,13.8344,34.31,100.0
IRL,Ireland,2004,194372115041.065,6.7881,47754.2023,2.1785,,4.491,2074720.0,4070262.0,78.539,146.5875,80.4756,66.1119,,-5.4574,36.99,100.0
IRL,Ireland,2005,211876989655.907,5.7398,50933.0216,2.4565,,4.237,2168734.0,4159914.0,78.9439,148.1756,79.5277,68.6479,-3.372,22.1833,41.61,100.0
IRL,Ireland,2006,232180617162.279,4.9879,54329.1619,3.9358,,4.355,2248503.0,4273591.0,79.2415,150.0218,79.0347,70.9871,-3.3862,9.5056,54.82,100.0
IRL,Ireland,2007,270079279419.5,5.3101,61396.4175,4.8857,,4.98,2335586.0,4398942.0,79.6415,153.3968,80.8368,72.5601,-5.1276,22.1915,61.1583,100.0
IRL,Ireland,2008,275447471451.063,-4.4841,61353.1066,4.0357,,6.774,2354963.0,4489544.0,80.0951,160.0394,84.3333,75.7061,-5.5557,8.4545,65.34,100.0
IRL,Ireland,2009,236443115853.695,-5.0958,52133.0906,-4.4475,,12.609,2303368.0,4535375.0,80.1902,173.5915,93.5562,80.0353,-2.1178,22.8276,67.38,100.0
IRL,Ireland,2010,221732824603.484,1.683,48623.9666,-0.9184,,14.534,2252552.0,4560155.0,80.7439,190.0803,103.3271,86.7532,1.0462,17.0243,69.85,100.0
IRL,Ireland,2011,240975871046.644,1.6089,52613.854,2.549,,15.354,2230580.0,4580084.0,80.7463,186.3049,102.4109,83.894,1.174,9.8347,74.89,100.0
IRL,Ireland,2012,226921827888.137,-0.405,49335.8408,1.6947,,15.451,2224068.0,4599533.0,80.8463,190.3557,103.8217,86.534,-3.397,25.5993,76.92,100.0
IRL,Ireland,2013,242924245718.756,2.1929,52537.6109,0.5151,,13.735,2246922.0,4623816.0,80.9488,199.7426,109.7465,89.9961,2.3999,29.8613,78.2477,100.0
IRL,Ireland,2014,266490442124.309,9.3858,57214.538,0.1909,,11.858,2257992.0,4657740.0,81.3488,211.1816,115.0973,96.0843,2.0769,39.365,83.4917,100.0
IRL,Ireland,2015,302101388556.271,24.624,64250.1385,-0.331,,9.908,2285573.0,4701957.0,81.4537,223.7029,126.6875,97.0154,6.172,74.8169,83.4948,100.0
IRL,Ireland,2016,305431252708.748,1.2227,64129.5572,0.0201,,8.374,2332726.0,4762722.0,81.6537,239.7085,129.1784,110.5301,-1.1916,26.1254,83.5,100.0
IRL,Ireland,2017,348355212568.515,10.1089,72161.4048,0.3622,,6.713,2363157.0,4827445.0,82.1561,233.3041,128.4963,104.8078,1.6486,20.4171,84.114,100.0
IRL,Ireland,2018,395780319816.603,7.6887,80804.1123,0.4711,,5.741,2413701.0,4898022.0,82.2049,222.4537,125.9687,96.485,4.5332,20.3602,87.0001,100.0
IRL,Ireland,2019,407211793800.713,4.9729,81827.6689,0.9378,,4.95,2467948.0,4976456.0,82.7024,257.6528,131.2245,126.4283,-20.5576,7.6747,87.0001,100.0
IRL,Ireland,2020,436009027818.948,7.1537,86514.0706,-0.3262,,5.623,2459907.0,5039747.0,82.4561,258.7804,139.8119,118.9685,-6.7212,8.0935,91.9999,100.0
IRL,Ireland,2021,530394123829.763,16.2582,103783.4463,2.3403,,6.357,2604356.0,5110585.0,82.2537,231.0324,136.3977,94.6347,12.2774,14.6538,93.5061,100.0
IRL,Ireland,2022,548341794599.09,7.5111,105190.686,7.8295,,4.465,2705770.0,5212836.0,82.5098,237.7554,139.506,98.2494,8.8315,-6.4879,95.0369,100.0
IRL,Ireland,2023,567372737459.116,-2.5364,106818.9171,6.2994,,4.243,2846866.0,5311538.0,82.8073,239.6496,136.5264,103.1233,7.8862,-24.6703,96.8661,100.0
IRL,Ireland,2024,609157459747.205,2.5995,112894.9532,2.1134,,4.3,2857089.0,5395790.0,83.0098,246.1699,143.9846,102.1853,17.3996,0.7911,97.1877,100.0
IRL,Ireland,2025,721701359046.313,12.3376,131592.4625,2.2104,,4.632,2912741.0,5484367.0,,239.9589,140.0667,99.8922,,,,
IRN,"Iran, Islamic Rep.",2000,109591707802.216,5.8455,1650.0139,14.4768,,11.698,19476868.0,66418659.0,70.166,41.2572,21.4671,19.7902,11.3886,0.0356,0.9342,97.9
IRN,"Iran, Islamic Rep.",2001,126878750295.944,2.3922,1881.0227,11.2742,,12.362,20409991.0,67452005.0,70.619,40.5356,19.3033,21.2322,,0.3217,1.4842,98.1
IRN,"Iran, Islamic Rep.",2002,128626917503.72,8.0788,1891.2576,14.3359,,12.8,21179010.0,68011317.0,71.112,48.1727,24.4139,23.7588,,2.7361,4.6262,98.1
IRN,"Iran, Islamic Rep.",2003,151911222119.488,8.6393,2208.9964,16.468,,11.529,22044846.0,68769340.0,70.464,50.6791,24.6275,26.0516,,1.8942,6.9337,98.2
IRN,"Iran, Islamic Rep.",2004,187754571247.666,4.3367,2672.4227,14.7615,-6.4617,10.3,23217005.0,70256316.0,72.04,51.3139,25.2669,26.0469,,1.6177,7.49,98.3
IRN,"Iran, Islamic Rep.",2005,224970371324.67,3.1898,3132.0508,13.4331,-3.467,11.813,24431517.0,71828455.0,72.446,54.4405,30.3308,24.1097,,1.2843,8.1,98.4
IRN,"Iran, Islamic Rep.",2006,265602187403.643,4.9998,3618.916,10.0159,-0.5084,11.519,24828699.0,73392747.0,72.895,53.1674,29.869,23.2983,,0.8726,8.76,98.4
IRN,"Iran, Islamic Rep.",2007,349736591832.418,8.1558,4687.9917,17.341,-8.898,10.772,25004744.0,74602648.0,73.299,49.8873,28.8436,21.0437,,0.5769,9.47,98.7
IRN,"Iran, Islamic Rep.",2008,406070949553.875,0.2509,5377.4115,25.4105,-6.2149,10.63,24252328.0,75514204.0,73.683,48.2294,26.5771,21.6523,,0.4876,12.02,98.8
IRN,"Iran, Islamic Rep.",2009,414059094949.063,1.0074,5415.5228,13.5516,7.0761,12.113,25116620.0,76457825.0,74.041,43.6996,22.7115,20.9881,,0.7205,13.8,99.7
IRN,"Iran, Islamic Rep.",2010,487069570463.768,5.7979,6291.1944,10.0894,-3.3505,13.679,25068937.0,77420842.0,74.39,43.7706,24.3997,19.371,,0.7492,15.9,99.4
IRN,"Iran, Islamic Rep.",2011,629082257472.368,2.6457,8025.6874,26.2934,-16.7976,12.491,24409383.0,78383598.0,74.721,41.2194,24.9333,16.2861,,0.6798,19.0,99.5
IRN,"Iran, Islamic Rep.",2012,644019315003.54,-3.7472,8114.081,27.2568,-6.6865,12.275,25434392.0,79370580.0,75.039,44.0893,22.4753,21.614,,0.7239,22.73,99.5
IRN,"Iran, Islamic Rep.",2013,500399839839.877,-1.522,6222.7419,36.603,-18.8452,10.595,25379809.0,80414686.0,75.349,47.0867,25.1829,21.9038,,0.6095,29.95,99.8
IRN,"Iran, Islamic Rep.",2014,462284793280.825,4.9848,5672.0637,16.6066,3.8641,10.68,25523109.0,81502045.0,75.635,45.3514,22.8307,22.5207,,0.4555,39.3536,100.0
IRN,"Iran, Islamic Rep.",2015,409191686496.677,-1.4249,4952.7336,12.4847,13.9854,11.166,26476760.0,82619362.0,75.907,39.4226,18.7208,20.7018,,0.501,45.335,100.0
IRN,"Iran, Islamic Rep.",2016,478618064870.999,8.8151,5710.5995,7.2454,3.4498,12.618,27579337.0,83812228.0,76.155,39.8772,20.3098,19.5675,,0.7045,53.2268,100.0
IRN,"Iran, Islamic Rep.",2017,510239893417.645,3.0269,6000.9335,8.0449,,12.232,28624101.0,85026754.0,76.396,43.1557,21.8329,21.3228,,0.9837,64.044,99.9
IRN,"Iran, Islamic Rep.",2018,411903303606.044,-3.748,4783.0107,18.0141,,12.195,29067669.0,86117998.0,76.621,56.6153,29.6397,26.9757,,0.5761,70.2006,100.0
IRN,"Iran, Islamic Rep.",2019,347988400957.999,-2.3614,3997.4935,39.9073,,10.74,29161250.0,87051648.0,76.855,48.5918,22.3147,26.2771,,0.4333,72.4509,100.0
IRN,"Iran, Islamic Rep.",2020,280934329279.723,4.4418,3202.5,30.5941,,9.687,27655908.0,87723443.0,74.141,43.8845,18.3904,25.4941,,0.4777,75.5699,100.0
IRN,"Iran, Islamic Rep.",2021,407350685583.335,4.1309,4605.1488,43.389,,9.282,27754866.0,88455488.0,73.752,42.6724,22.0192,20.6532,,0.3498,78.5957,100.0
IRN,"Iran, Islamic Rep.",2022,422662261525.665,4.3528,4721.2044,43.4885,,9.085,27880537.0,89524246.0,76.799,48.9184,25.5666,23.3517,,0.3549,81.7165,100.0
IRN,"Iran, Islamic Rep.",2023,457510482317.483,5.3324,5049.2993,44.5792,,8.129,29026520.0,90608707.0,77.654,49.3936,23.9216,25.4719,,0.3109,83.7105,100.0
IRN,"Iran, Islamic Rep.",2024,475252089215.416,3.6631,5190.1696,32.4559,,8.146,29306871.0,91567738.0,77.854,52.0621,23.5515,28.5107,,0.3049,85.3404,100.0
IRN,"Iran, Islamic Rep.",2025,362682115433.364,-2.826,3924.3802,42.1712,,8.301,29521716.0,92417681.0,,60.2426,25.7544,34.4882,,,,
IRQ,Iraq,2000,48364250943.9051,16.7961,1980.1892,4.979,,8.038,5790991.0,24424056.0,64.86,125.3366,75.7038,49.6328,,-0.0001,,96.8
IRQ,Iraq,2001,36176430128.8057,1.7666,1435.6957,16.3741,,8.249,5984596.0,25197840.0,65.292,126.7803,65.2734,61.5069,,-0.0184,0.1,96.9
IRQ,Iraq,2002,32928454672.4246,-8.2037,1266.1596,19.3167,,8.619,6189221.0,26006559.0,65.724,119.762,70.5701,49.192,,-0.001,0.5,97.1
IRQ,Iraq,2003,21921569478.8163,-36.6568,817.8879,33.6162,,8.959,6393346.0,26802659.0,64.834,154.2345,77.3927,76.8418,,4.5617,0.6,97.2
IRQ,Iraq,2004,36633669269.3981,53.3855,1328.3716,26.9619,-3.4455,8.715,6595607.0,27577878.0,64.634,120.234,56.2709,63.9631,,0.8189,0.9,97.3
IRQ,Iraq,2005,50065104667.8159,1.6752,1762.3936,36.9595,-16.5154,8.57,6816308.0,28407448.0,64.899,115.7425,54.3479,61.3947,-6.6621,1.0293,0.9,97.4
IRQ,Iraq,2006,65147051918.0219,5.6383,2276.5544,53.231,-7.053,8.411,6890879.0,28616515.0,64.029,89.6505,51.0319,38.6186,4.1159,0.5879,0.9523,97.6
IRQ,Iraq,2007,88837057319.5179,1.8885,3128.9901,-10.0675,3.7962,8.646,6861334.0,28391607.0,64.428,74.0929,45.8998,28.193,17.4694,1.0939,0.93,98.1
IRQ,Iraq,2008,131614434153.505,8.2281,4542.9661,12.6629,-8.4197,8.466,7012067.0,28971036.0,66.465,81.0555,50.3283,30.7272,21.6088,1.41,1.0,97.9
IRQ,Iraq,2009,111657580326.315,3.3793,3714.7121,6.8736,44.331,8.415,7285510.0,30058206.0,67.834,78.6874,39.4001,39.2873,-1.0107,1.4314,1.06,98.1
IRQ,Iraq,2010,138516722649.573,6.4026,4461.752,2.4299,-1.9221,8.267,7529671.0,31045366.0,68.092,73.4975,39.4168,34.0807,4.6841,1.008,2.5,98.4
IRQ,Iraq,2011,185749664444.444,7.5465,5775.5423,5.6041,-8.4679,8.193,7794331.0,32161424.0,68.435,72.1713,44.4175,27.7538,14.0652,1.1209,5.0,98.0
IRQ,Iraq,2012,218002476129.472,13.9364,6477.5962,6.0891,10.9066,7.965,8144917.0,33654842.0,68.827,73.6087,44.5084,29.1002,13.5508,1.5596,7.1,99.3
IRQ,Iraq,2013,234637675128.645,7.6283,6650.3528,1.8795,13.5879,9.222,8762436.0,35281989.0,69.047,67.41,39.6635,27.7465,6.8584,-0.9953,9.2,99.0
IRQ,Iraq,2014,228415656174.957,2.2637,6249.3923,2.236,18.2891,10.59,9317273.0,36550059.0,69.679,68.9825,38.9417,30.0408,6.9415,-4.4552,11.6453,99.2
IRQ,Iraq,2015,166774104959.102,2.6068,4440.1419,1.3933,57.6259,10.865,9638775.0,37560535.0,69.977,69.5918,34.5141,35.0776,-1.656,-4.5416,15.2144,99.4
IRQ,Iraq,2016,166743557747.671,13.7874,4334.421,0.5565,,10.82,9946993.0,38469627.0,68.683,54.5883,28.1085,26.4798,1.2942,-3.7518,19.8772,99.7
IRQ,Iraq,2017,187217660050.676,-1.8198,4759.2846,0.1841,,13.02,9932205.0,39337353.0,69.788,59.7809,33.9161,25.8648,7.9546,-2.688,25.9692,99.9
IRQ,Iraq,2018,227367469034.031,2.6339,5646.6893,0.3674,,13.458,10075417.0,40265624.0,71.116,65.8018,40.8026,24.9991,15.1163,-2.1485,33.9281,99.9
IRQ,Iraq,2019,233636097800.338,5.5138,5671.8569,-0.199,,14.096,10196893.0,41192171.0,71.245,68.9899,38.0519,30.9381,6.7466,-1.3164,44.3263,100.0
IRQ,Iraq,2020,180898797516.874,-12.0368,4295.1895,0.5742,,15.766,10441107.0,42116605.0,69.651,57.7423,27.7503,29.992,-3.486,-1.5805,53.6778,100.0
IRQ,Iraq,2021,209691945713.103,1.5022,4868.4943,6.0419,,16.173,10581037.0,43071211.0,70.704,61.5033,37.3217,24.1816,11.7148,-1.2577,65.0022,100.0
IRQ,Iraq,2022,287372232137.931,7.959,6520.7315,4.9948,,15.41,11408828.0,44070551.0,72.037,68.7588,44.5259,24.2328,20.1862,-0.7267,78.7156,100.0
IRQ,Iraq,2023,268881051643.549,0.5177,5965.3184,4.3584,,15.239,11803809.0,45074049.0,72.324,69.4613,39.6312,29.8301,10.5528,-1.9947,81.8089,100.0
IRQ,Iraq,2024,279641257615.385,-1.5453,6073.6103,2.6117,,15.293,12134030.0,46042015.0,72.424,77.1389,39.7635,37.3754,2.9919,-2.7353,81.4745,100.0
IRQ,Iraq,2025,254367293538.462,-2.1557,5409.679,0.3035,,15.485,12493376.0,47020774.0,,,,,,,,
ISL,Iceland,2000,9140168922.3568,4.9052,32503.579,5.1365,12.3391,1.936,167968.0,281205.0,79.6537,70.2478,31.7274,38.5204,-9.9009,1.6976,44.4705,100.0
ISL,Iceland,2001,8323401820.4848,3.8409,29208.1982,6.4051,8.5331,1.874,170262.0,284968.0,80.6902,73.9395,36.5478,37.3917,-4.4642,1.9637,49.393,100.0
ISL,Iceland,2002,9416199699.5474,0.5423,32749.379,5.197,8.977,2.988,169794.0,287523.0,80.5024,68.7108,35.1463,33.5645,1.3533,0.976,79.12,100.0
ISL,Iceland,2003,11564687741.9859,2.2814,39944.2104,2.0557,11.4048,3.997,172652.0,289521.0,80.9634,67.401,32.2403,35.1607,-4.8145,2.8998,83.14,100.0
ISL,Iceland,2004,13963943244.0018,7.6226,47809.6073,3.1582,9.112,4.031,172771.0,292074.0,80.9976,69.7326,32.0882,37.6444,-9.9675,5.4091,83.88,100.0
ISL,Iceland,2005,17146410560.5279,7.0293,57783.7746,3.987,11.4977,2.547,175134.0,296734.0,81.5024,71.2107,29.8388,41.3719,-15.5494,18.0427,87.0,100.0
ISL,Iceland,2006,17671649843.2602,5.6716,58172.1427,6.6871,8.4932,2.83,183267.0,303782.0,81.1585,76.6309,30.0506,46.5803,-22.664,21.9366,89.51,100.0
ISL,Iceland,2007,21960110030.4426,8.7413,70483.0117,5.0516,14.368,2.251,189668.0,311566.0,81.4537,73.625,32.3801,41.2449,-13.6329,31.2939,90.6,100.0
ISL,Iceland,2008,18247921360.2599,1.6996,57489.34,12.6944,7.0971,2.946,191884.0,317414.0,81.6098,81.9027,39.9177,41.9851,-22.9534,6.5963,91.0,100.0
ISL,Iceland,2009,13212543837.5133,-8.3215,41483.7844,12.0031,7.1689,7.22,188521.0,318499.0,81.7512,89.0014,48.5055,40.496,-8.8675,0.4813,93.0,100.0
ISL,Iceland,2010,13922711576.5124,-2.2218,43776.4677,5.3967,3.4771,7.564,187815.0,318041.0,81.8976,92.4902,51.1492,41.341,-5.8984,1.8458,93.39,100.0
ISL,Iceland,2011,15394005872.149,1.38,48254.9539,4.001,4.1037,7.028,187361.0,319014.0,82.3585,100.1333,53.9573,46.1759,-4.48,7.1908,94.8197,100.0
ISL,Iceland,2012,14943757823.3226,1.1693,46594.9869,5.1859,4.6538,6.0,188899.0,320716.0,82.9171,102.4331,54.1845,48.2486,-2.8528,6.8535,96.2098,100.0
ISL,Iceland,2013,16244319958.6808,3.597,50173.336,3.8723,5.521,5.376,192559.0,323764.0,82.061,97.698,52.8241,44.8739,6.8197,2.9094,96.5468,100.0
ISL,Iceland,2014,18052183514.8695,1.9138,55140.3649,2.0446,3.3874,4.897,197861.0,327386.0,82.861,95.2879,50.9137,44.3742,4.9454,4.2476,98.158,100.0
ISL,Iceland,2015,17700486957.1907,3.7686,53505.6964,1.6331,0.8041,3.979,202438.0,330815.0,82.4683,94.8888,51.3348,43.554,6.3024,6.4731,98.2,100.0
ISL,Iceland,2016,21083713310.457,6.2181,62854.0906,1.6969,5.3923,2.978,208038.0,335439.0,82.2049,87.76,47.489,40.271,9.0961,-5.0574,98.24,100.0
ISL,Iceland,2017,25060086487.8901,3.4851,72976.373,1.7604,5.5941,2.742,212416.0,343400.0,82.661,86.3585,45.6711,40.6874,4.9303,-27.9324,98.2552,100.0
ISL,Iceland,2018,26677652544.3499,4.6608,75633.8651,2.6829,3.7344,2.704,216594.0,352721.0,82.861,88.935,46.4719,42.4631,4.4417,-2.3342,99.011,100.0
ISL,Iceland,2019,24985687022.0452,1.1382,69296.3144,3.014,2.0157,3.507,221428.0,360563.0,83.1634,83.7924,44.7139,39.0785,7.3642,-2.2271,99.5049,100.0
ISL,Iceland,2020,22034665040.7901,-6.6459,60127.9394,2.8479,1.3586,5.478,219071.0,366463.0,83.0634,68.655,34.1387,34.5163,1.8991,-3.9867,99.5328,100.0
ISL,Iceland,2021,26234872402.457,5.1806,70425.4064,4.4442,-0.7013,6.029,222546.0,372520.0,83.1659,76.2317,37.365,38.8668,-2.5726,1.5283,99.687,100.0
ISL,Iceland,2022,29176227825.4736,8.8573,76376.9599,8.3088,-1.1353,3.789,232189.0,382003.0,82.1195,93.0164,46.7254,46.291,-1.8753,4.7386,97.5834,100.0
ISL,Iceland,2023,31701996433.7807,5.0323,82201.2909,8.7363,5.7291,3.518,236225.0,385663.0,82.4561,87.2389,43.9746,43.2643,-1.2046,5.9623,97.9486,100.0
ISL,Iceland,2024,33186621855.0053,-1.2829,85863.1479,5.8568,6.0368,3.6,238873.0,386506.0,82.8098,86.1816,42.4573,43.7243,-3.24,8.5365,98.2092,100.0
ISL,Iceland,2025,38582528789.0033,1.2795,98323.485,4.0909,3.8699,3.625,242507.0,392404.0,,82.4877,40.1138,42.3739,-3.4794,-0.5228,,
ISR,Israel,2000,136409902631.643,8.5915,21690.2373,1.0326,,11.102,2766361.0,6289000.0,78.9537,68.3982,33.7964,34.6017,-2.365,5.8995,20.8738,100.0
ISR,Israel,2001,134889159474.047,0.2705,20948.7746,1.123,,11.812,2838920.0,6439000.0,79.4073,62.1916,29.5306,32.661,-2.5954,1.3132,17.3786,100.0
ISR,Israel,2002,125215963105.239,-0.1529,19058.7463,5.8023,,12.888,2865370.0,6570000.0,79.4512,65.532,30.9013,34.6307,-2.2834,1.2638,17.7646,100.0
ISR,Israel,2003,131278887815.375,1.4346,19624.0321,0.7076,,13.505,2935135.0,6689700.0,79.6488,66.948,32.7215,34.2265,-0.5485,2.5305,19.5934,100.0
ISR,Israel,2004,139925423025.435,4.6494,20550.0695,-0.4216,,13.029,3012760.0,6809000.0,80.1463,75.0389,37.236,37.8029,0.8389,2.1061,22.7705,100.0
ISR,Israel,2005,147346035831.272,4.3526,21261.7474,1.3407,,11.342,3089642.0,6930100.0,80.1512,78.4167,38.8658,39.5509,2.2212,3.2701,25.194,100.0
ISR,Israel,2006,158706516001.616,5.5911,22499.7542,2.0541,,10.707,3167871.0,7053700.0,80.5537,78.5312,39.0844,39.4468,3.2869,9.0705,27.8811,100.0
ISR,Israel,2007,184448882451.742,6.3131,25688.9016,0.4662,,9.379,3253643.0,7180100.0,80.5049,78.9364,38.7797,40.1567,2.1541,4.7699,48.1281,100.0
ISR,Israel,2008,220952472408.027,3.2158,30231.0191,4.5274,,7.704,3313588.0,7308800.0,80.9512,75.4762,37.2205,38.2556,0.4259,4.65,59.39,100.0
ISR,Israel,2009,213112649594.385,1.2202,28469.6817,3.3676,,9.534,3394757.0,7485600.0,81.4049,61.7597,31.8649,29.8948,2.8318,2.1617,63.12,100.0
ISR,Israel,2010,239372857534.485,5.5447,31398.9267,2.7027,,8.48,3473539.0,7623600.0,81.6024,65.717,33.5713,32.1458,2.6953,2.9179,67.5,100.0
ISR,Israel,2011,267739352609.375,5.5134,34476.7252,3.4884,,7.139,3521435.0,7765800.0,81.6561,69.001,34.2274,34.7735,0.9591,3.2319,68.8739,100.0
ISR,Israel,2012,263172104090.976,2.4099,33268.7067,1.6755,,6.762,3709778.0,7910500.0,81.7049,70.0759,34.7734,35.3025,-0.3146,3.4264,70.8,100.0
ISR,Israel,2013,298045324735.571,4.0901,36980.6222,1.5898,2.4875,6.137,3768300.0,8059500.0,82.0561,64.2272,32.8528,31.3744,2.2434,3.9733,70.2503,100.0
ISR,Israel,2014,314376760832.047,3.7181,38265.3652,0.4676,3.1099,5.789,3869705.0,8215700.0,82.1537,61.8391,31.5532,30.2859,3.4661,1.9241,75.0178,100.0
ISR,Israel,2015,302841190257.708,2.236,36138.1356,-0.6173,1.0752,5.176,3941723.0,8380100.0,82.0512,59.0202,30.9259,28.0943,4.5877,3.7433,77.3521,100.0
ISR,Israel,2016,321083954798.337,4.536,37571.2561,-0.5352,3.1972,4.723,4024474.0,8546000.0,82.4073,57.9533,29.7753,28.178,3.1704,3.7336,79.6531,100.0
ISR,Israel,2017,357360816856.642,4.3439,41013.2575,0.2498,3.5272,4.14,4094423.0,8713300.0,82.5512,56.4519,29.0661,27.3858,3.1548,4.727,81.5812,100.0
ISR,Israel,2018,375470422244.408,4.0535,42269.377,0.8051,2.7357,3.917,4172972.0,8882800.0,82.8024,58.8734,29.758,29.1154,2.4223,5.73,83.7332,100.0
ISR,Israel,2019,399207771081.611,3.579,44091.8678,0.8176,1.599,3.731,4229687.0,9054000.0,82.8049,56.5282,29.0854,27.4428,2.901,4.3492,86.7879,100.0
ISR,Israel,2020,410908899711.272,-1.8021,44590.8237,-0.5753,2.0539,4.169,4204894.0,9215100.0,82.6488,51.1404,27.1546,23.9858,3.7401,5.103,90.1273,100.0
ISR,Israel,2021,489735019666.026,9.3353,52258.4693,1.4797,0.7952,4.812,4275735.0,9371400.0,82.5,54.8184,28.8186,25.9998,3.0216,3.8694,90.2969,100.0
ISR,Israel,2022,525157951212.871,6.3641,54947.2091,4.4116,-1.8101,3.695,4467037.0,9557500.0,82.7,60.6358,31.3653,29.2705,2.69,4.3575,91.8508,100.0
ISR,Israel,2023,513393395491.904,2.0627,52126.4489,4.2252,,3.371,4637924.0,9849000.0,83.1951,57.9778,30.3285,27.6493,3.0618,3.1497,87.0384,100.0
ISR,Israel,2024,542284494490.778,0.9536,54216.5218,3.0748,,3.595,4755304.0,10002200.0,83.1976,54.3823,28.399,25.9832,2.8537,2.7251,88.1824,100.0
ISR,Israel,2025,610777842873.595,2.9311,60336.8478,3.0414,,3.489,4828536.0,10122800.0,,52.9892,27.5584,25.4309,1.397,4.2934,,
ITA,Italy,2000,1149661363439.38,3.8821,20190.0036,2.5377,5.1758,10.834,23341777.0,56942108.0,79.778,50.2747,25.5612,24.7135,-0.2702,1.1458,23.1109,100.0
ITA,Italy,2001,1172041488805.87,2.0064,20570.4386,2.7852,4.0982,9.599,23396490.0,56976981.0,80.1268,49.8633,25.5611,24.3022,0.1548,1.2694,27.2221,100.0
ITA,Italy,2002,1281746271196.04,0.2699,22451.3964,2.4653,3.1281,9.211,23619487.0,57089824.0,80.2293,47.8713,24.3127,23.5586,-0.4897,1.345,28.04,100.0
ITA,Italy,2003,1582930016538.82,0.0666,27577.57,2.6726,2.5813,8.869,23941068.0,57399184.0,79.9829,45.9941,23.224,22.77,-0.7662,1.2365,29.04,100.0
ITA,Italy,2004,1812808753294.75,1.474,31348.1902,2.2067,2.8027,7.866,24568011.0,57828179.0,80.7805,47.2664,23.9268,23.3396,-0.4953,1.1088,33.24,100.0
ITA,Italy,2005,1864982261286.85,0.7624,32062.7238,1.9853,3.1638,7.73,24435953.0,58166682.0,80.7829,49.1222,24.5119,24.6103,-0.8962,1.9712,35.0,100.0
ITA,Italy,2006,1958563654385.64,1.7995,33537.1287,2.0908,3.3321,6.777,24525284.0,58399861.0,81.2829,52.9235,26.0531,26.8705,-1.446,2.9101,37.99,100.0
ITA,Italy,2007,2222524108127.65,1.4623,37826.1755,1.8297,3.7748,6.076,24533838.0,58756247.0,81.4341,54.828,27.2451,27.583,-1.3557,2.9685,40.79,100.0
ITA,Italy,2008,2417508414187.19,-1.0231,40828.5796,3.3478,4.3286,6.723,24903672.0,59211181.0,81.4854,54.2143,26.7428,27.4715,-2.6867,-0.393,44.53,100.0
ITA,Italy,2009,2209484319012.65,-5.3052,37099.6134,0.7748,2.9322,7.749,24718373.0,59555454.0,81.6366,45.1415,22.2772,22.8643,-1.7741,0.7516,48.83,100.0
ITA,Italy,2010,2144936254535.0,1.5291,35856.8625,1.5255,3.4134,8.363,24680015.0,59819407.0,82.0366,51.6621,24.9187,26.7435,-3.2441,0.463,53.68,100.0
ITA,Italy,2011,2306974020278.21,0.6955,38432.3743,2.7806,2.8216,8.359,24716194.0,60026841.0,82.1878,54.4722,26.563,27.9092,-2.7416,1.494,54.39,100.0
ITA,Italy,2012,2097929495121.68,-3.1252,34854.3949,3.0414,3.4612,10.655,25274094.0,60191247.0,82.239,54.8845,27.9852,26.8993,-0.2152,0.0017,55.83,100.0
ITA,Italy,2013,2153225581941.46,-1.818,35701.6746,1.22,3.9736,12.149,25176920.0,60311613.0,82.6902,54.0342,28.1774,25.8567,1.0383,0.9071,58.4593,100.0
ITA,Italy,2014,2173255507985.84,-0.0014,36028.3494,0.241,3.9287,12.683,25330291.0,60320707.0,83.0902,54.4545,28.6224,25.8321,1.7098,0.7837,55.6385,100.0
ITA,Italy,2015,1845428048839.1,0.8857,30639.883,0.0388,3.3205,11.896,25270285.0,60229605.0,82.5439,55.4357,29.1441,26.2916,1.2333,0.7209,58.1417,100.0
ITA,Italy,2016,1887111188176.93,1.2362,31391.5693,-0.094,2.2203,11.688,25548902.0,60115223.0,83.2439,54.4321,28.7987,25.6334,2.4614,1.3596,61.3243,100.0
ITA,Italy,2017,1970720904584.71,1.6037,32844.1157,1.2265,2.2749,11.211,25724021.0,60002252.0,82.9463,57.583,30.1399,27.4431,2.4797,0.4433,63.0773,100.0
ITA,Italy,2018,2099435266458.67,0.8266,35062.3364,1.1375,1.5924,10.538,25784537.0,59877221.0,83.3463,59.275,30.8135,28.4615,2.5714,2.1077,74.3872,100.0
ITA,Italy,2019,2019606796583.53,0.4292,33812.7887,0.6112,1.5394,9.884,25761500.0,59729081.0,83.4976,58.6942,30.9499,27.7443,3.2339,1.7707,67.8507,100.0
ITA,Italy,2020,1907481094079.23,-8.8682,32091.4867,-0.1377,0.7393,9.192,24984272.0,59438851.0,82.1951,53.9395,28.7259,25.2136,3.937,-0.8939,70.4834,100.0
ITA,Italy,2021,2179207773596.09,8.9311,36852.5425,1.8738,0.7332,9.497,25032297.0,59133173.0,82.6463,60.302,31.1716,29.1304,2.0397,1.2047,74.8623,100.0
ITA,Italy,2022,2104067630319.46,4.8212,35653.9042,8.2013,-1.1511,8.069,25351560.0,59013667.0,82.7,72.0165,35.0991,36.9174,-1.8304,2.9418,85.0607,100.0
ITA,Italy,2023,2316882296366.32,0.9228,39279.6998,5.6222,-1.287,7.627,25806816.0,58984216.0,83.3512,65.1028,33.3294,31.7735,0.2519,1.8136,87.0278,100.0
ITA,Italy,2024,2383435562458.12,0.783,40429.6224,0.9824,3.2206,6.5,25756934.0,58952704.0,83.9512,62.5926,32.3351,30.2575,1.0977,1.1962,89.2207,100.0
ITA,Italy,2025,2551556954100.35,0.5396,43308.6403,1.5317,2.0388,6.391,25660587.0,58915656.0,,62.5232,32.227,30.2962,1.1469,0.0346,,
JAM,Jamaica,2000,9005064474.93,0.8787,3453.0925,8.1711,11.5396,6.752,1160690.0,2607826.0,71.281,,,,-4.0799,4.6596,3.1158,84.4
JAM,Jamaica,2001,9194727831.0732,1.3449,3503.5503,6.8019,11.8731,6.641,1167448.0,2624403.0,71.287,,,,-8.2526,6.2699,3.863,87.7
JAM,Jamaica,2002,9719009494.8478,1.9973,3680.6455,7.0764,8.6336,6.616,1177364.0,2640572.0,71.478,,,,-11.0509,4.5663,6.1,86.7
JAM,Jamaica,2003,9430234810.7859,3.6663,3549.7076,10.087,6.5063,6.534,1186996.0,2656623.0,71.585,,,,-8.2008,7.248,7.8,86.5
JAM,Jamaica,2004,10174664853.9476,1.3237,3807.5629,13.5545,4.6774,6.539,1202433.0,2672225.0,71.542,,,,-4.9295,5.4976,10.0,87.2
JAM,Jamaica,2005,11243865777.7131,0.8938,4184.4397,15.0529,5.2859,6.577,1215552.0,2687066.0,71.493,,,,-9.5281,5.6733,12.8,88.0
JAM,Jamaica,2006,11930179089.8855,2.8991,4417.0013,8.5611,8.0794,6.605,1228512.0,2700968.0,71.395,,,,-9.9148,7.0606,16.4,88.7
JAM,Jamaica,2007,12799600047.1845,1.432,4716.4861,9.2448,5.2791,6.607,1241668.0,2713800.0,71.405,,,,-15.9235,6.3432,21.1,89.4
JAM,Jamaica,2008,13709401520.0326,-0.8117,5029.801,22.0228,2.8878,6.666,1254836.0,2725635.0,71.502,,,,-20.3748,10.0413,23.6,92.0
JAM,Jamaica,2009,12120458114.8318,-4.3453,4428.3815,9.5922,4.277,7.314,1229928.0,2736995.0,71.717,,,,-9.3025,4.0029,24.3,91.0
JAM,Jamaica,2010,13220549908.2494,-1.4571,4809.9774,12.6106,9.6933,7.63,1214581.0,2748568.0,71.979,,,,-7.0648,1.4052,27.67,92.2
JAM,Jamaica,2011,14444661522.1463,1.7304,5232.6364,7.5559,12.9618,8.034,1239415.0,2760494.0,72.245,,,,-14.2834,1.196,37.4386,91.1
JAM,Jamaica,2012,14807086555.5283,-0.6136,5340.8333,6.874,10.3746,8.695,1255850.0,2772430.0,72.405,,,,-9.7263,2.7915,33.79,93.1
JAM,Jamaica,2013,14264205152.6126,0.5177,5124.213,9.3415,8.5787,9.698,1296517.0,2783687.0,72.435,,,,-9.5122,3.819,37.1,93.9
JAM,Jamaica,2014,13899217679.9219,0.6898,4975.1133,8.2741,9.6204,9.046,1327826.0,2793749.0,72.357,,,,-8.0174,4.1884,40.4027,93.3
JAM,Jamaica,2015,14963589915.5912,0.9215,5339.3072,3.6915,3.9992,8.825,1405947.0,2802534.0,72.214,,,,-2.8743,6.1815,42.2212,94.9
JAM,Jamaica,2016,14898999754.1229,2.7604,5302.2955,2.351,12.4143,8.634,1407680.0,2809915.0,72.052,,,,-0.2917,6.2284,44.3669,96.6
JAM,Jamaica,2017,15783583236.675,2.293,5605.4354,4.3784,8.4644,7.399,1437450.0,2815764.0,71.879,,,,-2.5183,5.6314,55.0721,97.4
JAM,Jamaica,2018,16855447986.2221,2.5158,5976.9036,3.7366,8.7557,5.47,1446091.0,2820097.0,71.606,,,,-1.3932,4.5957,68.2145,98.2
JAM,Jamaica,2019,17026269262.5307,1.8094,6030.689,3.9051,10.0953,4.987,1491205.0,2823271.0,71.532,,,,-1.7775,3.9082,70.841,98.9
JAM,Jamaica,2020,15000214216.2439,-8.3044,5299.0453,5.2268,9.1886,6.501,1457816.0,2830739.0,71.452,,,,-1.046,1.7673,76.384,99.7
JAM,Jamaica,2021,15963885376.3537,5.7047,5625.6781,5.8628,4.5798,5.188,1490454.0,2837682.0,69.085,,,,0.935,2.0075,82.3607,100.0
JAM,Jamaica,2022,18813516805.214,6.4393,6626.475,10.3496,-1.1112,4.083,1544707.0,2839144.0,71.481,,,,-0.725,1.6942,85.8433,100.0
JAM,Jamaica,2023,21418797832.8216,2.7463,7542.3986,6.4741,0.2858,3.022,1595299.0,2839786.0,71.479,,,,2.6562,2.299,89.473,97.7
JAM,Jamaica,2024,22014429050.9995,-0.535,7753.812,5.4119,6.8031,3.151,1602871.0,2839175.0,71.606,,,,3.0835,1.3858,90.1087,97.7
JAM,Jamaica,2025,22704903217.5631,0.0816,8002.921,4.0046,7.0024,3.286,1612761.0,2837077.0,,,,,,,,
JOR,Jordan,2000,8460789844.8519,4.2457,1570.61,0.6669,12.2638,13.7,1272412.0,5386945.0,71.926,110.3289,41.8274,68.5015,0.326,10.794,2.6233,99.0
JOR,Jordan,2001,8975814652.8196,5.27,1632.2945,1.7722,10.0839,14.7,1284269.0,5498894.0,72.141,109.2855,42.1343,67.1512,-0.2677,3.0485,4.7057,99.0
JOR,Jordan,2002,9582510578.2793,5.7838,1706.2674,1.833,9.1699,15.3,1304262.0,5616066.0,72.359,114.0389,47.4213,66.6176,5.2315,2.486,6.0255,99.5
JOR,Jordan,2003,10195627644.5698,4.1617,1775.6763,1.63,6.9991,14.5,1305437.0,5741828.0,72.585,115.7068,47.3723,68.3346,11.7553,5.3647,8.466,99.0
JOR,Jordan,2004,11411706629.055,8.5672,1940.0864,3.3619,5.0066,14.626,1361612.0,5882061.0,72.788,134.6216,52.1895,82.4321,0.3435,8.2092,11.6587,99.2
JOR,Jordan,2005,12588998589.5628,8.1466,2087.8708,3.4937,5.49,14.8,1421908.0,6029587.0,72.977,146.9089,52.7046,94.2043,-18.0414,15.7636,12.9329,99.0
JOR,Jordan,2006,15056981664.3159,8.093,2342.6346,6.2517,-2.2333,14.0,1503278.0,6427371.0,73.225,141.7474,53.8743,87.8731,-11.4627,23.5373,13.8671,100.0
JOR,Jordan,2007,17110437235.543,8.1762,2506.206,4.7439,3.4534,13.1,1699178.0,6827227.0,73.407,145.9942,54.2349,91.7593,-16.8008,15.3248,20.0,98.8
JOR,Jordan,2008,25651620830.6149,7.2204,3669.8301,13.9712,-22.0975,12.7,1740167.0,6989866.0,73.563,,,,-8.0075,11.0198,23.0,100.0
JOR,Jordan,2009,27462496197.1831,5.1167,3845.3439,-0.7391,7.2138,12.9,1818880.0,7141753.0,73.707,,,,-4.5269,8.7869,26.0,99.4
JOR,Jordan,2010,30202773521.1268,2.6377,4139.0428,4.8455,1.7473,12.5,1844829.0,7297043.0,73.797,,,,-6.231,5.5902,27.2,100.0
JOR,Jordan,2011,32640291549.2958,2.9073,4363.428,4.1624,3.5194,12.9,1881260.0,7480424.0,73.929,,,,-9.0563,4.5528,34.9,99.6
JOR,Jordan,2012,34854017887.3239,2.4047,4593.8361,4.5152,4.3214,12.2,1872113.0,7587127.0,74.087,,,,-13.5171,4.4427,37.0,99.5
JOR,Jordan,2013,37873362957.7465,2.7231,4739.0225,4.8246,3.0513,12.6,1931174.0,7991809.0,74.282,,,,-9.2516,5.1398,41.4,99.7
JOR,Jordan,2014,40535098591.5493,3.3229,4610.6046,2.8995,5.217,11.9,2081895.0,8791710.0,74.606,,,,-6.434,5.3742,46.2,99.8
JOR,Jordan,2015,42394049295.7747,2.5226,4441.619,-0.8769,6.3365,13.075,2343249.0,9544729.0,75.06,,,,-8.1846,3.7748,54.22,99.9
JOR,Jordan,2016,43688498732.3944,2.1117,4366.07,-0.7784,7.127,15.275,2553453.0,10006367.0,75.55,,,,-8.8166,3.5546,56.15,100.0
JOR,Jordan,2017,45535614366.1972,2.5077,4449.3462,3.3239,6.6044,18.12,2712693.0,10234226.0,76.071,,,,-9.647,4.4574,64.5,100.0
JOR,Jordan,2018,47435850422.5352,1.8538,4533.9766,4.4623,6.2425,18.257,2717015.0,10462306.0,76.491,,,,-6.2458,2.0131,65.2,99.9
JOR,Jordan,2019,48640273802.8169,1.8563,4557.7933,0.7615,7.9415,16.801,2794037.0,10671891.0,76.865,,,,-1.5889,1.5002,70.0847,99.9
JOR,Jordan,2020,47931770985.9155,-1.1526,4411.4832,0.3333,7.8125,19.213,2914902.0,10865228.0,75.583,,,,-5.2262,1.5862,78.4178,99.9
JOR,Jordan,2021,50702940985.9155,3.752,4581.7197,1.3461,4.9627,19.837,2893220.0,11066356.0,74.204,,,,-7.3321,1.2264,86.0,99.9
JOR,Jordan,2022,53516930140.8451,2.7469,4754.4136,4.2292,4.517,18.2,2957476.0,11256263.0,77.088,,,,-7.3919,1.7986,90.5,100.0
JOR,Jordan,2023,56123472112.6761,3.129,4906.2354,2.0849,7.1686,16.62,3156548.0,11439213.0,77.814,,,,-3.2559,3.5749,92.5344,100.0
JOR,Jordan,2024,58618380563.3803,2.5561,5073.921,1.5566,6.5177,16.693,3204396.0,11552876.0,77.981,,,,-5.3337,2.7886,95.6224,100.0
JOR,Jordan,2025,61610052535.2113,2.8266,5347.7773,1.7665,5.754,16.535,3220931.0,11520684.0,,,,,,,,
JPN,Japan,2000,5042381838343.44,2.9783,39752.9374,-0.6766,3.3106,4.748,67813478.0,126843000.0,81.0761,19.2752,10.3099,8.9653,2.5918,0.212,29.9907,100.0
JPN,Japan,2001,4438792748062.4,0.2846,34910.1664,-0.7401,3.009,5.02,67616593.0,127149000.0,81.4163,19.2772,9.9313,9.3459,1.9424,0.111,38.5321,100.0
JPN,Japan,2002,4245946980572.3,0.085,33315.9165,-0.9235,3.3017,5.386,67054919.0,127445000.0,81.6907,20.1432,10.6941,9.4491,2.5639,0.2722,46.5942,100.0
JPN,Japan,2003,4573413206709.02,1.3801,35808.6817,-0.2565,3.6516,5.251,66784334.0,127718000.0,81.76,21.075,11.3308,9.7442,3.0476,0.1918,48.4353,100.0
JPN,Japan,2004,4941485123806.53,2.1129,38677.5708,-0.0086,3.0573,4.734,66508242.0,127761000.0,82.0302,23.4324,12.6608,10.7716,3.683,0.1523,62.3939,100.0
JPN,Japan,2005,4875648486366.14,1.8483,38158.6758,-0.2829,3.026,4.446,66581356.0,127773000.0,81.9551,25.9909,13.6894,12.3016,3.4892,0.112,66.9211,100.0
JPN,Japan,2006,4648058930707.24,1.5463,36354.4272,0.2494,2.6294,4.192,66694003.0,127854000.0,82.322,29.7149,15.4992,14.2157,3.758,-0.0516,68.6853,100.0
JPN,Japan,2007,4624670179654.96,1.7284,36129.9535,0.06,2.8819,3.888,66797225.0,128001000.0,82.5071,32.4957,17.1191,15.3766,4.5784,0.4677,74.3,100.0
JPN,Japan,2008,5160197175876.43,-1.1666,40294.2081,1.3801,2.8386,4.002,66611354.0,128063000.0,82.5876,33.7738,17.0551,16.7187,2.7541,0.4772,75.4,100.0
JPN,Japan,2009,5336765697589.29,-5.9359,41678.1783,-1.3528,2.1988,5.068,66339021.0,128047000.0,82.9315,24.173,12.3085,11.8646,2.7297,0.2291,78.0,100.0
JPN,Japan,2010,5811578109447.07,4.1365,45378.1378,-0.7282,3.5656,5.102,66100429.0,128070000.0,82.8427,28.24,14.7827,13.4573,3.8008,0.128,78.21,100.0
JPN,Japan,2011,6279422550218.7,-0.2004,49122.0776,-0.2725,3.1163,4.55,65674339.0,127833000.0,82.5912,29.9714,14.6645,15.3069,2.0638,-0.0135,79.0541,100.0
JPN,Japan,2012,6333803928787.76,1.6489,49626.683,-0.0441,2.2158,4.358,65377600.0,127629000.0,83.0961,30.1743,14.2739,15.9004,0.9491,0.0086,79.4964,100.0
JPN,Japan,2013,5272297037396.96,1.9973,41369.1948,0.335,1.4844,4.038,65621150.0,127445000.0,83.332,33.5914,15.6037,17.9877,0.8797,0.202,88.2194,100.0
JPN,Japan,2014,4985763289560.81,0.9059,39172.8471,2.7592,-0.5056,3.589,65843453.0,127276000.0,83.5878,36.7643,17.1079,19.6565,0.7291,0.3962,89.1068,100.0
JPN,Japan,2015,4534438580494.94,1.8,35664.6446,0.7953,-0.9106,3.385,65931158.0,127141000.0,83.7939,34.7276,17.0921,17.6355,3.0097,0.1158,91.058,100.0
JPN,Japan,2016,5110357383254.44,0.705,40214.9689,-0.1273,0.4569,3.132,66529155.0,127076000.0,83.9849,30.6563,15.7224,14.9339,3.8559,0.8014,93.1827,100.0
JPN,Japan,2017,5038231631660.71,1.6235,39679.8635,0.4842,0.9721,2.822,67070828.0,126972000.0,84.0998,33.6888,17.2158,16.473,4.0325,0.3732,91.7265,100.0
JPN,Japan,2018,5154293721629.56,0.8341,40645.4781,0.9891,,2.467,68187091.0,126811000.0,84.211,35.8036,17.9111,17.8924,3.4392,0.4906,88.7464,100.0
JPN,Japan,2019,5245755000479.03,-0.3085,41424.8656,0.4688,,2.351,68812048.0,126633000.0,84.3563,34.3583,17.0378,17.3205,3.3667,0.7618,92.7304,100.0
JPN,Japan,2020,5189197543645.38,-4.2833,41098.9739,-0.025,,2.809,68656452.0,126261000.0,84.56,30.5192,15.1287,15.3905,2.8912,1.2061,90.2195,100.0
JPN,Japan,2021,5225933520753.1,3.5642,41580.739,-0.2334,,2.808,68592854.0,125681593.0,84.4456,35.4254,17.462,17.9634,3.7606,0.6703,82.9141,100.0
JPN,Japan,2022,4447976207314.78,1.3316,35548.2645,2.4977,,2.614,68931266.0,125124989.0,83.9963,44.8606,20.6479,24.2128,2.0281,1.0826,84.9234,100.0
JPN,Japan,2023,4384854269961.93,0.7208,35215.0035,3.2681,,2.6,69197135.0,124516650.0,84.0412,43.5951,21.0593,22.5358,3.6113,0.4563,85.0099,100.0
JPN,Japan,2024,4190008188358.57,-0.2401,33797.1014,2.7385,,2.5,69501768.0,123975371.0,84.0363,44.8529,21.9799,22.873,4.622,0.4505,85.5415,100.0
JPN,Japan,2025,4435162999976.94,1.1931,35951.045,3.1725,,2.451,69477012.0,123366734.0,,,,,4.865,1.0328,,
KAZ,Kazakhstan,2000,18291990662.0356,9.8,1180.0445,13.1809,,12.75,7959482.0,15501103.0,63.793,105.6997,56.6024,49.0973,2.0026,7.4925,0.6686,99.6
KAZ,Kazakhstan,2001,22152689179.8815,13.5,1422.2733,8.3541,,10.43,8016351.0,15575550.0,64.108,92.8491,45.895,46.954,-6.2725,12.7155,1.0061,99.7
KAZ,Kazakhstan,2002,24636598527.4437,9.8,1573.5522,5.8369,,9.33,8100716.0,15656677.0,64.441,94.0317,46.9906,47.041,-4.1578,10.5067,1.6748,99.8
KAZ,Kazakhstan,2003,30833692900.1091,9.3,1958.0205,6.4382,,8.78,8206130.0,15747380.0,64.753,91.4633,48.417,43.0463,-0.8842,8.0537,2.0004,99.9
KAZ,Kazakhstan,2004,43151647002.6096,9.6,2722.4741,6.8821,,8.4,8291458.0,15850159.0,65.04,96.4092,52.5004,43.9088,0.7773,13.0129,2.6504,100.0
KAZ,Kazakhstan,2005,57123671733.8952,9.7,3577.358,7.58,,8.13,8337504.0,15968117.0,65.356,97.7625,53.1944,44.5681,0.6275,4.4571,2.9617,100.0
KAZ,Kazakhstan,2006,81003864630.018,10.7,5030.1349,8.7217,,7.79,8453665.0,16103716.0,65.722,91.4535,50.9753,40.4782,-1.0157,9.3961,3.2684,99.8
KAZ,Kazakhstan,2007,104849915058.376,8.9,6449.4393,10.8468,,7.26,8619958.0,16257214.0,66.18,92.1616,49.3128,42.8488,-4.5462,11.419,4.02,100.0
KAZ,Kazakhstan,2008,133441648851.982,3.3,8123.5471,17.1399,,6.63,8777583.0,16426525.0,66.759,94.2948,57.1464,37.1484,0.9648,12.6039,11.0,100.0
KAZ,Kazakhstan,2009,115308686941.38,1.2,6938.0118,7.3161,,6.55,8839321.0,16619846.0,67.46,75.7661,41.8384,33.9276,-0.1165,12.3806,18.2,100.0
KAZ,Kazakhstan,2010,148047348240.643,7.3,8793.0759,7.4005,,5.77,8911594.0,16836810.0,68.257,74.1383,44.2442,29.8941,1.809,5.0363,31.6,100.0
KAZ,Kazakhstan,2011,192626464617.071,7.4,11287.1465,8.4529,,5.39,8977212.0,17066002.0,69.108,73.1179,46.4647,26.6532,7.303,7.1435,50.6,99.8
KAZ,Kazakhstan,2012,207998568865.789,4.8,12018.7967,5.1957,,5.29,9036145.0,17306106.0,69.939,73.7237,44.1097,29.6141,1.2638,6.5616,61.9066,100.0
KAZ,Kazakhstan,2013,236634603409.089,6.0,13478.4596,5.9428,,5.2,9093794.0,17556502.0,70.719,65.4076,38.617,26.7906,1.9132,4.2307,63.3042,100.0
KAZ,Kazakhstan,2014,221415613595.469,4.2,12427.7095,6.8494,,5.06,9151563.0,17816285.0,71.415,64.972,39.3418,25.6303,-1.2884,3.3006,66.0,100.0
KAZ,Kazakhstan,2015,184388404706.042,1.2,10196.1226,6.6783,,4.93,9211841.0,18084169.0,72.024,53.0497,28.5167,24.533,-5.4122,3.5674,70.8299,100.0
KAZ,Kazakhstan,2016,137278320084.171,1.1,7475.5669,14.3611,,4.96,9280982.0,18363600.0,72.549,60.3116,31.8439,28.4677,-5.0733,12.5466,74.5877,100.0
KAZ,Kazakhstan,2017,166805788827.233,4.1,8943.0842,7.4427,,4.9,9361725.0,18651931.0,72.996,56.8254,32.3978,24.4276,-2.0543,2.8521,76.4267,100.0
KAZ,Kazakhstan,2018,179339977690.485,4.1,9472.4853,6.1637,,4.85,9452255.0,18932727.0,73.369,63.528,37.6252,25.9027,-0.9846,0.197,78.9039,100.0
KAZ,Kazakhstan,2019,181667184854.501,4.5,9457.1261,5.3336,,4.8,9556218.0,19209555.0,73.658,64.8586,36.439,28.4196,-3.8684,2.0537,81.8776,100.0
KAZ,Kazakhstan,2020,171082365861.423,-2.5,8781.508,6.7182,,4.89,9543571.0,19482117.0,71.195,57.0264,30.5289,26.4975,-6.4618,4.212,85.9426,100.0
KAZ,Kazakhstan,2021,197112255360.612,4.3,9983.601,8.0415,,5.568,9656830.0,19743603.0,70.131,58.6686,33.6449,25.0237,-1.3594,2.3168,90.924,100.0
KAZ,Kazakhstan,2022,225496328925.494,3.2,11255.3396,15.0279,,4.86,9896969.0,20034609.0,73.503,68.3343,41.569,26.7653,2.8543,2.2536,92.2969,100.0
KAZ,Kazakhstan,2023,261840101059.923,5.1,12879.4275,14.5276,,4.835,10084786.0,20330104.0,74.402,62.3343,34.6506,27.6837,-3.1639,2.1859,92.8785,100.0
KAZ,Kazakhstan,2024,291480274648.826,5.0,14154.6325,8.6908,,4.833,10266072.0,20592571.0,74.531,57.1613,31.5872,25.5742,-2.3205,0.7181,93.3917,100.0
KAZ,Kazakhstan,2025,306239209650.024,6.5,14692.1332,11.3879,,4.771,10009918.0,20843754.0,,,,,-4.0658,-0.2992,,
KEN,Kenya,2000,12705350097.8044,0.5997,414.6264,9.98,15.3274,2.884,11981408.0,30642890.0,56.084,53.309,21.5876,31.7215,-1.5694,0.8729,0.3181,15.2
KEN,Kenya,2001,12986007425.8781,3.7799,410.7005,5.7386,17.8125,2.876,12475700.0,31619170.0,56.501,55.9468,22.9316,33.0153,-2.4663,0.0408,0.6198,17.0
KEN,Kenya,2002,13147736898.5176,0.5469,402.9364,1.9613,17.3581,2.916,12985820.0,32629808.0,56.759,55.1727,24.898,30.2747,-0.895,0.2101,1.2078,18.9
KEN,Kenya,2003,14904517649.8476,2.9325,442.8985,9.8157,9.7705,2.869,13497803.0,33652223.0,57.369,54.1323,24.0868,30.0455,0.8885,0.5484,2.9419,16.0
KEN,Kenya,2004,16095337093.8366,5.1043,463.6628,11.624,5.0453,2.844,14027425.0,34713455.0,57.947,59.477,26.6103,32.8667,-0.8187,0.2862,3.0235,22.6
KEN,Kenya,2005,18737895512.7378,5.9067,523.4563,10.3128,7.61,2.739,14559284.0,35796484.0,58.51,64.4789,28.509,35.9698,-1.3466,0.1132,3.1019,24.5
KEN,Kenya,2006,25825512284.2891,6.4725,699.8024,14.4537,-8.0099,2.673,15091974.0,36904008.0,59.059,55.2365,22.9849,32.2515,-1.9765,0.1962,3.6,26.4
KEN,Kenya,2007,31958195182.2406,6.8507,840.2014,9.7589,4.8191,2.642,15623317.0,38036349.0,59.407,53.8948,21.919,31.9758,-3.2294,2.2812,4.4,28.3
KEN,Kenya,2008,35895153327.8497,0.2323,915.5444,26.2398,-0.985,2.751,16164677.0,39206351.0,59.955,57.5786,22.6741,34.9045,-5.5233,0.2663,5.2,30.3
KEN,Kenya,2009,42347217912.9176,3.3069,1047.9678,9.2341,-10.096,2.816,16722668.0,40408891.0,60.483,45.9452,18.7749,27.1702,-3.9873,0.2745,6.1,23.0
KEN,Kenya,2010,45405615063.7551,8.0585,1091.5187,3.9614,12.527,2.793,17284448.0,41598567.0,60.915,50.3943,20.1244,30.2699,-5.2167,0.3922,7.2,19.2
KEN,Kenya,2011,46869473150.61,5.1211,1096.145,14.0225,4.5262,2.699,17856484.0,42758461.0,61.283,58.4022,21.5495,36.8527,-8.1488,3.0947,8.8,36.2
KEN,Kenya,2012,56396704671.5777,4.5687,1285.0054,9.3778,9.3135,2.678,18441629.0,43888303.0,61.537,51.6237,19.8649,31.7587,-7.4759,2.4473,10.5,38.1
KEN,Kenya,2013,61671440407.8387,3.7978,1370.8789,5.7175,9.2939,2.762,19043674.0,44986791.0,61.729,47.4646,17.7922,29.6725,-7.8515,1.8142,13.0,40.1
KEN,Kenya,2014,68285796514.2896,5.0201,1482.8157,6.8782,8.2491,2.767,19660028.0,46051440.0,61.99,46.1705,16.4728,29.6977,-9.34,1.2022,16.5,36.0
KEN,Kenya,2015,70120446896.8359,4.9677,1489.1196,6.5822,6.2688,2.762,20289697.0,47088526.0,62.279,40.3274,15.1287,25.1987,-6.3046,0.8838,16.5879,41.6
KEN,Kenya,2016,74815144163.8931,4.2135,1554.1261,6.2972,10.1181,2.757,20945264.0,48139687.0,62.526,34.865,13.2497,21.6153,-5.397,0.6276,16.6,53.1
KEN,Kenya,2017,82036510877.2599,3.838,1667.4845,8.0056,5.6567,3.542,20983194.0,49197766.0,62.725,35.9951,12.7367,23.2584,-6.9968,1.6408,17.8271,55.8
KEN,Kenya,2018,92202979985.2863,5.6479,1836.4528,4.6898,8.488,4.284,20958591.0,50207107.0,62.825,34.4148,12.542,21.8728,-5.4111,0.8327,19.5,61.2
KEN,Kenya,2019,100378436207.371,5.1142,1960.4081,5.2396,7.8311,5.014,20875750.0,51202827.0,62.939,31.7595,11.428,20.3315,-5.2385,0.4682,22.6688,69.7
KEN,Kenya,2020,100657505750.545,-0.2728,1927.6646,5.4052,6.7146,5.613,21267487.0,52217334.0,61.596,30.3991,11.441,18.9581,-3.2691,-0.0054,24.7228,71.5
KEN,Kenya,2021,109703658904.994,7.5905,2061.3562,6.1079,7.4276,5.693,22012863.0,53219166.0,61.225,35.002,13.1097,21.8923,-4.599,0.3826,26.9629,76.5
KEN,Kenya,2022,114448978152.637,4.86,2109.5629,7.6599,5.0289,5.565,22679572.0,54252461.0,63.549,40.2753,15.957,24.3183,-4.2,0.6916,29.4059,76.0
KEN,Kenya,2023,107500884685.013,5.72,1942.588,7.6714,7.7528,5.409,23353083.0,55339003.0,63.646,40.9338,16.7133,24.2204,-2.5455,0.4725,32.0704,76.2
KEN,Kenya,2024,120397537849.826,4.6602,2133.4619,4.4898,13.0154,5.487,24031329.0,56432944.0,63.834,40.0063,16.855,23.1513,-1.2872,0.3849,34.9762,77.0
KEN,Kenya,2025,135941278878.815,4.6326,2362.8609,4.0691,,5.449,24711751.0,57532493.0,,37.521,15.7641,21.757,,,,
KGZ,Kyrgyz Republic,2000,1369688498.0678,5.4433,279.6217,18.7007,23.0504,2.143,2126902.0,4898362.0,68.5585,89.4309,41.8479,47.5831,-5.5549,-0.1723,1.0414,99.6
KGZ,Kyrgyz Republic,2001,1525116370.2794,5.3216,308.4113,6.9197,30.5208,2.273,2145499.0,4945073.0,68.7073,73.7469,36.7246,37.0223,-1.2453,0.3283,3.0029,99.5
KGZ,Kyrgyz Republic,2002,1605643104.7302,-0.0173,321.7268,2.1342,33.1909,2.416,2192597.0,4990704.0,68.1561,82.9207,39.5814,43.3394,-1.8259,0.2903,2.9993,100.0
KGZ,Kyrgyz Republic,2003,1919008090.4964,7.0303,380.5058,2.9746,19.3088,2.548,2205060.0,5043308.0,68.2561,83.9328,38.6811,45.2517,-2.1973,2.3733,3.9088,99.4
KGZ,Kyrgyz Republic,2004,2211534585.0034,7.0268,433.2339,4.1107,17.3475,2.68,2220055.0,5104713.0,68.1537,93.8157,42.5559,51.2598,1.3238,7.9338,5.0904,99.3
KGZ,Kyrgyz Republic,2005,2460246766.414,-0.1755,476.5482,4.3387,13.414,2.816,2269857.0,5162640.0,67.9561,95.084,38.3056,56.7784,-1.5218,1.7301,10.5338,99.4
KGZ,Kyrgyz Republic,2006,2834168889.4202,3.1029,543.1135,5.5521,12.5061,2.962,2299928.0,5218373.0,67.6951,120.75,41.7206,79.0294,-10.0954,6.4224,12.3069,98.9
KGZ,Kyrgyz Republic,2007,3802570552.561,8.5429,721.7716,10.2301,7.2617,3.094,2297469.0,5268385.0,67.8951,137.0584,52.913,84.1454,-5.986,5.4679,14.03,99.5
KGZ,Kyrgyz Republic,2008,5139958909.1794,8.4016,966.3886,24.5201,3.0191,3.207,2296073.0,5318729.0,68.4512,146.1061,53.549,92.5571,-13.8764,7.3345,15.7,99.5
KGZ,Kyrgyz Republic,2009,4690061380.6025,2.8863,870.1989,6.8366,21.7404,3.343,2330184.0,5389643.0,69.1024,133.3792,54.6983,78.6808,-4.3142,4.0378,16.0,99.5
KGZ,Kyrgyz Republic,2010,4794361863.0135,-0.4716,876.9545,7.9677,12.438,3.503,2377173.0,5467059.0,69.3,133.2329,51.5543,81.6785,-9.8983,9.8609,16.3,99.0
KGZ,Kyrgyz Republic,2011,6197765984.2847,5.9563,1117.4017,16.6363,1.059,3.644,2443159.0,5546587.0,69.6024,136.1798,54.5385,81.6414,-7.6973,11.0646,17.5,98.3
KGZ,Kyrgyz Republic,2012,6605142884.3622,-0.0882,1168.6224,2.7684,13.1976,3.786,2407004.0,5652076.0,70.0024,139.6759,44.4042,95.2717,-15.5252,3.9504,19.8,99.8
KGZ,Kyrgyz Republic,2013,7335033800.5906,10.9155,1269.663,6.6138,17.5906,3.881,2327447.0,5777150.0,70.2024,134.0268,42.2502,91.7766,-13.7754,8.3438,23.0,98.9
KGZ,Kyrgyz Republic,2014,7468102412.6824,4.024,1264.5267,7.5342,10.8087,4.02,2395065.0,5905848.0,70.4024,125.1262,37.4487,87.6775,-17.4244,4.593,28.3,99.8
KGZ,Kyrgyz Republic,2015,6678177511.6631,3.8758,1105.6519,6.5033,19.5334,4.138,2451353.0,6040036.0,70.6512,110.9616,35.1896,75.772,-15.7592,17.1312,30.247,98.7
KGZ,Kyrgyz Republic,2016,6813095379.1187,4.3359,1103.2749,0.3888,17.4269,4.294,2484649.0,6175338.0,70.9512,105.8236,35.8254,69.9982,-11.6282,9.0887,40.5262,99.7
KGZ,Kyrgyz Republic,2017,7702938379.4204,4.7399,1221.3905,3.1753,12.6892,4.425,2432348.0,6306696.0,71.2,100.6174,34.2528,66.3646,-6.9527,-1.3918,50.8053,100.0
KGZ,Kyrgyz Republic,2018,8271106235.4155,3.7579,1283.5203,1.5427,15.5303,4.559,2549272.0,6444079.0,71.4,98.8756,31.6017,67.2738,-11.6276,1.7437,62.8,100.0
KGZ,Kyrgyz Republic,2019,9371275264.3673,4.6006,1421.9993,1.1336,8.3648,5.45,2614491.0,6590211.0,71.6,94.4303,33.4765,60.9538,-11.3841,4.3096,64.1,99.9
KGZ,Kyrgyz Republic,2020,8270468614.2405,-7.149,1229.5177,6.3254,11.1027,5.945,2587678.0,6726596.0,71.8,78.9923,29.5819,49.4104,4.5252,-4.8548,72.0,99.9
KGZ,Kyrgyz Republic,2021,9249133946.2653,5.507,1349.9973,11.905,0.543,5.149,2709138.0,6851224.0,71.9,100.2614,35.8056,64.4558,-7.9758,2.4457,77.1177,99.7
KGZ,Kyrgyz Republic,2022,12134931017.9465,8.9675,1739.7202,13.9229,-0.8293,4.767,2769026.0,6975220.0,72.0488,133.7867,46.3373,87.4494,-42.3795,0.452,84.1937,99.7
KGZ,Kyrgyz Republic,2023,15180842369.4894,9.0133,2138.2221,10.7533,-0.6285,3.498,2720905.0,7099750.0,72.2488,132.3734,36.8882,95.4852,-44.9282,1.0487,91.0444,100.0
KGZ,Kyrgyz Republic,2024,18161630698.9052,11.5397,2514.8107,4.9976,12.5826,3.491,2808345.0,7221868.0,72.4,130.1007,46.771,83.3297,-22.641,1.4059,92.0286,100.0
KGZ,Kyrgyz Republic,2025,22623752095.4613,11.096,3080.9689,8.215,,3.526,2868314.0,7343064.0,,92.4074,26.8115,65.596,,,,
KHM,Cambodia,2000,3694168979.3202,9.9936,296.4267,-0.792,,0.745,5758610.0,12462336.0,59.491,110.3971,49.3049,61.0922,-3.684,3.2026,0.047,16.6
KHM,Cambodia,2001,4145665969.9286,7.3897,327.501,-0.6006,,0.778,5954751.0,12658484.0,60.457,111.7717,51.1798,60.592,-2.1198,3.5334,0.077,9.5
KHM,Cambodia,2002,4501227626.6275,6.2651,350.1473,0.2115,,0.862,6150602.0,12855241.0,61.395,118.2696,54.189,64.0806,-2.3839,2.9093,0.227,13.1
KHM,Cambodia,2003,5046693484.3177,10.2837,386.6911,0.9417,,0.909,6346615.0,13050968.0,62.345,120.075,54.2286,65.8463,-4.6256,1.6165,0.2606,19.3
KHM,Cambodia,2004,5883297159.8735,9.4577,444.1991,4.3193,,1.004,6561970.0,13244731.0,63.256,131.3515,60.8184,70.5331,-3.109,2.2337,0.3004,14.2
KHM,Cambodia,2005,7066296463.3598,13.3033,525.7973,6.6153,,1.061,6779458.0,13439202.0,64.113,133.552,61.0399,72.512,-4.3445,5.366,0.3173,20.5
KHM,Cambodia,2006,8350531016.6575,10.9434,612.2526,5.8107,,1.16,7006763.0,13639028.0,64.886,140.3487,64.6723,75.6764,-2.8006,5.7866,0.4684,27.5
KHM,Cambodia,2007,10127916459.8983,10.3985,731.6923,8.7088,,1.257,7242199.0,13841770.0,65.549,133.7,61.1366,72.5634,-4.1798,8.5633,0.49,20.2
KHM,Cambodia,2008,12174303999.0812,7.4764,866.284,24.0969,,0.825,7248715.0,14053479.0,66.147,130.3935,61.7788,68.6147,-6.7353,6.6959,0.51,26.4
KHM,Cambodia,2009,12502901169.7377,4.0748,875.7489,-1.2417,,0.579,7740705.0,14276810.0,66.747,102.2879,46.211,56.077,-5.9299,7.4254,0.53,25.6
KHM,Cambodia,2010,13808673288.0696,5.0769,952.2746,3.9964,,0.771,8200397.0,14500726.0,67.311,109.9984,50.2265,59.7719,-7.1041,10.1698,1.26,31.1
KHM,Cambodia,2011,16032622023.8265,7.2867,1088.9815,5.4784,,0.577,8456181.0,14722584.0,67.869,109.7905,49.9212,59.8693,-6.3987,9.5985,3.1,37.4
KHM,Cambodia,2012,17826536699.8016,7.6503,1192.8026,2.9343,,0.505,8380559.0,14945085.0,68.371,116.7402,53.285,63.4552,-6.8026,11.1525,4.94,42.3
KHM,Cambodia,2013,19807135252.8649,7.8575,1305.6601,2.9416,,0.438,8249987.0,15170208.0,68.755,124.8876,56.6206,68.267,-6.5416,10.4431,6.0,50.9
KHM,Cambodia,2014,22041463967.9009,8.0003,1431.564,3.8557,,0.692,8400442.0,15396772.0,69.117,124.4549,56.6295,67.8254,-6.5518,8.409,14.0,56.1
KHM,Cambodia,2015,24174170369.0738,7.207,1547.3201,1.2239,,0.393,8465622.0,15623251.0,69.398,122.1096,55.9812,66.1284,-6.6122,7.5403,6.4332,62.7
KHM,Cambodia,2016,26556545153.3573,7.9055,1675.1956,3.0191,,0.716,8833454.0,15852803.0,69.635,122.7046,56.4318,66.2727,-6.5277,9.3232,32.3985,68.8
KHM,Cambodia,2017,29355665909.7905,8.075,1826.3539,2.9126,,0.141,8936644.0,16073372.0,69.842,121.1555,56.3001,64.8554,-6.1566,9.4976,32.9003,89.1
KHM,Cambodia,2018,33145892168.8958,8.7762,2036.6738,2.4591,,0.129,9127738.0,16274522.0,69.993,118.4377,55.4714,62.9663,-8.7358,9.6924,65.0,80.7
KHM,Cambodia,2019,36685356407.7206,7.937,2225.8771,1.9426,,0.119,9329147.0,16481304.0,70.127,115.7367,55.4469,60.2898,-7.9999,9.985,52.3059,84.0
KHM,Cambodia,2020,34818073901.4851,-3.5557,2081.7391,2.9403,,0.172,9480039.0,16725474.0,70.059,122.1054,59.9218,62.1836,-1.0001,10.4102,56.3759,86.4
KHM,Cambodia,2021,36790163687.4421,3.0898,2167.4032,2.9207,,0.396,9341945.0,16974305.0,69.301,146.1798,72.361,73.8188,-29.6073,9.4685,60.7627,82.5
KHM,Cambodia,2022,39994532959.6074,5.1299,2325.0305,5.3437,,0.245,9850128.0,17201724.0,70.528,145.8736,72.2071,73.6666,-18.9572,8.9483,65.4908,92.3
KHM,Cambodia,2023,42335646895.7984,5.0073,2429.7485,2.1275,,0.256,10027889.0,17423880.0,70.668,134.2068,66.8927,67.3142,1.3047,9.351,68.9255,95.0
KHM,Cambodia,2024,46352647037.2406,6.0158,2627.8797,0.808,,0.254,10200782.0,17638801.0,70.817,143.447,71.3636,72.0834,0.4923,9.4809,68.4753,99.2
KHM,Cambodia,2025,51267065842.9641,5.3493,2872.4293,2.3513,,0.263,10367640.0,17847982.0,,136.0897,68.6465,67.4432,-3.6418,9.9461,,
KIR,Kiribati,2000,74910527.2587,6.7427,845.3672,,,,,88613.0,64.674,94.1665,10.8521,83.3144,,0.9636,1.7852,55.6
KIR,Kiribati,2001,64935850.1574,-3.1441,718.8338,,,,,90335.0,64.918,110.7847,15.5795,95.2052,,-0.4212,2.3375,57.3
KIR,Kiribati,2002,74743869.1313,1.4472,810.1087,,,,,92264.0,65.123,125.6255,19.0714,106.5541,,0.3342,2.5,59.0
KIR,Kiribati,2003,96105619.3796,-1.5755,1020.5003,,,,,94175.0,65.287,103.929,16.3335,87.5954,,0.6979,3.0,60.7
KIR,Kiribati,2004,104085892.1333,-0.609,1083.2689,,,,,96085.0,65.416,101.3597,12.1419,89.2178,,1.877,3.5,62.4
KIR,Kiribati,2005,113895437.3248,1.2924,1161.7834,,,,,98035.0,65.517,123.5943,14.1424,109.4519,,2.2881,4.0,69.7
KIR,Kiribati,2006,112338353.2647,5.7769,1123.1926,,,,,100017.0,65.601,94.0468,10.2017,83.8451,-8.6137,0.506,4.5,68.8
KIR,Kiribati,2007,138054945.6434,3.0551,1352.5781,3.5925,,,,102068.0,65.677,96.1591,15.4501,80.709,-1.8177,0.8352,6.0,67.7
KIR,Kiribati,2008,147017894.9788,-2.9847,1410.6225,13.6654,,,,104222.0,65.746,95.4419,14.1123,81.3297,-3.5691,-0.8623,7.0,69.4
KIR,Kiribati,2009,140177384.1454,0.5368,1316.6275,9.8164,,,,106467.0,65.808,97.6361,14.1366,83.4995,-11.8173,3.5637,8.97,64.2
KIR,Kiribati,2010,165458433.1276,1.226,1522.1007,-3.8996,,,,108704.0,65.859,85.6973,11.5663,74.131,0.1176,-3.9904,9.07,63.2
KIR,Kiribati,2011,195970140.1704,3.2637,1771.1293,1.4974,,,,110647.0,65.896,93.4314,13.1678,80.2636,-8.8289,-0.178,10.0,74.9
KIR,Kiribati,2012,207001545.8671,5.8037,1843.5534,-3.0459,,,,112284.0,65.908,96.1287,12.7659,83.3628,1.7488,-1.1526,10.7468,76.7
KIR,Kiribati,2013,201730860.7579,7.7309,1772.0872,-1.4881,,,,113838.0,65.898,96.7814,10.9651,85.8163,-5.0222,0.4155,11.5,78.8
KIR,Kiribati,2014,200287281.9807,1.2637,1736.7054,2.104,,,,115326.0,65.869,104.188,12.0327,92.1552,27.983,1.3142,12.25,83.4
KIR,Kiribati,2015,191559398.6883,11.2653,1639.8527,0.572,,,,116815.0,65.831,109.8891,13.9575,95.9316,29.3632,-0.428,14.9,90.6
KIR,Kiribati,2016,206467818.5032,7.088,1742.668,1.9173,,,,118478.0,65.799,111.2698,16.6173,94.6525,9.3088,0.8752,19.4194,92.6
KIR,Kiribati,2017,223029864.5419,3.712,1854.3327,0.3555,,,,120275.0,65.787,100.4918,13.2471,87.2446,31.6106,0.3519,25.3096,85.7
KIR,Kiribati,2018,233859230.1922,3.4247,1915.56,0.564,,,,122084.0,65.807,83.2436,9.0373,74.2063,32.8981,-0.4893,32.9864,87.5
KIR,Kiribati,2019,216891541.0214,3.3113,1750.2404,-1.8131,,,,123921.0,65.866,98.3566,14.9889,83.3677,40.0284,-0.2574,41.793,89.3
KIR,Kiribati,2020,220909306.7508,-1.2821,1751.872,2.5532,,,,126099.0,65.205,78.4012,10.4194,67.9818,32.266,1.1879,52.9509,91.0
KIR,Kiribati,2021,285451584.4065,8.4416,2223.5415,2.0536,,,,128377.0,64.148,74.4505,3.7677,70.6828,7.0944,0.3613,67.0876,92.8
KIR,Kiribati,2022,271214374.5006,5.0898,2078.7649,5.346,,,,130469.0,66.269,107.2198,7.5719,99.6479,-11.9917,1.5745,84.9985,94.4
KIR,Kiribati,2023,291657337.8395,3.1339,2200.6892,9.2831,,,,132530.0,66.473,106.4798,5.8583,100.6215,-1.7544,1.7523,88.0,95.9
KIR,Kiribati,2024,343153235.0771,4.6961,2550.9838,2.4555,,,,134518.0,66.6,102.1104,4.5159,97.5945,-17.351,2.3525,89.4403,97.7
KIR,Kiribati,2025,349227254.1588,4.2216,2558.6664,,,,,136488.0,,,,,-17.567,1.1915,,
KNA,St. Kitts and Nevis,2000,421695769.8439,10.0428,9319.6555,2.1489,17.8837,,,45248.0,69.249,,,,-25.4693,20.4345,5.8628,95.4
KNA,St. Kitts and Nevis,2001,458643829.0142,5.2534,10022.5919,2.3034,7.4934,,,45761.0,69.767,,,,-22.5206,18.219,7.7147,93.5
KNA,St. Kitts and Nevis,2002,481077373.67,1.3677,10453.6587,2.0411,7.1679,,,46020.0,70.194,,,,-19.9706,15.7415,21.1524,95.8
KNA,St. Kitts and Nevis,2003,469869869.8699,-3.9334,10175.6295,2.2354,10.3738,,,46176.0,70.614,,,,-17.7391,16.0706,22.9698,96.0
KNA,St. Kitts and Nevis,2004,506900000.0,3.9963,10944.6184,2.3146,6.1762,,,46315.0,70.92,,,,-7.7026,9.0746,24.7377,96.3
KNA,St. Kitts and Nevis,2005,547203703.7037,9.7328,11783.7867,3.3778,11.8512,,,46437.0,71.151,,,,-7.2318,9.9019,34.0,96.5
KNA,St. Kitts and Nevis,2006,644414814.8148,3.1504,13837.8495,8.4875,-4.2635,,,46569.0,71.356,,,,-11.0599,15.5985,38.5,96.7
KNA,St. Kitts and Nevis,2007,689285185.1852,0.6006,14757.958,4.4809,2.7781,,,46706.0,71.437,,,,-13.8969,18.2275,43.5,97.0
KNA,St. Kitts and Nevis,2008,777692592.5926,11.317,16604.9449,5.3003,7.2486,,,46835.0,71.479,,,,-17.1935,19.2571,49.2,97.3
KNA,St. Kitts and Nevis,2009,774274074.0741,-3.4047,16503.4119,2.0579,5.5134,,,46916.0,71.488,,,,-21.1253,17.2638,55.7,97.6
KNA,St. Kitts and Nevis,2010,778718518.5185,-0.0542,16622.9458,0.8509,7.9384,,,46846.0,71.452,,,,-15.3287,15.7969,63.0,99.8
KNA,St. Kitts and Nevis,2011,836092592.5926,1.6166,17832.4573,5.8352,3.5827,,,46886.0,71.4,,,,-7.8146,10.5863,63.2,100.0
KNA,St. Kitts and Nevis,2012,824585185.1852,-0.7376,17532.0559,0.8161,9.4382,,,47033.0,71.362,,,,-3.1289,13.7938,64.0,100.0
KNA,St. Kitts and Nevis,2013,874548148.1481,5.7273,18580.1302,1.107,8.436,,,47069.0,71.29,,,,-2.8646,16.4871,64.6,100.0
KNA,St. Kitts and Nevis,2014,952111111.1111,7.577,20219.3954,0.2479,7.9846,,,47089.0,71.228,,,,0.6983,16.4538,65.3818,100.0
KNA,St. Kitts and Nevis,2015,957222222.2222,0.6941,20328.8004,-2.3019,9.4679,,,47087.0,71.211,,,,-8.1072,13.4009,66.1731,100.0
KNA,St. Kitts and Nevis,2016,1006818518.5185,3.9327,21387.5416,-0.687,7.9334,,,47075.0,71.227,,,,-12.0812,12.0593,66.9739,100.0
KNA,St. Kitts and Nevis,2017,1056977777.7778,0.2209,22464.99,0.6949,4.1451,,,47050.0,71.284,,,,-10.2533,4.5437,67.7844,100.0
KNA,St. Kitts and Nevis,2018,1076548148.1481,2.0035,22901.3816,-1.0371,9.0204,,,47008.0,71.336,,,,-5.8458,3.7204,68.6048,100.0
KNA,St. Kitts and Nevis,2019,1107855555.5556,2.9382,23595.4923,-0.3296,8.5552,,,46952.0,71.54,,,,-4.7851,5.6378,69.435,100.0
KNA,St. Kitts and Nevis,2020,883922222.2222,-15.3019,18859.019,-1.1672,14.2771,,,46870.0,71.181,,,,-10.838,0.3212,70.2753,100.0
KNA,St. Kitts and Nevis,2021,858622222.2222,0.3676,18361.145,1.1957,10.7072,,,46763.0,69.271,,,,-3.3521,2.2351,74.3716,100.0
KNA,St. Kitts and Nevis,2022,981429629.6296,10.4805,21011.5744,2.6682,3.4703,,,46709.0,70.313,,,,-10.6194,4.1869,75.7623,100.0
KNA,St. Kitts and Nevis,2023,1055651851.8519,3.0213,22576.9248,3.5571,2.1642,,,46758.0,72.145,,,,-13.443,2.826,76.5895,100.0
KNA,St. Kitts and Nevis,2024,1122388888.8889,0.3122,23960.6534,,0.4337,,,46843.0,72.281,,,,-12.189,3.7496,76.884,100.0
KNA,St. Kitts and Nevis,2025,1183514814.8148,2.6886,25223.0258,,3.7379,,,46922.0,,,,,-13.7148,2.3955,,
KOR,"Korea, Rep.",2000,597487173479.109,9.2019,12710.2996,2.2592,7.5411,4.063,22567537.0,47008111.0,75.9098,64.0588,32.8643,31.1945,1.7039,1.9263,44.7,100.0
KOR,"Korea, Rep.",2001,567564806235.441,4.7259,11981.4828,4.0666,4.0252,3.699,22938753.0,47370164.0,76.4122,60.4277,30.8629,29.5649,0.3815,1.1492,56.6,100.0
KOR,"Korea, Rep.",2002,650014391470.21,7.744,13642.9425,2.7623,3.6497,3.046,23347640.0,47644736.0,76.7659,56.6689,28.8691,27.7998,0.6255,0.8423,59.4,100.0
KOR,"Korea, Rep.",2003,728516494684.269,3.0747,15211.5484,3.5149,2.58,3.348,23376928.0,47892330.0,77.2146,59.4243,30.4447,28.9795,1.5522,0.9622,65.5,100.0
KOR,"Korea, Rep.",2004,823251107638.814,5.1836,17121.6302,3.5907,2.5599,3.42,23859038.0,48082519.0,77.6659,67.9271,35.6099,32.3171,3.5578,1.6149,72.7,100.0
KOR,"Korea, Rep.",2005,971740329983.878,4.3582,20167.0475,2.7538,4.4053,3.482,23953153.0,48184561.0,78.1683,66.1695,34.1272,32.0423,1.2564,1.404,73.5,100.0
KOR,"Korea, Rep.",2006,1095175538508.19,5.245,22609.7059,2.2423,6.1608,3.254,24205394.0,48438292.0,78.6683,68.375,34.4457,33.9292,0.1913,0.8366,78.1,100.0
KOR,"Korea, Rep.",2007,1220911904593.06,5.842,25078.4854,2.5346,3.9417,3.013,24444660.0,48683638.0,79.1195,71.324,36.0415,35.2825,0.8578,0.723,78.8,100.0
KOR,"Korea, Rep.",2008,1091580692542.34,3.0044,22252.3125,4.6739,4.1086,2.959,24606329.0,49054708.0,79.5171,92.0834,45.8472,46.2362,0.1606,1.0249,81.0,100.0
KOR,"Korea, Rep.",2009,983065242417.36,0.8199,19937.3029,2.7565,2.0748,3.363,24664533.0,49307835.0,79.9683,83.1246,43.5106,39.614,3.3658,0.9177,81.6,100.0
KOR,"Korea, Rep.",2010,1192830015737.68,6.9817,24071.2621,2.9393,2.7188,3.324,24998081.0,49554112.0,80.1171,88.0279,45.2719,42.756,2.3432,0.7962,83.7,100.0
KOR,"Korea, Rep.",2011,1307103477219.1,3.688,26175.2399,4.026,4.4258,2.992,25497708.0,49936638.0,80.5683,101.6806,51.2813,50.3993,1.2729,0.7477,83.7591,100.0
KOR,"Korea, Rep.",2012,1335343586437.67,2.5477,26600.5477,2.1871,4.0514,2.812,25940388.0,50199853.0,80.8195,101.5173,52.0235,49.4937,3.6538,0.7111,84.07,100.0
KOR,"Korea, Rep.",2013,1434669686501.84,3.2914,28449.3591,1.3013,3.5283,3.067,26423747.0,50428893.0,81.2707,94.1675,49.2339,44.9337,5.3851,0.8899,84.77,100.0
KOR,"Korea, Rep.",2014,1556252422020.44,3.2147,30667.0912,1.2748,3.1786,3.082,27115956.0,50746659.0,81.722,86.9343,45.7876,41.1466,5.3352,0.5959,87.5568,100.0
KOR,"Korea, Rep.",2015,1539212301135.55,2.9203,30171.7907,0.7063,0.2953,3.546,27531028.0,51014947.0,82.0244,75.3882,40.9681,34.42,6.8294,0.2666,89.8963,100.0
KOR,"Korea, Rep.",2016,1579150518945.44,3.1715,30832.0628,0.9717,1.2787,3.65,27791833.0,51217803.0,82.2756,69.8997,38.113,31.7867,6.201,0.7665,92.843,100.0
KOR,"Korea, Rep.",2017,1710196756713.17,3.4332,33296.9845,1.9443,1.429,3.653,28106147.0,51361911.0,82.6268,73.1921,38.8489,34.3433,4.399,1.0474,95.0694,100.0
KOR,"Korea, Rep.",2018,1824251454306.83,3.1761,35363.9508,1.4758,3.0785,3.824,28257879.0,51585058.0,82.6268,74.7075,39.4523,35.2552,4.2465,0.6678,96.0229,100.0
KOR,"Korea, Rep.",2019,1751045752054.63,2.3138,33826.9443,0.383,4.0956,3.746,28561856.0,51764822.0,83.2268,71.4471,37.0413,34.4057,3.408,0.5502,96.1576,100.0
KOR,"Korea, Rep.",2020,1744070276373.34,-0.7002,33645.772,0.5373,1.1955,3.931,28369827.0,51836239.0,83.4268,65.545,34.6152,30.9298,4.3865,0.5026,96.5051,100.0
KOR,"Korea, Rep.",2021,1942313560965.9,4.613,37518.4635,2.4983,-0.2872,3.639,28560792.0,51769539.0,83.5268,75.3063,39.3388,35.9675,4.3185,1.1358,97.5713,100.0
KOR,"Korea, Rep.",2022,1799363116866.52,2.7276,34822.4048,5.0895,2.4405,2.857,29201402.0,51672569.0,82.6805,90.5851,45.2949,45.2903,1.2915,1.3919,97.1686,100.0
KOR,"Korea, Rep.",2023,1844800934391.54,1.583,35674.096,3.5975,3.0877,2.675,29587631.0,51712619.0,83.4293,82.258,41.3215,40.9365,1.7633,1.0322,97.416,100.0
KOR,"Korea, Rep.",2024,1875388209406.8,2.0036,36238.6399,2.3217,0.6345,2.784,29835657.0,51751065.0,83.6293,84.6425,44.3582,40.2843,5.3308,0.6859,97.8956,100.0
KOR,"Korea, Rep.",2025,1872374961553.15,1.007,36226.9664,2.1231,1.034,2.683,29865575.0,51684564.0,,86.3616,45.763,40.5986,6.5721,0.8441,,
KWT,Kuwait,2000,37718743480.0751,4.6946,19296.3472,1.8129,-9.6705,0.8,910204.0,1954709.0,76.2259,86.6183,56.4722,30.1462,38.8988,0.0432,6.7314,100.0
KWT,Kuwait,2001,34889559869.8326,0.2133,17374.2319,1.3,16.9081,0.8,951041.0,2008121.0,76.3843,86.8505,51.3084,35.5421,23.857,-0.3196,8.5518,100.0
KWT,Kuwait,2002,38135788413.8276,3.0143,18512.7523,0.8885,1.2686,1.1,995195.0,2059974.0,76.5316,81.2252,44.616,36.6091,11.1829,0.0095,10.249,100.0
KWT,Kuwait,2003,47874582231.588,17.326,22690.6552,0.9614,0.4729,1.3,1042008.0,2109881.0,76.6446,86.5552,52.0915,34.4637,19.685,-0.1402,22.4029,100.0
KWT,Kuwait,2004,59439090600.6108,10.2403,27552.2827,1.2486,-5.1491,1.7,1090522.0,2157320.0,76.7277,89.2976,56.9171,32.3805,26.0905,0.04,22.9271,100.0
KWT,Kuwait,2005,80798630136.9863,10.609,36122.6143,4.143,-11.721,1.455,1147148.0,2236788.0,76.8008,92.2427,63.9761,28.2666,37.2167,0.2895,25.9261,100.0
KWT,Kuwait,2006,101557330723.423,7.5148,42946.6374,3.057,-6.5396,1.3,1216034.0,2364733.0,76.8877,89.7131,65.5457,24.1674,44.6169,0.1194,28.7912,100.0
KWT,Kuwait,2007,114634043361.692,5.9916,45709.4133,5.4849,4.0543,1.5,1292295.0,2507887.0,77.0102,91.7325,63.415,28.3175,36.054,0.0973,34.8,100.0
KWT,Kuwait,2008,147379737229.753,2.4798,55585.1889,10.5827,-9.312,1.75,1374046.0,2651421.0,77.189,92.6835,66.7595,25.9239,40.8736,-0.004,42.0,100.0
KWT,Kuwait,2009,105968691905.415,-7.0761,37907.1001,4.6096,28.1581,1.64,1462198.0,2795484.0,77.4334,88.8111,59.4336,29.3774,27.3403,1.0509,50.8,100.0
KWT,Kuwait,2010,115416245241.742,-2.3705,39212.2522,4.4964,-5.1139,1.82,1557069.0,2943372.0,77.7262,97.028,66.6735,30.3545,32.0486,1.1304,61.4,100.0
KWT,Kuwait,2011,154039231245.856,9.6286,49169.6064,4.8394,-10.2659,2.051,1692834.0,3132814.0,78.0522,99.1165,73.2177,25.8988,42.9409,2.1157,65.7691,100.0
KWT,Kuwait,2012,174047662680.041,6.6259,52155.2226,3.2551,-2.3291,2.227,1839553.0,3337109.0,78.395,101.0114,74.7318,26.2796,45.46,1.6505,70.45,100.0
KWT,Kuwait,2013,174168116534.844,1.1495,49651.0439,2.6823,4.3286,2.465,1951899.0,3507844.0,78.7418,97.6055,70.861,26.7445,39.8998,0.8231,75.46,100.0
KWT,Kuwait,2014,162650450684.725,0.5009,44368.7813,2.9089,11.8256,2.9,2056020.0,3665876.0,79.0803,100.0372,68.5055,31.5317,33.1791,0.2987,78.7,100.0
KWT,Kuwait,2015,114585555688.511,0.5928,29882.2126,3.2717,40.8597,2.2,2168535.0,3834574.0,79.3766,98.7,53.7654,44.9346,7.4916,0.2484,82.0,100.0
KWT,Kuwait,2016,109406674124.652,2.9261,27323.6891,3.1984,12.1449,2.16,2282070.0,4004096.0,79.6776,96.1577,47.6323,48.5254,0.5865,0.2669,85.6,100.0
KWT,Kuwait,2017,120687539805.505,-4.7122,29047.6536,2.1718,-9.925,2.23,2397105.0,4154812.0,79.9161,97.84,51.1963,46.6437,6.4275,0.0936,98.0,100.0
KWT,Kuwait,2018,138646316350.727,2.7433,32067.9624,0.5431,-5.8151,2.202,2510334.0,4323515.0,80.1064,102.7856,57.3115,45.4742,17.3457,-0.0154,99.5988,100.0
KWT,Kuwait,2019,140856394860.529,2.2638,31707.8737,1.0918,4.927,2.213,2580640.0,4442316.0,81.9698,91.6857,52.0583,39.6275,21.4792,0.3661,99.5427,100.0
KWT,Kuwait,2020,111045470605.715,-4.8173,25236.0756,2.1017,24.6569,3.489,2417086.0,4400267.0,78.761,82.0125,43.7131,38.2994,19.8385,-0.5025,99.1059,100.0
KWT,Kuwait,2021,148350671489.144,1.6721,34018.6343,3.4236,-19.8736,2.97,2459769.0,4360865.0,78.7366,82.0004,51.7257,30.2747,23.5545,-0.1836,99.7,100.0
KWT,Kuwait,2022,183502046693.878,6.7587,39981.7691,3.9806,-11.664,2.133,2756750.0,4589643.0,80.5878,90.9188,60.4486,30.4702,34.3743,0.4099,99.7473,100.0
KWT,Kuwait,2023,165462656226.772,-1.6409,34091.9715,3.6422,14.1096,2.08,2922258.0,4853420.0,83.1878,96.0344,57.7021,38.3323,31.0621,1.278,99.7473,100.0
KWT,Kuwait,2024,160903106639.233,-1.474,32855.721,2.8986,6.729,2.151,2946067.0,4897263.0,84.5805,93.9909,55.756,38.2349,29.0253,0.382,99.7473,100.0
KWT,Kuwait,2025,157209026926.418,2.7318,32312.312,2.362,10.5207,2.181,2927890.0,4865298.0,,,,,22.6972,0.2628,100.0,
LAO,Lao PDR,2000,1731198022.4676,5.7988,318.7499,25.0846,5.7711,2.045,1904793.0,5431212.0,58.317,68.8373,30.662,38.1753,-0.4893,1.9576,0.111,42.6
LAO,Lao PDR,2001,1768619058.3465,5.7514,320.316,7.8118,15.8895,1.881,1945729.0,5521482.0,58.887,65.8994,27.8732,38.0263,-3.8068,1.3516,0.1817,45.3
LAO,Lao PDR,2002,1758176653.0775,5.9187,313.3508,10.6313,21.6471,1.775,1988712.0,5610889.0,59.302,67.2549,28.7525,38.5024,0.4705,0.2532,0.2679,46.3
LAO,Lao PDR,2003,2023324407.2841,6.067,355.0972,15.4894,15.0286,1.639,2032873.0,5697945.0,59.643,60.5721,23.5004,37.0717,-1.4682,0.963,0.3339,48.0
LAO,Lao PDR,2004,2366398119.8632,6.3577,409.2963,10.4623,16.7671,1.498,2077187.0,5781626.0,60.08,66.0798,24.9121,41.1676,-7.532,0.7149,0.3614,53.5
LAO,Lao PDR,2005,2735558734.7379,7.1076,466.0615,7.1654,16.7461,1.35,2126841.0,5869523.0,60.688,71.7926,28.9637,42.8289,-6.3529,1.0133,0.8504,57.2
LAO,Lao PDR,2006,3455030060.9785,8.6193,579.3919,6.5456,17.3231,1.199,2188184.0,5963200.0,61.074,81.9614,38.1551,43.8063,2.1797,5.4214,1.1699,57.0
LAO,Lao PDR,2007,4223152739.0405,7.5968,697.323,4.662,19.6035,1.068,2256582.0,6056236.0,61.694,79.2126,33.6143,45.5983,3.301,7.6606,1.64,55.0
LAO,Lao PDR,2008,5446433157.4011,7.8249,885.7474,7.6288,13.9042,0.944,2323357.0,6148969.0,62.248,81.8492,33.1541,48.6951,1.4238,4.182,3.55,66.0
LAO,Lao PDR,2009,5836137329.633,7.5018,935.0324,0.1412,28.544,0.835,2388020.0,6241642.0,63.023,76.9308,30.0831,46.8478,-1.0436,5.4591,6.0,67.4
LAO,Lao PDR,2010,7131771014.7046,8.5269,1125.9161,5.9825,12.286,0.708,2448775.0,6334194.0,63.69,84.7203,35.384,49.3363,0.411,3.9094,7.0,70.2
LAO,Lao PDR,2011,8750104617.173,8.0387,1361.547,7.569,,0.96,2507144.0,6426590.0,64.505,91.6987,40.3432,51.3555,-2.358,3.437,9.0,70.0
LAO,Lao PDR,2012,10192846339.4029,8.0261,1563.5651,4.2551,,1.208,2563261.0,6518978.0,65.126,98.1851,37.8767,60.3084,-7.3375,6.0607,10.7477,76.4
LAO,Lao PDR,2013,11983252626.5452,8.0263,1812.5177,6.3714,,1.469,2617810.0,6611385.0,65.723,98.1791,38.1731,60.006,-7.827,5.6862,12.5,79.3
LAO,Lao PDR,2014,13279245886.3854,7.612,1981.0391,4.1292,,1.733,2671973.0,6703172.0,66.35,99.0597,40.7545,58.3052,-14.4923,6.5339,14.26,82.5
LAO,Lao PDR,2015,14426380125.6488,7.2701,2121.0134,1.2774,,2.006,2725447.0,6801645.0,66.688,85.7983,33.9523,51.8461,-15.7185,7.4708,18.2,89.7
LAO,Lao PDR,2016,15912501722.6143,7.0228,2303.2216,1.5969,,2.634,2778397.0,6908802.0,67.014,75.0919,33.2094,41.8825,-8.7036,5.8777,21.87,89.0
LAO,Lao PDR,2017,17071155481.4994,6.8925,2432.4306,0.8255,,3.268,2830876.0,7018147.0,67.345,,,,-7.3797,9.878,25.5104,93.6
LAO,Lao PDR,2018,18141641089.7963,6.248,2545.1075,2.0404,,2.897,2946540.0,7128045.0,67.594,,,,-9.0892,7.4856,36.2713,92.9
LAO,Lao PDR,2019,18740561512.5555,5.4577,2589.3208,3.3226,,2.531,3065141.0,7237636.0,67.911,,,,-7.0412,4.0315,47.0323,98.4
LAO,Lao PDR,2020,18981805250.2424,0.503,2583.7773,5.1041,,2.349,3161020.0,7346533.0,68.339,,,,-1.6038,5.0981,54.0,99.3
LAO,Lao PDR,2021,18827148530.9347,2.5284,2526.0511,3.7556,,2.08,3310087.0,7453194.0,67.807,,,,2.2926,5.6934,62.0,100.0
LAO,Lao PDR,2022,15468785203.7532,2.7074,2046.4044,22.9562,,1.209,3446569.0,7559007.0,68.715,,,,-2.9657,4.6951,64.54,100.0
LAO,Lao PDR,2023,15843155731.2552,3.7457,2066.9498,31.2301,,1.186,3512483.0,7664993.0,68.964,,,,2.5533,11.2426,64.398,96.5
LAO,Lao PDR,2024,16502933121.3379,4.1302,2123.9791,23.1306,,1.174,3578885.0,7769819.0,69.225,,,,3.2199,5.9896,65.5927,96.5
LAO,Lao PDR,2025,18302970218.5902,4.5376,2324.7635,7.7423,,1.187,3650484.0,7873046.0,,,,,,,,
LBN,Lebanon,2000,17260364842.4544,1.3419,3986.8351,,20.6704,8.641,1302966.0,4329340.0,73.895,50.1153,14.1776,35.9377,,5.7558,7.9527,99.3
LBN,Lebanon,2001,17649751243.7811,3.8397,4009.5593,,19.0042,8.499,1334625.0,4401918.0,74.354,55.5568,15.6049,39.9519,,8.2375,6.7832,99.3
LBN,Lebanon,2002,19152238805.9701,3.4231,4290.8528,,11.1144,8.248,1363504.0,4463504.0,74.836,51.0425,16.0986,34.9439,-23.7092,6.9755,7.0,99.3
LBN,Lebanon,2003,20082918739.6352,3.2271,4437.7159,,11.6659,8.061,1393524.0,4525508.0,75.275,54.0908,16.7366,37.3543,-25.5859,14.2411,8.0,99.2
LBN,Lebanon,2004,21159827992.0398,6.6794,4600.6837,,12.1935,7.85,1425884.0,4599279.0,75.693,90.9728,35.0549,55.9179,-20.8206,8.9735,9.0,99.9
LBN,Lebanon,2005,21497336498.8391,2.6858,4602.198,,11.8278,8.249,1454597.0,4671102.0,76.074,92.7627,36.6235,56.1391,-12.783,12.2038,10.14,99.2
LBN,Lebanon,2006,22022709851.4096,1.5495,4635.2514,,9.2974,8.679,1485356.0,4751136.0,75.677,91.0694,35.5897,55.4797,-5.0691,12.1444,15.0,99.4
LBN,Lebanon,2007,24827355014.9254,9.3106,5125.2581,,6.9065,8.98,1519312.0,4844118.0,76.732,97.9677,37.1415,60.8262,-6.4638,13.5978,18.74,97.8
LBN,Lebanon,2008,29118916105.4726,9.0691,5912.0453,,2.2606,7.666,1572230.0,4925354.0,76.956,106.6257,38.5457,68.08,-14.0893,14.8805,22.53,99.9
LBN,Lebanon,2009,35399582928.6899,10.2322,7090.8549,1.1951,-0.6494,6.355,1620024.0,4992287.0,77.262,90.3978,33.1957,57.2021,-19.0424,13.5697,30.14,99.3
LBN,Lebanon,2010,38443907042.1227,7.9751,7625.8105,3.9835,7.7134,6.768,1660698.0,5041288.0,77.529,95.0967,35.0231,60.0735,-19.6443,11.1328,43.68,99.5
LBN,Lebanon,2011,39927125961.5257,0.8673,7834.9626,4.9715,4.431,7.352,1702075.0,5096020.0,77.768,102.1399,36.3631,65.7768,-13.8341,7.8569,52.0,99.7
LBN,Lebanon,2012,44016799515.7546,2.5648,8406.9841,6.5815,-0.2204,7.952,1771730.0,5235742.0,77.941,88.5455,28.8092,59.7363,-23.4382,7.0685,61.2498,99.5
LBN,Lebanon,2013,46880103080.597,3.8279,8162.3793,4.821,4.65,8.477,1967961.0,5743436.0,78.037,86.1743,26.6468,59.5276,-25.5114,5.6764,70.5,99.6
LBN,Lebanon,2014,48095213746.6003,2.4841,7577.6413,1.8546,7.1613,8.84,2201139.0,6346990.0,78.148,79.8172,23.7562,56.061,-26.2299,5.9518,73.0,99.7
LBN,Lebanon,2015,49929337836.8159,0.4623,7714.11,-3.7491,3.6338,9.312,2259873.0,6472469.0,78.275,71.839,23.1397,48.6994,-17.1077,4.3247,74.0,99.7
LBN,Lebanon,2016,51147308774.1294,1.5545,8089.0121,-0.7834,7.4149,9.794,2211422.0,6323060.0,78.306,67.7236,21.7262,45.9975,-20.478,5.0217,76.11,99.8
LBN,Lebanon,2017,53027680685.9038,0.903,8608.2108,4.3214,5.3965,10.258,2158877.0,6160128.0,78.192,68.4554,21.9269,46.5285,-22.8822,4.7568,78.1808,99.9
LBN,Lebanon,2018,54901519155.5556,-1.8847,9174.5367,6.077,3.3855,10.755,2102355.0,5984119.0,78.263,68.2573,20.7545,47.5028,-24.347,4.8414,80.9,99.7
LBN,Lebanon,2019,51605959131.2741,-6.9149,8905.8801,3.0054,6.166,11.301,2042509.0,5794594.0,78.208,62.9809,20.6978,42.2832,-21.8281,3.6941,81.4812,100.0
LBN,Lebanon,2020,31712128253.7961,-21.3999,5561.1917,84.8643,,13.252,1949531.0,5702398.0,76.299,50.1298,16.3726,33.7572,-8.7618,5.0671,82.0665,100.0
LBN,Lebanon,2021,23131941556.7843,-7.0012,4045.3739,154.7561,,12.715,1884419.0,5718122.0,73.65,78.8286,26.0256,52.803,-19.6978,2.5929,82.656,100.0
LBN,Lebanon,2022,20992421948.8081,-0.6217,3654.3585,171.2055,,11.105,1815347.0,5744489.0,78.003,114.8883,34.8288,80.0595,-34.6062,2.5097,81.4648,100.0
LBN,Lebanon,2023,20078620356.9931,-0.7606,3477.7249,221.3416,,10.985,1837294.0,5773493.0,77.817,104.2064,30.5514,73.655,-28.1037,3.2644,81.7059,100.0
LBN,Lebanon,2024,25971643441.3408,-7.0799,4473.2713,45.243,,,,5805962.0,77.945,82.2324,23.3165,58.9158,,7.0944,80.634,100.0
LBN,Lebanon,2025,,,,14.5976,,,,5849421.0,,,,,,,,
LBR,Liberia,2000,874000000.0,28.6159,298.4853,,-21.6404,2.018,1285795.0,2928117.0,51.852,,,,,2.3799,0.0177,
LBR,Liberia,2001,906000000.0,2.9203,300.4638,,21.2668,2.104,1325430.0,3015338.0,53.109,,,,,0.9161,0.0338,
LBR,Liberia,2002,927000000.0,3.763,299.5364,14.1596,21.9028,2.222,1361249.0,3094782.0,54.061,,,,,0.302,0.0327,
LBR,Liberia,2003,748000000.0,-30.1451,239.7796,10.3303,1.3377,2.42,1372433.0,3119532.0,53.045,,,,,49.762,0.0319,
LBR,Liberia,2004,897000000.0,2.6198,284.1402,7.8291,1.0585,2.424,1388553.0,3156892.0,55.949,,,,-17.8068,8.4004,0.031,
LBR,Liberia,2005,949000000.0,5.2812,287.4873,10.8344,16.4627,2.413,1450884.0,3301015.0,56.765,,,,-19.341,8.7252,0.5514,
LBR,Liberia,2006,1119000000.0,8.0439,320.5581,7.3414,5.8346,2.28,1532414.0,3490787.0,57.495,,,,-15.4436,9.6387,0.53,
LBR,Liberia,2007,1373000000.0,9.5353,374.2113,11.3919,2.7036,2.232,1608430.0,3669050.0,58.147,,,,-16.2535,9.5876,0.5514,3.0
LBR,Liberia,2008,1726000000.0,7.1457,451.7139,17.4894,-2.4959,2.221,1675095.0,3821003.0,58.675,,,,-20.5275,16.4274,0.53,1.3
LBR,Liberia,2009,1768000000.0,5.3005,448.3864,7.4276,17.3828,2.241,1729659.0,3943028.0,59.106,,,,-15.6782,7.2287,2.0,1.9
LBR,Liberia,2010,1998000000.0,6.0998,492.2528,7.2899,7.2579,2.266,1781122.0,4058890.0,59.358,,,,-42.7136,103.3374,2.3,5.3
LBR,Liberia,2011,2398000000.0,8.2008,568.0879,8.4882,2.549,2.211,1863666.0,4221178.0,59.486,,,,-52.4853,86.9894,2.5,4.1
LBR,Liberia,2012,2791614000.0,7.9938,638.3688,6.8318,5.3074,2.146,1939010.0,4373043.0,59.785,,,,-59.9956,82.7472,2.6,9.3
LBR,Liberia,2013,3177198100.0,8.6873,710.7446,7.5773,8.379,2.08,1979511.0,4470239.0,59.992,,,,-32.821,62.9069,3.2,9.8
LBR,Liberia,2014,3225652000.0,0.7014,706.7145,9.8611,12.5808,2.079,2020880.0,4564293.0,59.21,,,,-19.9198,15.5587,5.41,9.4
LBR,Liberia,2015,3227075700.0,-0.0186,692.5901,7.7487,13.5355,2.557,2065640.0,4659431.0,59.248,,,,5.3024,7.2102,10.0,15.2
LBR,Liberia,2016,3398419600.0,-1.555,714.6131,8.8342,6.1857,3.081,2112365.0,4755608.0,60.483,,,,-8.1226,9.1719,15.7,17.7
LBR,Liberia,2017,3390703400.0,2.4552,699.2691,12.4196,16.2947,3.067,2158010.0,4848925.0,60.777,,,,-16.6798,7.3095,16.3,24.2
LBR,Liberia,2018,3422754800.0,1.1576,692.2031,23.5635,,3.058,2206322.0,4944726.0,60.999,,,,-19.6944,3.7727,17.2777,22.8
LBR,Liberia,2019,3319596500.0,-2.4673,658.1642,26.9663,,3.071,2258308.0,5043721.0,61.232,,,,-19.6832,2.6112,19.8958,23.1
LBR,Liberia,2020,3176126300.0,-2.9825,616.7879,16.9557,,4.102,2297082.0,5149463.0,61.267,,,,-10.3043,-2.96,22.9107,27.6
LBR,Liberia,2021,3513049500.0,4.9867,667.9661,7.8156,,3.844,2370566.0,5259323.0,61.166,,,,-2.8328,-1.1184,26.3823,29.8
LBR,Liberia,2022,4001047000.0,4.8081,744.6172,7.593,,2.956,2452391.0,5373294.0,61.934,,,,-8.7109,3.0933,30.3801,31.8
LBR,Liberia,2023,4390000000.0,4.6838,799.1945,10.0945,,2.905,2526283.0,5493031.0,62.163,,,,-11.5068,7.1135,31.2241,32.5
LBR,Liberia,2024,4779300900.0,4.0219,851.4977,8.215,,2.914,2600249.0,5612817.0,62.324,,,,2.5063,9.8663,32.2336,34.9
LBR,Liberia,2025,5245938900.0,5.0166,915.329,8.3156,,2.884,2673807.0,5731206.0,,,,,,,,
LBY,Libya,2000,38270954138.1128,3.6793,7214.1004,-2.9,-5.5662,19.275,1681222.0,5305021.0,70.542,45.2811,31.558,13.7231,16.3832,0.3684,0.187,99.8
LBY,Libya,2001,34112093927.254,-1.7628,6312.8003,-8.8139,-0.1725,19.239,1715126.0,5403639.0,70.653,43.1734,26.5407,16.6328,9.7678,-0.3899,0.3665,96.9
LBY,Libya,2002,20481889763.7795,-0.9589,3718.2943,-9.7976,-15.9118,19.281,1752290.0,5508410.0,70.788,78.8598,44.7678,34.092,3.3884,0.7079,2.2444,95.2
LBY,Libya,2003,26265625000.0,13.016,4674.0994,-2.1912,-6.4379,19.074,1792899.0,5619398.0,70.996,90.6127,57.3171,33.2957,12.9523,0.5444,2.8145,93.5
LBY,Libya,2004,33122307692.3077,4.4616,5773.7633,-2.1976,-13.4758,18.938,1836430.0,5736693.0,71.21,96.1293,63.756,32.3734,13.9362,1.0778,3.5328,91.8
LBY,Libya,2005,47334691241.4924,11.8708,8079.2496,2.6502,-17.4565,18.66,1881926.0,5858798.0,71.439,90.8609,63.7168,27.144,31.573,2.1929,3.9178,90.1
LBY,Libya,2006,60094231606.642,6.5005,10048.848,1.4593,-11.1516,18.805,1939964.0,5980211.0,71.632,97.7381,71.8393,25.8988,36.8921,3.4346,4.3011,88.4
LBY,Libya,2007,68032978390.6007,6.23,11144.9448,6.251,3.4758,18.771,2010583.0,6104380.0,71.788,102.7323,73.4325,29.2998,41.9066,6.8922,4.722,86.8
LBY,Libya,2008,86710767415.1371,-0.162,13906.1408,10.3607,-14.3153,19.041,2082345.0,6235430.0,71.936,103.2422,74.1157,29.1265,41.1733,4.7414,9.0,85.1
LBY,Libya,2009,60808562033.4191,-4.4002,9551.054,2.4599,41.0461,19.29,2153413.0,6366686.0,72.071,107.6209,63.2369,44.384,15.4264,2.2546,10.8,83.5
LBY,Libya,2010,75380825062.4216,5.0272,11600.9069,2.7999,-11.1324,19.321,2222546.0,6497839.0,72.196,98.0772,66.272,31.8052,22.2878,2.3666,14.0,81.9
LBY,Libya,2011,48169263294.1007,-50.3385,7593.8392,15.5185,-14.7518,19.504,2155869.0,6343203.0,69.95,63.0054,38.1459,24.8595,6.6275,,14.0,80.3
LBY,Libya,2012,92540938129.1315,86.8267,14975.8903,6.0598,0.017,19.03,2080669.0,6179328.0,72.188,98.2243,66.8679,31.3565,25.7576,1.5399,15.2,78.7
LBY,Libya,2013,75351107029.0605,-17.998,11951.7134,2.6058,5.9096,19.311,2135716.0,6304628.0,72.339,106.3344,59.8886,46.4458,0.0127,0.9316,16.5,77.1
LBY,Libya,2014,57372355592.022,-23.0428,8926.4207,2.4329,7.0778,19.295,2186048.0,6427252.0,71.3,76.5249,32.2383,44.2866,-33.175,,17.76,75.5
LBY,Libya,2015,48717501321.3052,-0.8427,7458.4892,10.4023,,19.69,2225653.0,6531819.0,71.644,56.9049,22.2274,34.6775,-19.1841,,25.0,73.8
LBY,Libya,2016,49912073701.298,-1.4909,7525.803,25.8539,,19.559,2263831.0,6632126.0,71.799,41.1102,14.5779,26.5323,-9.427,,35.0,72.2
LBY,Libya,2017,67157452181.7738,32.4918,9965.8324,25.8036,,19.053,2306606.0,6738770.0,72.721,47.549,27.1973,20.3517,6.5911,,47.5,70.6
LBY,Libya,2018,76686029772.1483,7.9414,11196.5855,13.1702,,18.865,2353307.0,6849055.0,73.151,63.7811,39.6135,24.1676,14.7041,,47.5,67.0
LBY,Libya,2019,69254496471.6938,-11.1961,9963.1949,-2.1622,,19.087,2397985.0,6951033.0,72.941,78.994,42.3553,36.6386,6.9555,,71.4041,68.5
LBY,Libya,2020,46854285440.642,-29.4553,6650.3381,1.447,,19.651,2237376.0,7045399.0,72.388,50.9758,20.3638,30.612,-10.2023,,74.3581,69.4
LBY,Libya,2021,35217995647.2862,28.2997,4935.8279,2.8683,,19.779,2302838.0,7135175.0,72.062,164.2841,92.0546,72.2295,16.1148,1.7122,77.4388,70.2
LBY,Libya,2022,43246297921.8499,-8.2998,5986.6369,4.5103,,19.238,2516297.0,7223805.0,74.462,156.3217,91.9809,64.3408,22.2155,1.6233,80.6472,70.0
LBY,Libya,2023,44027664915.187,10.2,6026.5152,2.3732,,18.713,2552880.0,7305659.0,69.339,161.0702,85.601,75.4692,4.2351,1.805,82.1047,73.2
LBY,Libya,2024,48487151215.345,1.9,6569.1641,2.1262,,19.085,2585950.0,7381023.0,71.121,137.5111,71.7293,65.7818,,,81.9545,77.4
LBY,Libya,2025,48098909613.6316,13.3717,6448.8242,1.8417,,18.758,2616929.0,7458555.0,,137.6586,71.7135,65.9451,,,,
LCA,St. Lucia,2000,932592592.5926,0.0487,5879.5619,3.7108,11.8153,16.49,68701.0,158616.0,70.779,,,,-17.8344,10.3032,5.0905,86.0
LCA,St. Lucia,2001,892592592.5926,-3.4081,5570.4525,5.3072,14.0128,18.538,70471.0,160237.0,71.367,,,,-18.8265,11.7435,8.1819,89.9
LCA,St. Lucia,2002,900000000.0,0.4165,5567.8943,-0.2555,12.1259,20.39,72170.0,161641.0,71.707,,,,-17.619,11.101,14.6418,87.7
LCA,St. Lucia,2003,987407407.4074,4.2646,6058.6062,1.0343,9.2875,22.18,73869.0,162976.0,72.188,,,,-20.9315,16.5934,20.9825,88.5
LCA,St. Lucia,2004,1066666666.6667,7.2674,6494.6003,1.4604,10.2898,20.97,75589.0,164239.0,72.453,,,,-14.8743,11.3957,21.3952,89.3
LCA,St. Lucia,2005,1135555555.5556,-0.4103,6863.4364,3.8983,3.4691,18.7,77341.0,165450.0,72.544,,,,-15.5065,10.1699,21.5676,90.1
LCA,St. Lucia,2006,1268319185.1852,6.1953,7611.1786,2.3956,5.3324,16.0,79125.0,166639.0,72.794,,,,-29.3296,22.7795,24.5,90.9
LCA,St. Lucia,2007,1336088814.8148,1.6916,7964.3821,2.8231,6.3046,14.0,80971.0,167758.0,72.86,,,,-18.3825,15.1934,27.9,91.8
LCA,St. Lucia,2008,1437731111.1111,4.9493,8516.9608,5.5495,7.3656,12.72,82831.0,168808.0,72.963,,,,-24.2393,13.6064,30.0,92.7
LCA,St. Lucia,2009,1401507888.8889,-2.8289,8250.5218,-0.1569,10.231,15.37,84639.0,169869.0,72.946,,,,-8.4695,9.6309,31.0,93.5
LCA,St. Lucia,2010,1482385185.1852,0.33,8673.6872,3.2503,4.9266,17.118,86415.0,170906.0,72.768,,,,-12.6704,11.753,32.5,94.2
LCA,St. Lucia,2011,1568370370.3704,4.3269,9128.9944,2.7694,8.47,18.86,88151.0,171801.0,72.962,,,,-14.3071,6.1953,34.0,95.4
LCA,St. Lucia,2012,1598207407.4074,-0.1088,9260.3001,4.1776,7.3392,19.06,92038.0,172587.0,72.86,,,,-10.0247,7.3809,45.865,95.3
LCA,St. Lucia,2013,1660392592.5926,-1.8188,9577.2173,1.4686,3.0806,22.21,93542.0,173369.0,72.687,,,,-6.5305,7.566,49.3872,97.2
LCA,St. Lucia,2014,1749185185.1852,1.3281,10044.8218,3.517,4.8389,21.583,94736.0,174138.0,72.676,,,,-2.429,3.8452,53.1797,98.1
LCA,St. Lucia,2015,1807640740.7407,0.1019,10334.9861,-0.9836,5.4426,20.84,95917.0,174905.0,72.932,,,,-0.4772,8.422,57.2633,99.0
LCA,St. Lucia,2016,1868544444.4444,3.4279,10638.1269,-3.0782,8.534,19.932,97030.0,175646.0,72.552,,,,-6.3382,8.6491,58.2226,99.8
LCA,St. Lucia,2017,1998503703.7037,3.3798,11333.1124,0.1043,4.7184,19.136,98031.0,176342.0,72.522,,,,-1.9084,4.5004,59.1601,99.9
LCA,St. Lucia,2018,2060955555.5556,2.8868,11642.6985,1.9356,7.8605,19.329,99636.0,177017.0,72.655,,,,1.4724,2.2088,60.1126,100.0
LCA,St. Lucia,2019,2090074074.0741,-1.0294,11764.3944,0.5391,5.1283,15.613,98910.0,177661.0,72.249,,,,3.334,3.6128,61.0805,100.0
LCA,St. Lucia,2020,1521740740.7407,-22.9005,8537.115,-1.7558,13.4495,25.224,77845.0,178250.0,72.308,,,,-18.66,6.5146,62.064,100.0
LCA,St. Lucia,2021,1871111111.1111,11.1467,10481.1234,2.4107,-3.4981,20.514,95353.0,178522.0,69.119,,,,-10.386,3.7531,63.0633,100.0
LCA,St. Lucia,2022,2319888888.8889,19.3457,12976.149,9.6527,2.5277,15.934,101159.0,178781.0,72.67,,,,-3.3262,2.502,66.9516,100.0
LCA,St. Lucia,2023,2441259259.2593,3.9077,13616.6398,3.8191,5.0657,12.094,100958.0,179285.0,72.697,,,,-2.1203,8.3185,67.4439,100.0
LCA,St. Lucia,2024,2605148148.1481,4.7689,14493.6585,-0.6742,4.3515,10.199,101133.0,179744.0,72.846,,,,-1.5367,7.1631,68.205,100.0
LCA,St. Lucia,2025,2656444444.4444,-0.5741,14745.8184,2.0271,3.6013,9.452,101771.0,180149.0,,,,,-6.2557,7.3021,,
LIE,Liechtenstein,2000,2483889858.3231,3.2202,76087.9111,,,,,32645.0,76.8268,,,,,799.3339,36.5152,100.0
LIE,Liechtenstein,2001,2491800558.7767,-0.7331,75067.8002,,,,,33194.0,79.2756,,,,,376.8013,45.1169,100.0
LIE,Liechtenstein,2002,2688618747.3815,-0.9939,79795.1786,,,,,33694.0,79.6366,,,,,255.3079,59.4707,100.0
LIE,Liechtenstein,2003,3070803051.4216,-1.9376,90108.3674,,,,,34079.0,79.961,,,,,563.5484,58.8097,100.0
LIE,Liechtenstein,2004,3454373797.7444,3.0392,100280.8314,,,,,34447.0,81.7707,,,,,53.4348,64.0074,100.0
LIE,Liechtenstein,2005,3659319116.8806,4.8281,105295.057,,,,,34753.0,80.6683,,,,,-7.2951,63.3714,100.0
LIE,Liechtenstein,2006,4000102086.1463,8.645,114167.9392,,,,,35037.0,80.9488,,,,,1114.9324,64.2142,100.0
LIE,Liechtenstein,2007,4601429897.2147,3.326,130492.5953,,,,,35262.0,81.2951,,,,,728.8657,65.0802,100.0
LIE,Liechtenstein,2008,5081479840.0872,1.7981,143249.2273,,,,,35473.0,82.6829,,,,,319.0973,70.0,100.0
LIE,Liechtenstein,2009,4504375348.0704,-1.1575,126024.7146,,,,,35742.0,81.5,,,,,664.5738,75.0,100.0
LIE,Liechtenstein,2010,5082337238.4472,,141089.8128,,,,,36022.0,81.8415,,,,,587.8386,80.0,100.0
LIE,Liechtenstein,2011,5739706004.8962,,158066.3694,,,,,36312.0,81.7927,,,,,460.2135,85.0,100.0
LIE,Liechtenstein,2012,5456102482.2861,,148842.0351,,,,,36657.0,82.3829,,,,,540.3669,89.4077,100.0
LIE,Liechtenstein,2013,6391708310.6773,,172823.6078,,,,,36984.0,82.261,,,,,18.069,93.8,100.0
LIE,Liechtenstein,2014,6657526979.7228,,178735.153,,,,,37248.0,82.0732,,,,,140.2934,95.21,100.0
LIE,Liechtenstein,2015,6268515276.1744,,167187.1573,,,,,37494.0,82.6561,,,,,1282.6072,96.6412,100.0
LIE,Liechtenstein,2016,6237302033.5013,,165375.4914,,,,,37716.0,82.2585,,,,,972.6935,98.0939,100.0
LIE,Liechtenstein,2017,6474308717.8529,,170547.0923,,,,,37962.0,83.7463,,,,,602.3745,99.5466,100.0
LIE,Liechtenstein,2018,6692620691.8415,,174988.7751,,,,,38246.0,83.0415,,,,,-1303.1083,,100.0
LIE,Liechtenstein,2019,6436467007.1193,,166907.8393,,,,,38563.0,84.161,,,,,,93.1461,100.0
LIE,Liechtenstein,2020,6405870210.3229,,164671.0936,,,,,38901.0,81.6585,,,,,,94.35,100.0
LIE,Liechtenstein,2021,7912602342.1889,,201944.8303,,,,,39182.0,84.4024,,,,,,95.5694,100.0
LIE,Liechtenstein,2022,7426856242.7736,,188055.0032,,,,,39493.0,84.122,,,,,,97.8807,100.0
LIE,Liechtenstein,2023,8239379403.221,,206780.5904,,,,,39846.0,84.5951,,,,,,98.1323,100.0
LIE,Liechtenstein,2024,8905764270.4054,,220167.2255,,,,,40450.0,84.2,,,,,,98.2642,100.0
LIE,Liechtenstein,2025,,,,,,,,41024.0,,,,,,,,
LKA,Sri Lanka,2000,16595882818.6857,6.0,860.1999,6.1763,,7.74,7826298.0,19293054.0,71.179,88.6364,39.0157,49.6207,-6.2882,1.0421,0.6474,70.3
LKA,Sri Lanka,2001,15749753804.8344,-1.5454,803.544,14.1585,0.5148,7.9,7959198.0,19600362.0,71.804,80.8986,37.3312,43.5674,-1.3682,1.0907,0.7938,63.6
LKA,Sri Lanka,2002,16536535647.0834,3.9647,834.936,9.551,4.6766,8.76,8042001.0,19805752.0,72.271,76.3351,34.9133,41.4218,-1.4293,1.1883,1.0504,80.7
LKA,Sri Lanka,2003,18881765437.2151,5.9403,946.3823,6.3146,1.4687,8.22,8091441.0,19951521.0,72.442,75.3362,34.6535,40.6827,-0.3745,1.2113,1.4586,75.0
LKA,Sri Lanka,2004,20662525941.2985,5.4451,1028.6207,7.5759,0.6114,8.38,8130380.0,20087605.0,68.022,79.4829,35.3309,44.152,-3.134,1.1267,1.4462,76.5
LKA,Sri Lanka,2005,24405791044.7761,6.2417,1207.2199,11.6397,0.3128,7.67,8161482.0,20216524.0,73.073,73.604,32.3369,41.2671,-2.6638,1.1161,1.792,78.1
LKA,Sri Lanka,2006,28267410542.5164,7.6683,1388.8974,10.0202,1.4136,6.5,8192105.0,20352411.0,72.825,71.2612,30.1285,41.1327,-5.2994,1.697,2.5376,82.0
LKA,Sri Lanka,2007,32350238760.4239,6.7968,1578.6345,15.8421,2.6732,5.97,8222663.0,20492545.0,72.983,68.6065,29.115,39.4915,-4.3304,1.864,3.88,80.0
LKA,Sri Lanka,2008,40713826215.0093,5.9501,1973.5848,22.5645,2.2047,5.22,8251260.0,20629378.0,72.556,63.369,24.8415,38.5276,-9.5432,1.8475,4.8245,82.9
LKA,Sri Lanka,2009,42066224093.0065,3.5389,2026.6594,3.465,9.248,5.85,8275626.0,20756435.0,70.298,49.1491,21.3284,27.8208,-0.5104,0.9604,5.8685,87.1
LKA,Sri Lanka,2010,58636049581.1712,8.016,2808.3625,6.2176,-13.17,4.784,8298948.0,20879089.0,74.463,,,,-1.8334,0.8144,6.9124,85.3
LKA,Sri Lanka,2011,67753285882.299,8.6695,3224.9575,6.7168,5.2239,4.118,8295313.0,21009048.0,74.74,,,,-6.8121,1.4109,7.9564,87.8
LKA,Sri Lanka,2012,70447216891.3366,8.6322,3327.7761,7.5429,2.5519,3.88,8326733.0,21169458.0,75.187,,,,-5.691,1.3359,9.0004,87.0
LKA,Sri Lanka,2013,76976204074.978,4.0517,3739.4318,6.9085,5.8356,4.186,8033442.0,20585000.0,75.546,,,,-3.3005,1.2115,10.0444,90.2
LKA,Sri Lanka,2014,82531125461.843,6.378,3972.0438,3.179,5.8054,4.157,8054629.0,20778000.0,75.757,,,,-2.4084,1.0828,10.5,92.7
LKA,Sri Lanka,2015,85090300895.6546,4.206,4057.7158,3.7684,3.8277,4.519,8475356.0,20970000.0,75.99,46.918,19.8934,27.0246,-2.2127,0.7987,15.2625,94.3
LKA,Sri Lanka,2016,88000210878.1236,5.0536,4149.1919,3.9589,4.7894,4.242,8605342.0,21209000.0,76.136,46.4715,19.824,26.6475,-1.98,1.0194,22.19,97.5
LKA,Sri Lanka,2017,94369350439.4732,6.4607,4398.8883,7.7041,5.7808,4.046,8776309.0,21453000.0,76.239,47.1404,20.2242,26.9162,-2.4468,1.4546,25.0755,97.5
LKA,Sri Lanka,2018,94450015982.806,2.3101,4358.561,2.135,6.9599,4.318,8523299.0,21670000.0,76.485,49.8094,21.4462,28.3631,-2.9635,1.7089,28.3362,99.6
LKA,Sri Lanka,2019,88998706177.9986,-0.2205,4081.9477,3.5284,7.0989,4.67,8697166.0,21803000.0,76.698,49.4255,21.8235,27.602,-2.0713,0.8354,32.0209,99.8
LKA,Sri Lanka,2020,84335574372.2997,-4.6245,3847.6014,6.1539,,5.364,8485010.0,21919000.0,76.928,37.0891,15.4576,21.6315,-1.4076,0.5147,36.1847,100.0
LKA,Sri Lanka,2021,88556699052.2008,4.2075,3996.9624,7.0148,,4.981,8500316.0,22156000.0,76.278,41.2288,16.9214,24.3074,-3.7087,0.6688,44.4531,100.0
LKA,Sri Lanka,2022,74143020303.663,-7.3492,3342.6365,49.7211,,4.528,8527218.0,22181000.0,77.3,46.6826,21.5596,25.123,-1.9536,1.1925,48.3,100.0
LKA,Sri Lanka,2023,84080307355.5983,-2.0289,3815.4153,16.5412,,4.528,8109783.0,22037000.0,77.483,43.3477,20.5995,22.7481,1.7116,0.848,51.2,100.0
LKA,Sri Lanka,2024,99616111265.7633,4.9924,4545.3601,-0.4294,,4.239,8304691.0,21916000.0,77.672,42.1196,19.756,22.3636,1.2105,0.7641,54.59,100.0
LKA,Sri Lanka,2025,108825231671.196,4.9534,5002.079,-4.7639,,4.005,8264760.0,21756000.0,,41.809,18.9674,22.8416,,,,
LSO,Lesotho,2000,887291687.9208,3.8755,442.7795,6.132,10.1707,16.169,876334.0,2003913.0,48.783,,,,-8.6703,3.652,0.2118,4.3
LSO,Lesotho,2001,825706961.2387,3.5616,412.6775,-9.6162,4.5582,16.081,876220.0,2000853.0,47.153,,,,3.4595,3.5963,0.2612,1.3
LSO,Lesotho,2002,775777238.5581,0.7238,388.9233,33.8126,2.5419,16.079,874139.0,1994679.0,45.95,,,,8.1876,3.6597,1.0839,3.4
LSO,Lesotho,2003,1157825434.7897,4.5598,583.27,6.6292,13.253,16.056,869919.0,1985059.0,44.921,,,,-1.4852,3.7957,1.5325,5.4
LSO,Lesotho,2004,1511236655.5205,1.6924,766.6858,5.0234,2.5316,16.154,862883.0,1971129.0,44.039,,,,1.759,3.6838,2.1755,6.8
LSO,Lesotho,2005,1682343527.4922,3.4661,861.3815,3.4379,5.4699,16.031,853090.0,1953076.0,43.611,,,,5.6879,1.631,2.5802,9.6
LSO,Lesotho,2006,1800092563.7546,4.2301,925.4675,6.0727,2.6071,16.054,847150.0,1945063.0,43.182,,,,11.9989,1.3512,2.9797,9.7
LSO,Lesotho,2007,1682131784.5136,4.1879,861.1884,8.0124,22.3046,15.942,847339.0,1953268.0,43.66,165.0489,53.2488,111.8002,18.1419,4.4954,3.4454,13.9
LSO,Lesotho,2008,1766902709.1994,5.5234,898.4825,10.7157,-0.4565,15.851,848116.0,1966541.0,44.304,161.1266,52.9185,108.2081,15.7114,0.6231,3.58,16.0
LSO,Lesotho,2009,1740894964.8051,-1.2538,878.848,-16.8597,10.4108,16.115,848288.0,1980883.0,45.055,158.8947,44.7633,114.1314,-2.9453,5.2472,3.72,17.0
LSO,Lesotho,2010,2234754241.9192,5.2697,1119.4756,-2.4052,5.5872,16.068,848407.0,1996251.0,46.045,150.1024,42.1263,107.9762,-11.002,0.4255,3.86,17.0
LSO,Lesotho,2011,2579409619.9672,4.6164,1280.7339,5.0366,0.9164,16.115,848921.0,2014009.0,46.93,149.7966,47.7228,102.0738,-11.8567,2.3716,7.0,22.5
LSO,Lesotho,2012,2477702216.2689,6.3341,1217.9307,6.0514,7.7676,15.761,850066.0,2034354.0,48.235,150.2086,41.7959,108.4126,-18.7653,2.2865,10.0,20.6
LSO,Lesotho,2013,2367112931.642,1.7925,1151.0374,4.8651,-0.3263,15.926,851501.0,2056504.0,49.547,133.3655,38.2497,95.1158,-10.758,2.1303,15.0,26.9
LSO,Lesotho,2014,2441063054.0579,1.7105,1173.5378,5.3703,-3.2408,16.066,844443.0,2080089.0,50.786,126.2925,38.1497,88.1428,-8.4202,3.8696,22.0,27.8
LSO,Lesotho,2015,2359686724.5383,3.1241,1121.1985,3.2184,0.333,16.223,837276.0,2104611.0,51.83,129.7228,42.8918,86.831,-5.7323,4.7981,25.0,31.8
LSO,Lesotho,2016,2114426452.2019,3.6089,992.4918,6.5965,11.9031,16.138,830732.0,2130422.0,52.908,136.3152,45.7797,90.5356,-10.5018,3.7473,32.4539,35.1
LSO,Lesotho,2017,2306741672.2901,-3.1382,1069.3667,4.4477,9.3727,16.379,825264.0,2157110.0,53.874,146.3668,47.4769,98.8898,-9.0107,1.8281,39.0,33.7
LSO,Lesotho,2018,2556247291.9978,-1.4806,1170.6557,4.7518,-0.3302,16.614,820144.0,2183603.0,54.638,144.435,49.8331,94.6018,-5.6237,1.599,40.8,47.0
LSO,Lesotho,2019,2390702295.8278,-1.418,1082.0571,5.1871,7.4903,16.876,814339.0,2209405.0,55.249,140.5166,46.2093,94.3073,-7.4575,1.4946,42.3017,44.6
LSO,Lesotho,2020,2053699863.9962,-8.156,918.5826,4.9781,2.2782,18.385,819139.0,2235727.0,55.133,141.0966,44.449,96.6476,-5.8902,1.3635,43.6575,47.5
LSO,Lesotho,2021,2412130056.5585,2.2667,1066.5865,6.0477,4.9309,18.214,827248.0,2261542.0,54.209,139.1865,46.1461,93.0404,-8.1279,-0.5129,45.0567,50.4
LSO,Lesotho,2022,2354980960.027,2.3878,1030.1258,8.2718,3.2733,16.623,850547.0,2286110.0,56.812,142.374,46.5064,95.8676,-11.4175,-0.3321,48.0696,50.0
LSO,Lesotho,2023,2129871529.5252,1.6943,921.4351,6.3422,10.7263,16.348,864326.0,2311472.0,57.375,140.7225,42.683,98.0395,-7.1157,-1.2042,48.9859,57.3
LSO,Lesotho,2024,2391282547.8003,5.225,1023.0423,6.1054,4.9181,16.34,878864.0,2337423.0,57.798,152.4744,49.4056,103.0687,3.7349,-0.5257,51.7966,60.6
LSO,Lesotho,2025,2573572920.0516,1.9826,1088.9628,4.2701,,16.315,889530.0,2363325.0,,153.9815,49.5308,104.4507,-0.1531,-0.2243,,
LTU,Lithuania,2000,11550695727.2335,3.4186,3300.6363,0.9816,,15.931,1685904.0,3499536.0,72.0195,83.1915,38.5073,44.6842,-5.8429,3.2922,6.4271,99.5
LTU,Lithuania,2001,12260761329.3051,6.4841,3532.5279,1.3671,,16.84,1645989.0,3470818.0,71.6585,93.4871,44.013,49.4742,-4.6781,3.6083,7.1794,99.5
LTU,Lithuania,2002,14282292664.6004,6.7198,4148.1309,0.2815,,13.008,1626250.0,3443067.0,71.761,100.3322,47.3291,53.0032,-5.0461,4.6266,17.69,99.4
LTU,Lithuania,2003,18809197969.5431,10.5519,5507.4743,-1.1343,,12.874,1681096.0,3415213.0,72.061,98.0914,46.1535,51.9379,-6.7964,1.1558,25.91,99.4
LTU,Lithuania,2004,22743164431.1972,6.502,6734.5749,1.1641,,10.684,1590937.0,3377075.0,71.961,104.0721,48.5233,55.5487,-7.7808,3.8673,31.23,99.4
LTU,Lithuania,2005,26105207115.3129,7.7314,7857.0315,2.6585,,8.325,1551720.0,3322528.0,71.2537,117.4497,55.1138,62.3359,-7.3373,4.9513,36.22,99.4
LTU,Lithuania,2006,30116192746.8942,7.3955,9210.1012,3.7391,,5.78,1509125.0,3269909.0,71.0561,124.6136,57.1651,67.4486,-10.6838,7.5022,43.9,99.4
LTU,Lithuania,2007,39729151614.6689,11.0779,12295.1213,5.7372,,4.25,1508699.0,3231294.0,70.9,116.2958,51.6006,64.6952,-15.3448,6.5481,49.9,99.4
LTU,Lithuania,2008,47831254207.5223,2.5995,14955.5345,10.9259,,5.826,1511065.0,3198231.0,71.8122,126.7597,57.5807,69.179,-13.5866,3.6112,55.22,99.4
LTU,Lithuania,2009,37494380038.9213,-14.8386,11854.3711,4.453,,13.785,1519175.0,3162916.0,72.9146,105.0403,51.6425,53.3977,2.2446,-0.9607,59.76,99.5
LTU,Lithuania,2010,36638128534.0643,0.4272,11829.1226,1.3192,,17.814,1492230.0,3097282.0,73.2683,131.6265,64.7985,66.828,0.198,3.0097,62.12,99.7
LTU,Lithuania,2011,43186501862.7907,6.3236,14261.8434,4.1303,,15.39,1480384.0,3028115.0,73.5634,149.6453,73.4692,76.1761,-3.6869,4.3551,63.64,99.7
LTU,Lithuania,2012,42709372066.8627,4.3829,14288.1853,3.09,,13.365,1471758.0,2989139.0,73.8634,156.6389,78.6261,78.0129,-1.6068,1.5856,67.23,100.0
LTU,Lithuania,2013,46303660422.0434,4.0469,15636.5253,1.0475,,11.77,1465703.0,2961250.0,73.9146,156.6266,79.0419,77.5847,1.7075,1.66,68.4529,100.0
LTU,Lithuania,2014,48306546656.9281,3.7725,16446.1647,0.1038,,10.698,1478569.0,2937253.0,74.5171,143.2901,72.6102,70.6799,3.547,0.7397,72.1335,100.0
LTU,Lithuania,2015,41540954817.2039,2.8328,14269.804,-0.8841,,9.12,1470288.0,2911109.0,74.322,138.1956,68.6044,69.5912,-2.5175,2.4962,71.3781,100.0
LTU,Lithuania,2016,42970749245.0336,2.6719,14934.2703,0.9055,,7.862,1479370.0,2877325.0,74.6707,134.6904,67.7094,66.981,-1.0146,2.7403,74.3766,100.0
LTU,Lithuania,2017,47756764508.446,4.6122,16800.151,3.7229,,7.073,1466105.0,2842639.0,75.4805,144.9184,73.6063,71.3121,1.087,2.8975,77.6153,100.0
LTU,Lithuania,2018,54261795148.5372,4.9184,19247.2315,2.6979,,6.147,1473979.0,2819200.0,75.6805,147.2021,74.5295,72.6726,0.31,2.3955,79.7226,100.0
LTU,Lithuania,2019,55122066225.796,4.6774,19608.7944,2.3345,,6.255,1481171.0,2811089.0,76.2829,148.375,76.8187,71.5563,3.7375,6.2304,81.5819,100.0
LTU,Lithuania,2020,57412038533.2718,0.0428,20428.6478,1.1999,,8.487,1494750.0,2810369.0,75.0293,135.7966,72.4347,63.3619,7.2247,7.9434,83.0555,100.0
LTU,Lithuania,2021,67072165721.2431,6.3948,23882.8669,4.6835,,7.112,1485276.0,2808380.0,74.0366,154.7263,79.5886,75.1377,1.4686,3.7387,86.9305,100.0
LTU,Lithuania,2022,70639687325.6326,2.4653,24946.5724,19.705,,5.955,1509407.0,2831639.0,75.6439,176.6318,87.2641,89.3677,-6.1189,3.4249,87.7242,100.0
LTU,Lithuania,2023,80356613554.5602,0.7395,27983.3658,9.1173,,6.841,1536989.0,2871585.0,77.2902,147.9908,75.9335,72.0572,1.0931,4.7676,88.5029,100.0
LTU,Lithuania,2024,85503938573.5664,3.0302,29603.7773,0.7157,,6.851,1554585.0,2888278.0,77.1951,142.4199,73.9407,68.4792,3.2414,5.4971,89.1612,100.0
LTU,Lithuania,2025,95210150818.3512,2.9201,32958.6706,3.7917,,6.731,1553918.0,2888774.0,,142.1063,72.984,69.1224,0.9449,3.2426,,
LUX,Luxembourg,2000,21230200537.942,6.9381,48659.6391,3.1508,,2.345,188913.0,436300.0,77.8732,272.412,147.6448,124.7673,11.798,,22.8873,100.0
LUX,Luxembourg,2001,21387550720.1937,3.0743,48440.1806,2.6638,,1.805,190351.0,441525.0,77.8244,270.7653,146.2008,124.5646,7.737,,36.1634,100.0
LUX,Luxembourg,2002,23649832386.5918,3.2253,53005.7318,2.0741,,2.621,196340.0,446175.0,77.9659,250.6892,136.3617,114.3275,7.1428,17.9417,39.84,100.0
LUX,Luxembourg,2003,29667268248.1305,2.6193,65689.3215,2.0498,,3.675,196484.0,451630.0,77.7268,244.9779,132.8481,112.1299,7.2397,14.4641,54.55,100.0
LUX,Luxembourg,2004,35064843792.8993,4.2307,76544.9171,2.2257,,5.113,202765.0,458095.0,79.122,265.2269,143.7344,121.4925,7.2048,14.7716,65.88,100.0
LUX,Luxembourg,2005,37672311222.7362,2.4825,80988.2045,2.4877,,4.488,208956.0,465158.0,79.4317,284.0772,153.8243,130.253,6.9258,12.3294,70.0,100.0
LUX,Luxembourg,2006,42910153829.6576,6.0166,90788.8164,2.6663,,4.731,212749.0,472637.0,79.2878,305.8795,167.7403,138.1392,6.6466,75.086,72.51,100.0
LUX,Luxembourg,2007,51587401415.7872,8.0985,107475.3203,2.3125,,4.065,216607.0,479993.0,79.3829,307.485,169.5767,137.9083,6.5472,-57.5323,78.92,100.0
LUX,Luxembourg,2008,58844277701.5258,-0.3023,120422.1379,3.4019,,5.06,221164.0,488650.0,80.539,292.2135,161.4948,130.7187,6.2186,12.0948,82.23,100.0
LUX,Luxembourg,2009,54467289897.5582,-3.239,109419.747,0.368,,5.194,234992.0,497783.0,80.6366,263.5327,147.9251,115.6076,5.5162,50.0395,87.31,100.0
LUX,Luxembourg,2010,56213985987.4168,3.7604,110885.9914,2.2737,,4.423,238167.0,506953.0,80.6317,293.6719,162.7099,130.962,5.8143,69.6064,90.62,100.0
LUX,Luxembourg,2011,61696281326.2453,1.0443,119025.0572,3.4107,,5.122,243685.0,518347.0,80.9878,308.7145,169.4891,139.2253,5.6295,14.3334,90.0299,100.0
LUX,Luxembourg,2012,59776383527.3602,1.6497,112584.6763,2.6628,,5.03,256283.0,530946.0,81.3927,311.7868,171.2118,140.575,5.2554,4.7245,91.9499,100.0
LUX,Luxembourg,2013,65203276466.9763,3.1717,120000.1407,1.734,,6.045,264233.0,543360.0,81.8,320.5335,176.3833,144.1502,5.2035,35.7329,93.7765,100.0
LUX,Luxembourg,2014,68804814554.646,2.6231,123678.7069,0.6285,,6.044,273158.0,556319.0,82.2293,333.4288,182.7826,150.6463,4.9286,29.1554,94.6702,100.0
LUX,Luxembourg,2015,60071584216.1375,2.2684,105462.0126,0.4747,,6.796,284538.0,569604.0,82.2927,351.132,191.8354,159.2965,5.6214,75.63,96.3767,100.0
LUX,Luxembourg,2016,62216885435.9488,4.9782,106899.2935,0.2908,,6.669,287759.0,582014.0,82.6854,348.4374,191.0986,157.3388,7.4152,28.2576,98.1367,100.0
LUX,Luxembourg,2017,65712180342.9836,1.3171,110193.2138,1.7308,,5.523,293587.0,596336.0,82.0951,353.794,192.7475,161.0465,6.1803,-41.651,97.363,100.0
LUX,Luxembourg,2018,71085623495.1145,1.6113,116926.7596,1.5282,,5.589,302446.0,607950.0,82.2951,361.8654,197.2182,164.6472,8.3199,-117.2339,97.0613,100.0
LUX,Luxembourg,2019,69872035113.6469,2.7493,112696.6491,1.7433,,5.592,312622.0,620001.0,82.639,382.6608,206.5801,176.0806,8.6208,234.3106,97.1206,100.0
LUX,Luxembourg,2020,73670782100.3909,-0.5101,116860.0282,0.82,,6.766,318373.0,630419.0,82.1439,375.5814,204.437,171.1444,4.8751,-4.5582,98.4596,100.0
LUX,Luxembourg,2021,86386759695.1653,6.9297,134965.8154,2.5269,,5.571,330815.0,640064.0,82.5976,397.5062,215.6182,181.888,4.9919,28.7187,98.6609,100.0
LUX,Luxembourg,2022,80801680397.0139,-1.0974,123719.6589,6.336,,4.588,334814.0,653103.0,82.9463,412.1772,222.3085,189.8687,5.4621,-391.5551,98.242,100.0
LUX,Luxembourg,2023,88788881539.3937,0.0994,133230.6192,3.7414,,5.184,345229.0,666430.0,83.3098,402.567,217.3798,185.1871,6.8519,-10.4511,99.3479,100.0
LUX,Luxembourg,2024,93279851863.4062,0.3586,137781.6817,2.0511,,6.4,352177.0,677012.0,83.1951,351.2679,191.533,159.735,7.1933,113.6222,98.7606,100.0
LUX,Luxembourg,2025,101157829491.107,0.6379,147252.1791,2.2572,,6.343,355974.0,686970.0,,349.8869,190.5221,159.3647,5.2275,-92.8195,99.129,
LVA,Latvia,2000,7761252607.1842,5.841,3278.179,2.6543,,14.211,1094541.0,2367550.0,70.3146,83.6121,37.7214,45.8907,-3.7456,4.177,6.3191,99.9
LVA,Latvia,2001,8190888739.6463,6.4606,3504.6183,2.487,,13.821,1093896.0,2337170.0,70.761,88.1768,38.7964,49.3804,-6.1148,2.1182,7.2193,99.9
LVA,Latvia,2002,9249030241.0186,7.6655,4003.6094,1.9389,,13.829,1115802.0,2310173.0,70.961,85.9772,37.7564,48.2208,-5.6526,1.7309,21.94,99.8
LVA,Latvia,2003,11244337719.8377,8.4291,4914.5799,2.9426,,12.061,1096482.0,2287955.0,71.2659,88.5816,37.738,50.8436,-7.5528,2.8161,26.98,99.8
LVA,Latvia,2004,13827070378.5612,8.7251,6109.7327,6.1924,,11.708,1097352.0,2263122.0,72.0268,97.2353,40.6252,56.6101,-12.1486,4.2785,38.58,99.7
LVA,Latvia,2005,16306935905.4138,11.6153,7283.7874,6.7485,,10.033,1091799.0,2238799.0,71.3561,104.5172,44.8052,59.7119,-12.1765,4.9663,46.0,99.7
LVA,Latvia,2006,20434922247.3037,12.825,9211.7374,6.5362,,7.03,1119868.0,2218357.0,70.8659,105.6953,41.9531,63.7423,-22.1217,8.3468,53.63,99.6
LVA,Latvia,2007,29420499247.7089,10.4145,13370.9789,10.093,,6.052,1137729.0,2200325.0,71.0195,100.8809,40.3864,60.4945,-21.8446,9.2229,59.17,99.7
LVA,Latvia,2008,34135200994.0067,-3.3887,15677.6081,15.4023,,7.739,1151245.0,2177322.0,72.4195,95.7682,41.2345,54.5336,-13.1349,4.2017,63.41,99.7
LVA,Latvia,2009,25691530442.035,-16.04,11996.0323,3.5341,,17.515,1104930.0,2141669.0,73.0805,88.832,43.3961,45.436,8.0144,-0.5839,66.84,100.0
LVA,Latvia,2010,23468324572.3343,-3.6613,11188.4192,-1.0846,,19.482,1058829.0,2097555.0,73.4829,110.8624,54.3655,56.4969,1.7585,2.0239,68.42,99.8
LVA,Latvia,2011,26575547900.8247,3.0363,12902.5741,4.3707,,16.206,1033285.0,2059709.0,73.5756,129.7348,61.8017,67.933,-3.5502,5.7177,69.75,99.8
LVA,Latvia,2012,27116149948.6683,7.3052,13329.35,2.2578,,15.047,1039646.0,2034319.0,73.778,133.2115,63.8315,69.38,-3.8697,3.9857,73.1199,100.0
LVA,Latvia,2013,29152128167.8438,2.0961,14484.4715,-0.0295,,11.867,1019762.0,2012647.0,73.9829,129.6772,62.576,67.1012,-2.8855,3.3935,75.2344,100.0
LVA,Latvia,2014,30277203767.4058,2.095,15185.8146,0.6205,,10.846,1005662.0,1993782.0,74.1244,130.0423,63.5721,66.4702,-1.5413,3.4518,75.8261,100.0
LVA,Latvia,2015,26344565876.8902,3.7834,13321.9753,0.1742,,9.873,1007753.0,1977527.0,74.4805,126.38,62.5956,63.7845,-0.1264,3.0854,79.2006,100.0
LVA,Latvia,2016,27117105059.5075,2.5517,13838.5267,0.1406,,9.643,1000347.0,1959537.0,74.5805,123.3305,61.9284,61.4021,1.7566,1.2369,79.8421,100.0
LVA,Latvia,2017,29391059767.4259,3.3989,15132.4958,2.9304,,8.715,995587.0,1942248.0,74.6293,128.714,64.14,64.574,1.5328,4.0488,80.1141,100.0
LVA,Latvia,2018,33247935477.3576,4.3097,17252.171,2.5345,,7.412,994948.0,1927174.0,74.7829,128.2341,63.8698,64.3643,-0.3841,1.3208,83.5772,100.0
LVA,Latvia,2019,33099503950.847,0.6754,17294.9752,2.8114,,6.312,982724.0,1913822.0,75.3878,125.2916,62.5368,62.7548,-0.1737,3.371,86.1355,100.0
LVA,Latvia,2020,33379927434.6149,-3.4692,17564.2322,0.2191,,8.098,982835.0,1900449.0,75.1854,123.8832,62.6592,61.224,3.0927,2.8141,88.898,100.0
LVA,Latvia,2021,38183326784.9335,6.9425,20261.8888,3.2758,,7.513,950956.0,1884490.0,72.9805,136.7966,66.8113,69.9853,-4.1364,9.7794,91.1796,100.0
LVA,Latvia,2022,38003198508.9107,1.9085,20221.1037,17.3103,,6.815,962817.0,1879383.0,74.278,159.8928,77.5015,82.3913,-5.4792,3.2034,91.0301,100.0
LVA,Latvia,2023,42779550936.838,-0.9416,22710.2638,8.938,,6.465,968514.0,1883710.0,75.4268,135.643,65.9897,69.6533,-3.8871,3.9483,92.1879,100.0
LVA,Latvia,2024,44001275012.6141,-0.0371,23578.9664,1.2658,,6.9,960324.0,1866124.0,76.4293,131.3096,64.8634,66.4462,-1.5633,3.4409,92.7076,100.0
LVA,Latvia,2025,48618869160.3254,2.1379,26311.9731,3.7458,,6.568,948428.0,1847785.0,,129.7245,62.573,67.1515,-3.3772,0.5013,,
MAC,"Macao SAR, China",2000,6773944355.1502,5.7471,15731.4082,-1.6097,11.8389,6.874,217883.0,430600.0,80.1829,147.7698,89.2655,58.5042,,-0.0117,13.6086,100.0
MAC,"Macao SAR, China",2001,6860272608.4521,2.8882,15810.7228,-1.9847,9.6056,6.371,220527.0,433900.0,80.5878,150.0236,91.2251,58.7984,,2.3323,22.5212,100.0
MAC,"Macao SAR, China",2002,7371692774.434,8.9048,16814.9926,-2.6375,7.5406,6.278,223356.0,438400.0,80.9463,152.3826,93.2641,59.1185,31.5286,5.3442,25.1719,100.0
MAC,"Macao SAR, China",2003,8246479565.9425,11.6434,18589.8998,-1.5625,5.949,5.995,220677.0,443600.0,81.0439,150.7884,92.8614,57.927,30.6171,6.1373,25.7421,100.0
MAC,"Macao SAR, China",2004,10643253553.184,26.6369,23407.1994,0.9807,4.0062,4.904,233377.0,454700.0,80.9927,148.9038,94.7706,54.1332,32.9551,7.2487,31.4841,100.0
MAC,"Macao SAR, China",2005,12160056122.3757,8.0779,25681.2167,4.3959,1.404,4.158,251230.0,473500.0,81.3415,136.3722,84.3864,51.9858,23.6537,14.5972,34.8629,100.0
MAC,"Macao SAR, China",2006,14874098691.9082,13.3922,29813.7877,5.15,0.9434,3.822,276137.0,498900.0,81.7293,128.7857,78.5454,50.2403,14.8927,19.6104,46.4,100.0
MAC,"Macao SAR, China",2007,18439981612.4086,14.4818,35400.2335,5.5715,-0.8723,3.269,303722.0,520900.0,81.7293,130.6706,78.8826,51.788,21.6848,28.8206,47.327,100.0
MAC,"Macao SAR, China",2008,21027018332.6663,3.3925,38888.5118,8.611,-4.2202,2.999,323790.0,540700.0,82.0268,126.6071,79.6945,46.9126,15.5618,18.9404,49.24,100.0
MAC,"Macao SAR, China",2009,21589540350.7115,1.2984,40354.281,1.1691,4.3046,3.58,324071.0,535000.0,82.1756,113.5546,78.5122,35.0424,27.5527,-1.9112,54.0,100.0
MAC,"Macao SAR, China",2010,28244172833.6035,25.1031,52596.225,2.8095,0.4223,2.84,327912.0,537000.0,82.2732,119.9384,87.4239,32.5145,38.9248,12.8496,55.198,100.0
MAC,"Macao SAR, China",2011,36848881944.6939,21.6223,67046.7284,5.8062,-2.0797,2.56,341686.0,549600.0,82.4707,122.8869,90.3399,32.547,40.3855,4.7609,60.2037,100.0
MAC,"Macao SAR, China",2012,43193350975.6862,9.2175,76058.0225,6.1074,-1.5854,1.97,352453.0,567900.0,82.4707,123.7113,90.7733,32.938,38.839,8.2553,61.31,100.0
MAC,"Macao SAR, China",2013,51559125350.236,10.7817,87107.8313,5.5006,-2.3135,1.82,366847.0,591900.0,82.722,121.3751,90.6246,30.7505,39.3291,7.3208,65.8,100.0
MAC,"Macao SAR, China",2014,54930501310.2956,-2.0387,88355.3182,6.0482,-3.1981,1.67,387049.0,621700.0,83.022,118.5808,85.6066,32.9742,32.7008,4.4133,69.7809,100.0
MAC,"Macao SAR, China",2015,44940613353.1038,-21.754,69902.9606,4.5606,0.6878,1.81,395711.0,642900.0,83.2244,119.2504,78.705,40.5455,22.9504,1.0826,77.6001,100.0
MAC,"Macao SAR, China",2016,44964868323.7558,-0.7015,68911.6756,2.369,4.3233,1.939,396434.0,652500.0,83.2756,112.8902,76.8087,36.0815,26.1339,4.1348,81.643,100.0
MAC,"Macao SAR, China",2017,50297028370.6668,9.9186,77570.9876,1.2281,3.026,1.981,391922.0,648400.0,83.5268,115.4547,80.647,34.8077,30.3688,3.3819,83.1741,100.0
MAC,"Macao SAR, China",2018,55076322634.344,6.3592,83588.2875,3.0045,1.6802,1.803,398219.0,658900.0,83.678,116.5687,82.8517,33.717,32.4261,3.126,83.7941,100.0
MAC,"Macao SAR, China",2019,55025172016.004,-2.4609,81882.6965,2.7519,2.8854,1.73,402804.0,672000.0,83.9293,115.2313,82.6468,32.5845,32.7637,11.7749,86.4679,100.0
MAC,"Macao SAR, China",2020,25280064167.7333,-54.4021,36883.6653,0.8114,5.5356,2.542,403030.0,685400.0,84.1293,123.4344,61.665,61.7694,13.0367,-24.578,87.4623,100.0
MAC,"Macao SAR, China",2021,30633941629.3633,22.4622,44884.8962,0.0265,6.1568,2.221,402627.0,682500.0,83.7293,171.316,91.8949,79.4211,6.7292,18.3728,88.4681,100.0
MAC,"Macao SAR, China",2022,24929307447.3237,-18.9569,36806.8913,1.045,4.1332,2.446,386966.0,677300.0,83.0805,170.368,84.7916,85.5764,11.9782,13.3808,89.4855,100.0
MAC,"Macao SAR, China",2023,45626467279.891,75.3084,67216.3631,0.4764,1.5638,2.206,396357.0,678800.0,83.1805,145.8745,92.417,53.4574,29.2837,2.5081,89.8264,100.0
MAC,"Macao SAR, China",2024,49467258923.3244,7.8496,72004.7437,0.6725,5.8103,2.262,403821.0,687000.0,83.3317,142.0794,92.1896,49.8898,33.7339,3.8236,89.8264,100.0
MAC,"Macao SAR, China",2025,52061007670.169,4.6711,75901.7461,0.3333,4.9693,2.347,401572.0,685900.0,,139.1405,92.2861,46.8544,,,,
MAF,St. Martin (French part),2000,,,,,,,,29996.0,76.793,,,,,,,100.0
MAF,St. Martin (French part),2001,,,,,,,,30803.0,77.009,,,,,,,99.9
MAF,St. Martin (French part),2002,,,,,,,,31604.0,77.219,,,,,,,99.9
MAF,St. Martin (French part),2003,,,,,,,,32395.0,77.419,,,,,,,99.8
MAF,St. Martin (French part),2004,,,,,,,,33171.0,77.612,,,,,,,99.8
MAF,St. Martin (French part),2005,,,,,,,,33928.0,77.802,,,,,,,99.7
MAF,St. Martin (French part),2006,,,,,,,,34658.0,77.989,,,,,,,99.7
MAF,St. Martin (French part),2007,,,,,,,,35337.0,78.16,,,,,,,99.7
MAF,St. Martin (French part),2008,,,,,,,,35958.0,78.326,,,,,,,99.7
MAF,St. Martin (French part),2009,,,,,,,,36502.0,78.513,,,,,,,99.7
MAF,St. Martin (French part),2010,,,,,,,,36856.0,78.752,,,,,,,100.0
MAF,St. Martin (French part),2011,775875748.5238,,20930.5821,,,,,37069.0,79.016,,,,,,,100.0
MAF,St. Martin (French part),2012,,,,,,,,37276.0,79.302,,,,,,,100.0
MAF,St. Martin (French part),2013,,,,,,,,37419.0,79.528,,,,,,,100.0
MAF,St. Martin (French part),2014,772921958.5295,,20638.7706,,,,,37450.0,79.727,,,,,,,100.0
MAF,St. Martin (French part),2015,,1.0,,,,,,37369.0,79.829,,,,,,,100.0
MAF,St. Martin (French part),2016,,5.0,,,,,,37175.0,79.885,,,,,,,100.0
MAF,St. Martin (French part),2017,,-8.0,,,,,,36837.0,78.762,,,,,,,100.0
MAF,St. Martin (French part),2018,,-8.0,,,,,,36012.0,80.029,,,,,,,100.0
MAF,St. Martin (French part),2019,652206037.1039,6.5,19033.065,,,,,34267.0,80.078,,,,,,,100.0
MAF,St. Martin (French part),2020,,-12.5,,,,,,31786.0,80.085,,,,,,,100.0
MAF,St. Martin (French part),2021,649206262.8475,4.9,21668.3777,,,,,29961.0,80.206,,,,,,,100.0
MAF,St. Martin (French part),2022,,,,,,,,28870.0,80.236,,,,,,,100.0
MAF,St. Martin (French part),2023,,,,,,,,27515.0,80.224,,,,,,,100.0
MAF,St. Martin (French part),2024,,,,,,,,26129.0,80.438,,,,,,,100.0
MAF,St. Martin (French part),2025,,,,,,,,24941.0,,,,,,,,
MAR,Morocco,2000,43017455401.8445,2.5822,1499.1074,1.8946,,13.58,9622622.0,28423435.0,66.794,53.4403,24.1968,29.2435,-1.1039,0.9916,0.6938,69.8
MAR,Morocco,2001,43831480207.6444,7.7218,1506.2452,0.6198,,12.46,9824822.0,28814643.0,67.2,53.4916,25.3955,28.096,3.6756,6.4441,1.3714,71.6
MAR,Morocco,2002,47077192187.6418,3.7302,1596.0206,2.7956,,11.59,9924141.0,29198142.0,67.582,54.3101,25.9444,28.3657,3.1372,1.0204,2.3733,73.3
MAR,Morocco,2003,58029363354.2757,6.1711,1941.8726,1.1677,,11.92,10130763.0,29571415.0,67.958,52.3319,24.6765,27.6554,2.7258,3.9856,3.3534,75.1
MAR,Morocco,2004,66114145451.0067,4.5714,2183.5554,1.4934,,10.83,10344794.0,29953018.0,68.272,55.5516,25.3492,30.2024,1.4665,1.3512,11.6079,78.2
MAR,Morocco,2005,68852658068.6673,3.1922,2242.9883,0.9826,,11.01,10570285.0,30358144.0,68.748,61.4938,27.9959,33.4979,1.5113,2.4264,15.0844,78.6
MAR,Morocco,2006,75883823300.8545,7.7908,2438.1265,3.2848,,9.67,10794828.0,30771178.0,69.157,64.6722,29.629,35.0432,1.8597,3.2428,19.7712,96.5
MAR,Morocco,2007,86947913286.728,3.4411,2755.5859,2.0421,,9.56,11012488.0,31186468.0,69.62,71.3496,31.4278,39.9219,-0.1404,3.25,21.5,82.2
MAR,Morocco,2008,101822906949.063,5.6845,3183.2004,3.7148,,9.57,11222651.0,31606767.0,70.051,77.8345,32.4722,45.3622,-4.4474,2.4221,33.1,84.1
MAR,Morocco,2009,101154952240.881,3.7458,3119.5886,0.9719,,8.96,11317347.0,32030778.0,70.454,62.371,25.7172,36.6538,-4.9146,1.9478,41.3,85.9
MAR,Morocco,2010,100865329473.44,3.4996,3067.9854,0.9936,,9.09,11402901.0,32467016.0,70.821,69.542,29.7889,39.753,-3.8915,1.23,52.0,95.7
MAR,Morocco,2011,110080631332.375,5.5246,3301.9888,0.9069,,8.91,11491567.0,32912588.0,71.263,76.8259,31.9545,44.8714,-7.267,2.2905,46.1075,96.1
MAR,Morocco,2012,106937392311.129,3.0623,3164.1772,1.2871,,8.99,11505127.0,33355241.0,71.674,78.2221,32.0971,46.125,-8.9503,2.6576,55.4161,96.4
MAR,Morocco,2013,115739287305.08,4.1222,3379.7432,1.8807,,9.23,11668836.0,33787571.0,72.117,73.8578,30.2533,43.6045,-6.7773,2.9039,56.0,97.2
MAR,Morocco,2014,119130841411.664,2.7192,3435.407,0.4423,,9.7,11789129.0,34204780.0,72.522,71.8936,30.133,41.7606,-5.5378,2.9593,56.7746,97.3
MAR,Morocco,2015,110413823841.592,4.3446,3146.2478,1.5579,,9.46,11817289.0,34607588.0,72.894,67.2887,29.9959,37.2928,-1.9569,2.9461,57.08,97.3
MAR,Morocco,2016,111572947004.917,0.5212,3140.8555,1.6353,,9.3,11764216.0,35023457.0,73.228,71.1227,30.7346,40.3881,-3.7461,1.93,58.2712,97.8
MAR,Morocco,2017,118540573367.844,5.0579,3296.5266,0.7547,,9.22,11672302.0,35446392.0,73.608,74.1734,32.6065,41.5669,-3.1021,2.2609,61.7622,100.0
MAR,Morocco,2018,127341147581.818,3.0656,3501.698,1.8039,,9.272,11919387.0,35839760.0,73.946,77.2549,33.8284,43.4265,-4.8729,2.7834,64.8039,98.1
MAR,Morocco,2019,128920266409.458,2.891,3508.0977,0.3034,,9.191,12163466.0,36210898.0,74.245,75.9981,34.0931,41.9051,-3.4182,1.3348,84.1204,99.6
MAR,Morocco,2020,121353645057.144,-7.1782,3268.0303,0.706,,11.189,11894936.0,36584208.0,73.133,68.8438,30.7941,38.0497,-1.1276,1.1691,84.1204,100.0
MAR,Morocco,2021,142022058447.231,8.1547,3785.9363,1.402,,10.551,12266110.0,36954442.0,73.385,75.5234,33.1361,42.3873,-2.3579,1.5942,88.1303,100.0
MAR,Morocco,2022,131245312804.483,1.8127,3463.1377,6.657,,9.413,12170356.0,37329064.0,75.161,100.9063,44.7116,56.1947,-3.6575,1.7481,89.9,100.0
MAR,Morocco,2023,146036093666.762,3.6556,3813.7261,6.0911,,8.896,12335833.0,37712505.0,75.313,93.1179,42.4176,50.7003,-1.0477,0.7259,91.0,100.0
MAR,Morocco,2024,160610994054.734,3.7934,4153.1943,0.9853,,9.103,12497271.0,38081173.0,75.493,92.1872,41.9985,50.1887,-1.2307,1.0885,91.2,100.0
MAR,Morocco,2025,182374250612.28,4.5952,4672.4683,0.7019,,9.0,12631464.0,38430770.0,,93.1017,41.9692,51.1324,-2.4981,1.8195,,
MCO,Monaco,2000,2654462465.8824,3.9102,81789.0145,,,,,32455.0,82.121,,,,,,42.1849,100.0
MCO,Monaco,2001,2673722828.622,2.1877,82402.7746,,,,,32447.0,82.485,,,,,,46.6461,100.0
MCO,Monaco,2002,2919647992.1961,1.0265,90051.4463,,,,,32422.0,83.055,,,,,,48.0471,100.0
MCO,Monaco,2003,3597090047.0588,1.0875,111110.4605,,,,,32374.0,83.613,,,,,,49.4912,100.0
MCO,Monaco,2004,4043553260.5792,2.4705,125160.2829,,,,,32307.0,84.151,,,,,,52.4902,100.0
MCO,Monaco,2005,4204651893.5409,1.8954,130538.7114,,,,,32210.0,84.34,,,,,,55.4648,100.0
MCO,Monaco,2006,4586828062.2353,5.8176,143083.5094,,,,,32057.0,84.194,,,,,,61.476,100.0
MCO,Monaco,2007,5875787545.3334,14.4375,184558.4554,,,,,31837.0,83.903,,,,,,64.3777,100.0
MCO,Monaco,2008,6502945305.0781,0.7469,204263.8932,,,,,31836.0,83.827,,,,,,67.25,100.0
MCO,Monaco,2009,5474381527.6172,-11.337,169150.3376,,,,,32364.0,84.187,,,,,,70.1,100.0
MCO,Monaco,2010,5367561640.0,2.0652,161853.9227,,,,,33163.0,84.644,,,,,,75.0,100.0
MCO,Monaco,2011,6088690667.3152,7.0224,179364.0095,,,,,33946.0,85.01,,,,,,80.3,100.0
MCO,Monaco,2012,5742748405.5469,1.0122,165444.6258,,,,,34711.0,85.045,,,,,,87.0,100.0
MCO,Monaco,2013,6555590641.5687,9.5771,184940.6337,,,,,35447.0,85.056,,,,,,90.7,100.0
MCO,Monaco,2014,7070015473.9608,7.187,195693.5195,,,,,36128.0,85.093,,,,,,92.4,100.0
MCO,Monaco,2015,6264753585.625,4.9104,170437.0211,,,,,36757.0,85.323,,,,,,93.3633,100.0
MCO,Monaco,2016,6471287668.5992,3.0084,173604.6697,,,,,37276.0,85.63,,,,,,95.2082,100.0
MCO,Monaco,2017,6430258224.5883,-3.2062,170663.4701,,,,,37678.0,85.878,,,,,,97.053,100.0
MCO,Monaco,2018,7184336760.3921,5.6979,188298.3897,,,,,38154.0,86.084,,,,,,,100.0
MCO,Monaco,2019,7383494129.4117,7.1209,193746.7299,,,,,38109.0,86.151,,,,,,98.0,100.0
MCO,Monaco,2020,6730733230.8171,-13.2391,176891.8063,,,,,38050.0,86.089,,,,,,98.5708,100.0
MCO,Monaco,2021,8623241326.744,22.2322,223823.3272,,,,,38527.0,85.113,,,,,,99.0776,100.0
MCO,Monaco,2022,8800432773.7354,11.2663,226052.0607,,,,,38931.0,85.746,,,,,,98.7519,100.0
MCO,Monaco,2023,10003897341.1766,5.444,256799.9112,,,,,38956.0,86.372,,,,,,98.8705,100.0
MCO,Monaco,2024,11125788838.2812,8.5105,288001.5749,,,,,38631.0,86.497,,,,,,99.0449,100.0
MCO,Monaco,2025,,,,,,,,38341.0,,,,,,,,
MDA,Moldova,2000,1288429391.7995,2.1077,440.5387,31.2993,5.064,8.539,1340815.0,2924668.0,67.462,126.1631,49.6001,76.563,-7.6209,9.8989,1.2828,98.7
MDA,Moldova,2001,1480673594.056,6.1,507.4041,9.7647,14.814,7.366,1309886.0,2918135.0,67.672,124.5007,50.055,74.4457,-1.8086,6.986,1.4878,98.8
MDA,Moldova,2002,1661818168.4226,7.8,570.7999,5.3012,12.4689,6.845,1306607.0,2911385.0,67.793,129.8395,52.4639,77.3756,-1.1915,5.0577,3.7872,99.0
MDA,Moldova,2003,1980907434.7683,6.6,682.3191,11.7461,3.8507,6.378,1318632.0,2903198.0,67.9,140.0565,53.3132,86.7433,-6.5692,3.723,7.4075,98.8
MDA,Moldova,2004,2598249555.8998,7.4,897.1785,12.5243,11.9933,6.374,1278631.0,2896023.0,68.017,132.6991,51.1939,81.5052,-1.7754,5.812,10.6294,99.1
MDA,Moldova,2005,2988342907.031,7.5,1034.392,11.9592,9.0692,5.633,1277880.0,2888985.0,68.197,143.0236,51.1636,91.86,-7.5564,6.3815,14.6303,98.6
MDA,Moldova,2006,3408255450.5509,4.8,1183.0248,12.7778,4.1529,4.26,1358271.0,2880967.0,68.423,137.1548,45.2563,91.8984,-11.3378,7.5898,19.6206,98.9
MDA,Moldova,2007,4401173151.9377,3.0,1531.2162,12.3672,2.516,2.749,1379676.0,2874299.0,68.674,142.7205,45.5805,97.1401,-15.2482,12.179,20.45,99.0
MDA,Moldova,2008,6054824248.2422,7.8,2110.5531,12.783,10.8197,2.097,1400896.0,2868833.0,69.0,134.4216,40.8187,93.6029,-16.1123,12.0005,23.39,99.1
MDA,Moldova,2009,5439434271.7881,-6.0,1898.4398,-0.0627,17.9846,3.024,1430516.0,2865213.0,69.406,110.3633,36.8721,73.4912,-8.9199,4.8527,27.5,99.2
MDA,Moldova,2010,6974982369.6016,7.1,2436.7994,7.4839,-12.7114,2.972,1496559.0,2862354.0,69.876,87.9379,27.8296,60.1082,-6.9028,4.2588,29.68,99.3
MDA,Moldova,2011,8414352020.4944,5.8182,2941.3622,7.6873,5.7743,2.677,1522374.0,2860699.0,70.173,98.6176,32.5405,66.0771,-10.125,4.4315,32.07,99.4
MDA,Moldova,2012,8709138634.8292,-0.5897,3044.8084,4.5463,5.5797,2.189,1531943.0,2860324.0,70.344,96.3064,31.1329,65.1736,-7.3902,2.8843,34.65,99.5
MDA,Moldova,2013,9496717875.5193,9.0439,3321.044,4.5979,8.0543,1.894,1540530.0,2859558.0,70.291,95.6873,32.0926,63.5947,-5.1629,2.547,37.44,99.6
MDA,Moldova,2014,9402090137.7423,4.9996,3289.9576,5.0888,5.5822,1.45,1628063.0,2857815.0,70.241,94.2283,31.528,62.7003,-6.0444,3.679,67.0,99.8
MDA,Moldova,2015,7797667196.7309,-0.3382,2749.5514,9.6762,2.3078,1.781,1628234.0,2835978.0,70.118,88.9664,31.8069,57.1595,-5.9356,2.8966,69.0,99.9
MDA,Moldova,2016,7980917075.7748,4.646,2847.0879,6.3593,10.3574,1.591,1592836.0,2803186.0,70.179,89.0047,32.8665,56.1382,-3.6139,1.0956,71.0,99.9
MDA,Moldova,2017,9514404016.2095,4.1756,3453.2673,6.5702,3.8684,1.622,1522181.0,2755189.0,70.375,88.6234,32.5328,56.0905,-5.8374,1.5715,71.7671,100.0
MDA,Moldova,2018,11252353420.8798,4.0756,4156.4498,3.0451,5.4611,1.239,1461369.0,2707203.0,70.236,87.4468,30.6964,56.7504,-10.7699,2.7518,72.5424,100.0
MDA,Moldova,2019,11736797054.6965,3.5523,4405.3342,4.8378,2.7511,1.502,1481802.0,2664224.0,70.181,87.6322,31.1911,56.4412,-9.4215,4.4422,73.3261,100.0
MDA,Moldova,2020,11530746234.4492,-8.276,4375.7789,3.766,2.4674,1.206,1469067.0,2635130.0,69.914,79.2657,27.9143,51.3514,-7.69,1.3505,74.1183,100.0
MDA,Moldova,2021,13691869264.0794,13.93,5274.6058,5.1064,0.9541,0.794,1503026.0,2595809.0,68.991,88.4709,30.6488,57.8221,-12.4096,2.8201,74.919,100.0
MDA,Moldova,2022,14525337523.7271,-4.6479,5744.2962,28.7373,-5.986,0.909,1464574.0,2528654.0,71.546,112.1177,41.2265,70.8912,-17.0894,4.0345,74.919,100.0
MDA,Moldova,2023,16711906746.2133,1.188,6799.5859,13.417,2.783,1.57,1391968.0,2457783.0,71.198,93.9946,35.1126,58.882,-11.0612,2.1595,76.5033,100.0
MDA,Moldova,2024,18206842140.7615,0.2707,7578.9022,4.6777,2.3314,1.427,1390446.0,2402306.0,71.332,88.8924,31.5678,57.3246,-16.5471,2.5175,77.3688,100.0
MDA,Moldova,2025,20351796275.2943,2.4165,8621.7172,7.759,2.2768,1.505,1373086.0,2360527.0,,92.6662,31.7519,60.9142,-19.6441,2.2579,,
MDG,Madagascar,2000,4629247203.8452,4.4569,280.2829,11.8597,13.7175,5.8,7777716.0,16516338.0,57.974,42.7771,19.1197,23.6575,-5.6268,1.7919,0.1964,12.6
MDG,Madagascar,2001,5438332601.908,5.9802,319.2833,7.9169,16.2931,5.35,8025096.0,17032939.0,58.674,41.0351,20.0702,20.9649,-2.5755,1.7112,0.2225,14.8
MDG,Madagascar,2002,5351701663.4081,-12.408,304.9418,16.4985,7.5121,5.515,8279889.0,17549913.0,59.17,50.1817,21.8156,28.3661,-8.9136,0.274,0.3397,14.0
MDG,Madagascar,2003,6372498889.6658,9.7849,352.6201,-1.704,26.4039,5.01,8534374.0,18071854.0,59.693,34.0306,13.6942,20.3364,-5.1463,0.202,0.4233,20.3
MDG,Madagascar,2004,5064732626.2939,5.257,272.2007,13.9558,9.3077,3.951,8801974.0,18606608.0,60.168,48.7754,19.4573,29.3181,-7.878,1.0447,0.5254,15.3
MDG,Madagascar,2005,5859269752.6133,4.7558,305.8121,18.3638,6.3458,2.62,9085463.0,19159707.0,60.664,59.1301,24.3194,34.8107,-12.5308,1.458,0.5677,16.0
MDG,Madagascar,2006,6395712490.943,5.3985,324.1469,10.7656,15.6947,2.945,9391231.0,19730909.0,61.14,62.1028,27.4869,34.6159,-9.1552,4.6075,0.6076,16.8
MDG,Madagascar,2007,8524620889.5775,5.7106,419.548,10.288,27.1898,3.202,9709215.0,20318583.0,61.533,66.7027,27.7962,38.9065,-9.8857,9.2601,0.65,17.5
MDG,Madagascar,2008,10725137723.6549,6.7126,512.5798,9.2965,33.9706,3.431,10039628.0,20923840.0,61.992,74.3574,27.7072,46.6502,-15.6365,10.5779,1.65,18.3
MDG,Madagascar,2009,9616879409.4379,-3.9787,446.3152,8.9542,35.2476,3.885,10383736.0,21547280.0,62.304,62.4117,20.3758,42.0359,-18.1719,13.4485,1.63,17.4
MDG,Madagascar,2010,9982711338.0703,0.6192,450.0094,9.2473,32.4641,4.28,10741659.0,22183340.0,62.597,57.8749,21.8744,36.0005,-8.9485,9.1387,1.7,12.3
MDG,Madagascar,2011,11551819617.874,1.5784,506.1637,9.4825,38.1513,2.516,11113290.0,22822300.0,62.86,56.4831,22.7196,33.7635,-6.7278,7.0598,1.9,14.3
MDG,Madagascar,2012,11578975061.9479,3.0111,493.5112,5.7138,48.0332,0.599,11497411.0,23462438.0,63.007,52.6517,21.7807,30.871,-7.4627,7.0368,2.3,18.7
MDG,Madagascar,2013,12423555455.3853,2.3004,515.3016,5.8264,50.7601,0.995,11892464.0,24109290.0,63.161,56.3676,23.2722,33.0954,-6.5055,4.5546,3.0,12.9
MDG,Madagascar,2014,12522957399.2281,3.3392,505.6849,6.0804,49.9085,1.385,12293186.0,24764348.0,63.261,61.9694,28.2819,33.6875,-0.6491,2.9775,3.7,23.0
MDG,Madagascar,2015,11323020701.3017,3.1323,445.3201,7.4042,47.1467,1.785,12695269.0,25426702.0,63.362,61.2204,28.3906,32.8297,-2.2594,2.8973,4.174,23.8
MDG,Madagascar,2016,11848613858.442,3.9931,453.9707,6.0358,46.8428,1.949,13085244.0,26099952.0,63.431,60.8347,29.0926,31.7421,0.3781,4.5646,4.7137,22.9
MDG,Madagascar,2017,13176313593.5509,3.9333,491.8668,8.6091,52.4368,2.123,13481355.0,26788375.0,63.433,65.3434,30.9026,34.4408,-0.2286,3.528,6.406,24.1
MDG,Madagascar,2018,13760033282.2925,3.1944,500.4572,8.5942,43.4833,2.303,13885082.0,27494926.0,63.491,67.8415,31.536,36.3055,0.7126,4.4479,7.7478,36.5
MDG,Madagascar,2019,14104664678.5063,4.4112,499.8188,5.6105,39.8771,2.479,14297110.0,28219554.0,63.504,62.6013,28.4244,34.1769,-2.1356,3.3628,9.3794,31.0
MDG,Madagascar,2020,13051441204.053,-7.1377,450.7716,4.2018,42.7141,3.292,14599606.0,28953556.0,62.706,49.0107,20.1421,28.8686,-4.7784,2.7466,11.3547,32.0
MDG,Madagascar,2021,14354731964.3258,4.6507,483.4695,5.8123,39.535,3.498,15114095.0,29691083.0,62.516,55.2159,23.0916,32.1242,-5.0294,2.4907,13.7459,35.1
MDG,Madagascar,2022,15342178598.2475,4.1375,504.0591,8.1606,35.5937,3.186,15639635.0,30437261.0,63.068,70.4709,30.5103,39.9606,-5.4942,3.0494,17.8117,36.1
MDG,Madagascar,2023,16036707975.7567,4.2309,514.0641,9.8743,41.6192,3.044,16111038.0,31195932.0,63.632,62.7622,26.7229,36.0393,-2.8303,3.2395,18.2408,39.4
MDG,Madagascar,2024,17592832696.1336,4.3228,550.3788,7.6134,48.9299,3.051,16596270.0,31964956.0,63.835,57.537,24.0079,33.5291,-4.2575,3.4458,18.6779,42.5
MDG,Madagascar,2025,19620352035.7899,3.0026,599.2653,8.0505,47.6325,3.041,17092352.0,32740678.0,,54.2414,21.3333,32.9081,,,,
MDV,Maldives,2000,624337145.2846,3.8458,2213.8124,-1.1748,7.3414,1.97,92425.0,282019.0,70.892,,,,-8.2454,3.5738,2.2039,83.8
MDV,Maldives,2001,870031676.7988,-3.9436,3033.9323,0.6726,-27.4167,3.038,95869.0,286767.0,71.659,,,,-6.7496,2.361,3.6173,87.5
MDV,Maldives,2002,897031250.0,7.2684,3076.0701,4.1787,9.3757,4.094,99366.0,291616.0,72.36,,,,-3.967,2.7556,5.3478,88.3
MDV,Maldives,2003,1052121054.6875,13.75,3548.5767,-1.2607,6.9287,5.126,102849.0,296491.0,73.263,,,,-2.9746,3.02,5.9766,89.1
MDV,Maldives,2004,1226829562.5,5.9249,4070.2609,-1.6854,0.1567,6.151,106350.0,301413.0,73.008,,,,-9.9708,4.3147,6.5883,90.0
MDV,Maldives,2005,1163362437.5,-11.1773,3796.5155,1.3003,3.2747,7.313,109859.0,306429.0,74.785,,,,-23.4673,4.555,6.8696,90.9
MDV,Maldives,2006,1575200390.625,23.6303,5018.9434,2.7384,0.6711,8.345,114475.0,313851.0,75.256,,,,-19.1706,4.052,11.0364,91.7
MDV,Maldives,2007,1868383460.9375,7.1334,5758.1029,6.7948,-0.4147,9.421,120535.0,324479.0,75.711,,,,-14.3949,7.0881,16.3,92.6
MDV,Maldives,2008,2271646187.5,8.9765,6757.4328,12.0415,-1.1769,10.361,126861.0,336170.0,75.999,,,,-26.9278,7.979,23.2,93.6
MDV,Maldives,2009,2345294875.0,-8.3407,6734.0317,4.5302,-2.114,11.697,133007.0,348275.0,76.371,,,,-9.4159,6.7353,24.8,99.9
MDV,Maldives,2010,2588176054.6875,6.7855,7173.596,6.1499,6.8048,10.875,141579.0,360792.0,76.756,,,,-7.576,8.3638,26.53,99.0
MDV,Maldives,2011,2774350240.0492,8.8434,7424.5204,11.2734,-1.915,10.043,150145.0,373674.0,77.141,,,,-13.8209,15.2659,34.0,99.1
MDV,Maldives,2012,2886163997.2053,2.3893,7461.297,10.8847,3.3423,9.134,158657.0,386818.0,77.512,,,,-6.3923,7.899,38.9301,99.2
MDV,Maldives,2013,3295009237.5011,6.975,8236.0818,3.8056,4.1289,8.295,167096.0,400070.0,77.847,,,,-3.8663,10.9504,44.1,99.4
MDV,Maldives,2014,3697353039.2004,7.8607,8939.0742,2.12,7.0029,7.461,175647.0,413617.0,78.187,165.9793,91.2941,74.6851,-3.1867,9.0166,49.28,100.0
MDV,Maldives,2015,4129505319.1292,3.8681,9644.9066,0.9532,3.4169,6.611,184820.0,428154.0,78.607,143.7205,76.4278,67.2927,-7.3059,7.2158,54.462,99.8
MDV,Maldives,2016,4409942623.8554,6.3753,9947.8074,0.5025,10.3186,5.771,194588.0,443308.0,78.913,144.3802,71.6136,72.7666,-23.411,10.3548,59.4775,100.0
MDV,Maldives,2017,4816426256.5291,7.0744,10509.6288,2.8175,7.862,5.377,210295.0,458287.0,79.228,141.9121,69.0594,72.8527,-21.2678,9.5051,64.955,99.8
MDV,Maldives,2018,5404344162.6989,8.569,11423.2838,-0.1334,7.0618,4.962,226484.0,473099.0,79.433,142.4911,66.4483,76.0428,-27.802,10.6518,70.9369,100.0
MDV,Maldives,2019,5726094799.3771,6.9231,11740.2724,0.22,12.6074,4.562,243098.0,487731.0,79.707,137.1252,65.5134,71.6118,-25.8169,16.7835,77.4697,100.0
MDV,Maldives,2020,3712604583.3667,-32.9088,7393.8887,-1.3698,15.4867,5.42,230564.0,502118.0,78.713,114.3619,48.2412,66.1207,-35.7483,11.8707,79.0978,100.0
MDV,Maldives,2021,5252457369.5522,37.5079,10176.1439,0.5431,8.4965,5.016,244493.0,516154.0,78.052,142.6073,76.099,66.5083,-8.6331,12.2387,81.9576,100.0
MDV,Maldives,2022,6177123352.2621,13.8261,11786.0191,2.3305,7.2676,4.303,264656.0,524106.0,80.76,162.2434,82.6709,79.5726,-16.8682,11.8455,83.9119,100.0
MDV,Maldives,2023,6621008703.9574,4.9429,12587.6126,2.9037,9.3435,4.019,266313.0,525994.0,81.041,149.35,74.0438,75.3062,-21.1388,11.5818,84.5529,100.0
MDV,Maldives,2024,7061608267.2545,3.4944,13379.3514,1.4109,8.2283,4.278,268233.0,527799.0,81.285,156.474,78.2142,78.2597,-18.6789,11.4167,85.24,100.0
MDV,Maldives,2025,7741066860.6337,6.3109,14614.7208,4.0058,8.0744,4.514,272320.0,529676.0,,,,,,,,
MEX,Mexico,2000,742061329749.127,5.0293,7524.0271,9.4916,5.6283,2.646,38588417.0,98625552.0,72.562,49.9104,24.2312,25.6792,-2.5271,2.4772,5.0814,98.0
MEX,Mexico,2001,796064590549.136,-0.4508,7952.7648,6.3677,5.9376,2.627,39007360.0,100099099.0,72.912,44.7401,21.5412,23.1989,-2.23,3.7761,7.038,97.1
MEX,Mexico,2002,810666116401.915,-0.2366,7983.034,5.0307,2.5673,3.003,39513494.0,101548624.0,73.106,45.2098,21.8518,23.3581,-1.5294,2.4869,11.9,97.9
MEX,Mexico,2003,765549967888.647,1.1855,7434.0747,4.5469,2.6303,3.455,40580596.0,102978515.0,73.308,48.7004,23.6556,25.0448,-0.5268,2.3719,12.9,97.4
MEX,Mexico,2004,819459227375.022,3.5654,7849.6676,4.6884,-0.6281,3.937,41810127.0,104394131.0,73.432,52.0406,25.1034,26.9373,-0.4648,3.0682,14.1,98.6
MEX,Mexico,2005,917571853437.344,2.1132,8671.7589,3.9881,3.5983,3.558,43213356.0,105811504.0,73.627,52.5626,25.4871,27.0756,-0.6235,2.7422,17.21,98.9
MEX,Mexico,2006,1020265057882.01,4.805,9512.6358,3.6295,1.3238,3.566,44671073.0,107253666.0,73.746,54.4821,26.5547,27.9274,-0.3166,2.1689,19.52,99.1
MEX,Mexico,2007,1102355554880.44,2.0779,10134.3327,3.9668,1.3503,3.628,45655255.0,108774360.0,73.796,55.2585,26.7811,28.4775,-0.8446,2.814,20.81,97.9
MEX,Mexico,2008,1161553459984.65,0.9433,10523.7685,5.125,2.2532,3.874,46418411.0,110374288.0,73.695,56.3653,27.0201,29.3452,-1.4068,2.5631,21.71,98.9
MEX,Mexico,2009,943437414950.633,-6.2953,8423.5693,5.2974,1.7308,5.356,47339853.0,111999721.0,73.628,54.5917,26.5133,28.0785,-0.7509,2.0831,26.34,98.3
MEX,Mexico,2010,1105424238651.95,4.9713,9728.8008,4.1567,0.8698,5.303,48189452.0,113623895.0,73.718,59.2734,29.0175,30.2559,-0.3396,2.7622,31.05,99.2
MEX,Mexico,2011,1229013703416.76,3.444,10664.4944,3.4074,-0.7181,5.175,49262430.0,115243504.0,73.921,62.1624,30.443,31.7194,-0.8579,1.9442,37.1763,99.0
MEX,Mexico,2012,1255110424741.85,3.5532,10744.1335,4.1115,0.1326,4.892,50764169.0,116818208.0,74.128,64.2579,31.5395,32.7185,-1.4098,1.4526,39.75,99.1
MEX,Mexico,2013,1327436290439.27,0.8521,11216.8009,3.8064,2.5239,4.921,51511392.0,118343573.0,74.289,62.6917,30.7558,31.9359,-2.394,3.8367,43.46,99.1
MEX,Mexico,2014,1364507717689.36,2.5038,11391.3774,4.0186,-0.7825,4.819,51907743.0,119784261.0,74.404,64.0984,31.463,32.6354,-1.8213,2.0842,44.3857,99.2
MEX,Mexico,2015,1213294467653.78,2.7023,10021.2386,2.7206,0.2071,4.311,52800736.0,121072306.0,74.431,70.413,34.1628,36.2502,-2.5992,2.9878,57.431,99.0
MEX,Mexico,2016,1112233497452.7,1.7725,9097.924,2.8217,-1.2476,3.853,53498509.0,122251351.0,74.376,75.6903,36.8157,38.8746,-2.2731,3.4977,59.5404,99.5
MEX,Mexico,2017,1190721475853.16,1.8717,9649.2782,6.0415,0.7178,3.419,54114274.0,123400057.0,74.261,76.9521,37.5141,39.438,-1.7975,2.7831,53.0318,100.0
MEX,Mexico,2018,1256300182983.65,1.9721,10084.7938,4.8994,2.6952,3.275,55142830.0,124573711.0,74.301,80.2127,39.0439,41.1687,-2.0641,3.0142,56.6596,99.5
MEX,Mexico,2019,1304106204006.27,-0.3927,10369.5554,3.636,3.94,3.477,56614536.0,125762982.0,74.53,77.462,38.5297,38.9323,-0.2968,2.2965,69.6321,99.6
MEX,Mexico,2020,1121064767168.8,-8.354,8841.2707,3.3968,1.6458,4.44,52956486.0,126799054.0,70.449,76.8546,39.2354,37.6192,2.3971,2.814,71.4902,99.4
MEX,Mexico,2021,1316569466833.94,6.0485,10314.0507,5.6892,0.3864,4.019,56864048.0,127648148.0,69.75,83.0693,40.5692,42.5001,-0.3407,2.7053,75.6265,100.0
MEX,Mexico,2022,1466934724243.38,3.7098,11405.794,7.8963,1.418,3.256,58544385.0,128613117.0,73.973,88.7985,42.9323,45.8662,-1.2743,2.6727,78.6322,100.0
MEX,Mexico,2023,1794410347718.25,3.1068,13830.8438,5.528,6.6064,2.765,60144623.0,129739759.0,75.069,73.7391,36.1479,37.5911,-0.6991,1.7099,81.1832,99.7
MEX,Mexico,2024,1830489311088.89,1.3506,13988.0424,4.7223,7.2067,2.678,60887761.0,130861007.0,75.264,75.4259,37.2836,38.1423,-0.9121,2.4843,83.1223,99.8
MEX,Mexico,2025,1832641364775.52,0.5617,13889.234,3.8067,3.971,2.673,61707262.0,131946900.0,,79.924,39.6453,40.2786,-0.4474,2.351,,
MHL,Marshall Islands,2000,114838500.0,2.4544,2264.7911,,,,,50706.0,63.323,130.0831,28.8235,101.2596,,0.6435,1.5343,68.6
MHL,Marshall Islands,2001,122406100.0,6.93,2394.345,,,,,51123.0,63.735,118.7344,25.4496,93.2847,,0.6037,1.7066,70.1
MHL,Marshall Islands,2002,131960000.0,3.6358,2566.0671,,,,,51425.0,63.848,102.3206,27.3305,74.9901,,0.6358,2.3354,71.5
MHL,Marshall Islands,2003,131128500.0,-1.5617,2539.3307,,,,,51639.0,63.956,117.0247,30.215,86.8097,,-0.8785,2.5698,72.9
MHL,Marshall Islands,2004,132900000.0,-0.4084,2566.0829,,,,,51791.0,64.044,114.0231,30.289,83.7341,,0.8698,3.5998,74.3
MHL,Marshall Islands,2005,138000000.0,1.791,2658.6522,,,,,51906.0,64.112,124.701,32.7365,91.9645,-1.8415,2.3765,3.8787,75.7
MHL,Marshall Islands,2006,143200000.0,0.176,2754.2699,,,,,51992.0,64.207,112.4085,25.1569,87.2516,-4.3177,1.3106,3.7956,77.2
MHL,Marshall Islands,2007,150500000.0,3.6885,2892.284,,,,,52035.0,64.259,114.5277,26.0987,88.429,-5.4635,4.6427,3.95,72.3
MHL,Marshall Islands,2008,146600000.0,-7.5663,2817.6052,,,,,52030.0,64.3,122.0468,29.378,92.6688,-3.7627,3.8845,4.6,80.2
MHL,Marshall Islands,2009,151200000.0,3.6652,2906.6303,,,,,52019.0,64.395,128.8622,27.8562,101.0061,-17.4606,9.6888,5.6,81.7
MHL,Marshall Islands,2010,161100000.0,5.5392,3095.4577,,,,,52044.0,64.498,144.805,36.0927,108.7123,-8.9016,-5.808,7.0,89.4
MHL,Marshall Islands,2011,172300000.0,-0.5025,3319.3982,,,,,51907.0,64.641,153.2402,51.2518,101.9884,-3.3542,-2.5426,10.0,89.9
MHL,Marshall Islands,2012,180700000.0,-1.2907,3514.2652,,,,,51419.0,64.776,157.5171,54.7746,102.7425,-10.8531,11.8283,12.5,90.4
MHL,Marshall Islands,2013,186400000.0,3.809,3677.9069,,,,,50681.0,64.954,161.9197,51.1454,110.7743,-15.5137,17.4615,14.0,90.9
MHL,Marshall Islands,2014,186000000.0,-1.2596,3735.2398,,,,,49796.0,65.11,149.8535,49.6209,100.2326,-2.6233,4.8643,16.8,91.5
MHL,Marshall Islands,2015,183700000.0,1.8857,3764.3443,,,,,48800.0,65.292,138.4898,44.2422,94.2476,-3.8281,-2.9361,19.2824,92.1
MHL,Marshall Islands,2016,201800000.0,2.5041,4229.8099,,,,,47709.0,65.477,116.3264,36.4933,79.8331,-8.0342,-1.5143,29.7878,92.7
MHL,Marshall Islands,2017,213700000.0,3.5582,4592.8346,,,,,46529.0,65.673,125.1453,39.1129,86.0323,6.0461,2.7307,38.7012,93.8
MHL,Marshall Islands,2018,220000000.0,5.4872,4858.1208,,,,,45285.0,65.87,128.4823,39.7258,88.7565,24.1051,4.4328,43.8825,95.3
MHL,Marshall Islands,2019,232900000.0,10.4521,5292.3399,,,,,44007.0,66.047,153.0077,37.0619,115.9459,36.9828,2.2177,49.7575,96.8
MHL,Marshall Islands,2020,241800000.0,-2.7729,5661.9679,,,,,42706.0,65.387,107.826,35.4885,72.3375,37.3371,1.2593,56.4191,98.3
MHL,Marshall Islands,2021,261245500.0,2.1594,6315.3117,,,,,41367.0,65.421,120.0562,45.9784,74.0778,29.192,0.1912,63.9726,99.8
MHL,Marshall Islands,2022,258723500.0,-0.7006,6455.6604,,,,,40077.0,66.725,128.338,39.9779,88.3601,6.8203,-3.0288,64.2672,100.0
MHL,Marshall Islands,2023,264000000.0,-5.3948,6799.3922,,,,,38827.0,66.945,118.1818,38.2576,79.9242,15.7374,3.4656,64.0759,100.0
MHL,Marshall Islands,2024,285000000.0,3.3019,7590.2844,,,,,37548.0,67.075,118.2456,37.193,81.0526,21.8711,4.6873,65.9158,97.2
MHL,Marshall Islands,2025,308000000.0,2.2831,8489.0579,,,,,36282.0,,115.9091,36.039,79.8701,,,,
MKD,North Macedonia,2000,3772859034.2051,4.5491,1861.899,6.6074,,32.2,818451.0,2026350.0,72.9463,80.1601,32.9468,47.2133,-2.7331,5.765,2.4856,99.0
MKD,North Macedonia,2001,3709636030.6658,-3.0673,1823.0227,5.1989,,30.52,829921.0,2034882.0,73.4366,71.4782,29.1989,42.2793,-6.3443,12.6581,3.4682,99.0
MKD,North Macedonia,2002,4018365747.0097,1.4937,1989.1354,2.3146,,31.94,830362.0,2020157.0,73.039,71.5335,26.3008,45.2326,-9.4256,2.8418,17.33,99.0
MKD,North Macedonia,2003,4946296599.0847,2.2226,2445.3629,0.8556,,36.69,842476.0,2022725.0,73.2415,71.0693,27.6564,43.413,-3.7504,2.4067,19.07,99.0
MKD,North Macedonia,2004,5682784471.6972,4.6741,2818.5815,-0.4487,,37.161,842296.0,2016186.0,73.5976,80.8705,30.7042,50.1663,-7.9469,5.4399,24.44,99.4
MKD,North Macedonia,2005,6258602872.679,4.7241,3120.984,0.5255,7.2652,37.32,841338.0,2005330.0,73.6976,85.841,34.8076,51.0334,-2.5453,2.3221,26.45,99.1
MKD,North Macedonia,2006,6861226971.5562,5.137,3440.4411,3.2136,8.0424,36.392,841182.0,1994287.0,73.8951,92.5517,37.7915,54.7602,-0.4161,6.2299,28.62,99.0
MKD,North Macedonia,2007,8336474973.7295,6.4735,4204.1133,2.2518,5.6502,35.231,856830.0,1982933.0,73.8,106.093,44.1166,61.9764,-7.2662,8.7983,36.3,99.1
MKD,North Macedonia,2008,9909552434.5114,5.472,5026.4203,8.3319,4.4941,33.93,862431.0,1971493.0,74.4,111.5701,43.2245,68.3456,-12.4708,6.1727,46.04,99.2
MKD,North Macedonia,2009,9401736825.4269,-0.3586,4799.7872,-0.7396,10.8427,32.351,860794.0,1958782.0,74.4463,87.1768,32.8055,54.3712,-6.4835,2.7605,51.77,99.2
MKD,North Macedonia,2010,9407170321.3775,3.3588,4833.3659,1.51,8.4814,33.135,834993.0,1946298.0,74.9976,97.8811,39.7898,58.0913,-2.1079,3.2044,51.9,99.5
MKD,North Macedonia,2011,10494626767.6445,2.3399,5416.8667,3.9048,5.6672,31.502,855183.0,1937398.0,75.1,113.1919,47.1242,66.0677,-2.4937,4.8398,56.7,99.7
MKD,North Macedonia,2012,9745261300.5779,-0.4562,5049.8265,3.3161,7.9852,31.096,850592.0,1929821.0,74.9024,112.2148,45.3743,66.8406,-3.2748,3.4674,57.4499,99.6
MKD,North Macedonia,2013,10817702346.0674,2.9253,5626.2612,2.785,3.8313,29.017,855743.0,1922716.0,75.4,104.8572,43.3965,61.4608,-1.6376,3.7204,65.24,99.7
MKD,North Macedonia,2014,11362265252.778,3.6291,5925.3859,-0.2817,6.2281,28.215,855229.0,1917557.0,75.4512,112.5379,47.6629,64.8751,-0.4817,0.5358,68.0585,99.8
MKD,North Macedonia,2015,10064519962.5655,3.8559,5262.6867,-0.2999,5.3458,26.395,846415.0,1912430.0,75.4024,113.6984,48.738,64.9604,-1.7122,2.947,70.3802,99.9
MKD,North Macedonia,2016,10672467073.2873,2.8482,5598.4862,-0.2393,3.4334,24.312,837565.0,1906313.0,75.4,116.1854,50.6638,65.5216,-2.6639,5.1476,72.1568,100.0
MKD,North Macedonia,2017,11307067069.6658,1.0818,5955.2974,1.3516,3.6959,22.857,832185.0,1898657.0,75.9537,124.1373,55.1457,68.9916,-0.5863,3.3673,74.5168,100.0
MKD,North Macedonia,2018,12683068114.2388,2.8806,6713.9893,1.4583,2.0984,21.208,824281.0,1889051.0,76.6488,133.2152,60.3751,72.8401,0.1433,5.1149,79.1678,99.8
MKD,North Macedonia,2019,12606338448.547,3.9104,6718.8583,0.7664,4.7004,17.414,823317.0,1876262.0,76.6024,138.5762,62.4081,76.1682,-2.9865,4.3589,81.4129,100.0
MKD,North Macedonia,2020,12361036913.8409,-4.6885,6659.5965,1.2001,3.7672,16.575,800704.0,1856124.0,74.3951,128.2412,57.7715,70.4698,-2.916,0.0622,81.4055,100.0
MKD,North Macedonia,2021,14000283827.0154,4.5107,7620.803,3.2307,0.5489,15.801,784953.0,1837114.0,73.2463,146.7214,65.4439,81.2775,-2.6774,4.9732,81.8737,100.0
MKD,North Macedonia,2022,13932436550.0883,2.7589,7606.2375,14.2047,-3.895,14.476,802703.0,1831712.0,74.4249,166.1474,72.7854,93.362,-6.237,6.1307,83.8503,100.0
MKD,North Macedonia,2023,15855131188.9092,2.555,8674.3585,9.3619,-2.2632,13.174,784466.0,1827816.0,75.3161,147.7943,67.397,80.3973,0.3176,4.046,88.5,100.0
MKD,North Macedonia,2024,16951682221.3962,2.9937,9291.8566,3.4897,2.1017,12.265,792140.0,1824359.0,76.6166,136.3249,61.6792,74.6457,-2.1002,6.2345,93.6,100.0
MKD,North Macedonia,2025,19101199817.0174,3.4871,10489.9255,4.0725,0.7529,12.256,789369.0,1820909.0,,133.043,59.6493,73.3937,-4.2666,3.5379,93.1,
MLI,Mali,2000,3521570875.8506,-0.736,304.6529,-0.6777,,1.412,4338346.0,11559290.0,50.605,44.6658,18.3083,26.3575,-7.2455,1.7132,0.1425,9.6
MLI,Mali,2001,4124281593.6887,15.806,346.2246,5.187,,1.332,4478019.0,11912158.0,51.3,49.3239,21.2675,28.0564,-7.524,5.0675,0.1859,10.8
MLI,Mali,2002,4647238256.5656,3.0363,378.1917,5.0328,,1.36,4625342.0,12288050.0,51.995,46.3529,22.5825,23.7704,-3.2173,-0.2662,0.227,13.0
MLI,Mali,2003,5605613011.2914,9.7971,441.9104,-1.3467,,1.272,4777817.0,12684955.0,52.632,46.8915,20.5987,26.2928,-4.8448,1.2937,0.3104,14.7
MLI,Mali,2004,6485774930.415,1.4773,495.0063,-3.0998,,1.413,4934643.0,13102409.0,53.253,44.0121,18.8108,25.2013,-6.3169,1.3105,0.4328,16.4
MLI,Mali,2005,7429066951.5658,2.5384,548.7304,6.3979,-2.6971,1.367,5093634.0,13538647.0,53.792,44.9124,19.0305,25.8819,-5.8943,2.1575,0.5071,18.2
MLI,Mali,2006,8212007553.9939,3.6896,586.9854,1.5435,-0.8443,1.395,5255465.0,13990139.0,54.305,49.0191,22.7184,26.3006,-2.6638,1.8062,0.7296,16.6
MLI,Mali,2007,9699047442.5791,1.76,670.8534,1.412,-1.4901,1.372,5421948.0,14457775.0,54.756,46.8978,19.7732,27.1246,-5.9996,2.1274,0.81,21.7
MLI,Mali,2008,11462490840.2195,3.6387,767.1948,9.171,-1.1983,1.383,5591651.0,14940782.0,55.187,53.643,20.6676,32.9754,-9.315,2.3338,1.57,23.4
MLI,Mali,2009,12155217832.8039,5.4547,787.4826,2.4638,-0.9979,1.406,5762799.0,15435539.0,55.588,40.5414,17.4091,23.1323,-5.4092,5.341,1.8,24.0
MLI,Mali,2010,12710739159.5014,5.5768,797.1515,1.1089,0.8701,1.375,5935803.0,15945198.0,55.993,48.8167,19.2136,29.6031,-9.3708,2.9261,2.0,27.0
MLI,Mali,2011,15452791788.9356,2.9354,938.2929,2.9556,-6.4272,1.403,6111413.0,16469049.0,56.367,43.1815,18.1515,25.0299,-4.2535,3.6037,2.2,28.8
MLI,Mali,2012,14795114602.6122,-1.0724,872.5061,5.3231,0.176,1.462,6263559.0,16957033.0,56.696,49.4252,22.6197,26.8055,-1.8428,2.689,2.8,25.6
MLI,Mali,2013,15747192680.9971,3.2907,901.921,-0.6067,5.6229,1.517,6424884.0,17459615.0,57.052,54.6032,20.9783,33.6249,-2.3801,1.9555,3.5,32.4
MLI,Mali,2014,17081681993.2577,6.5026,947.915,0.8838,3.4533,1.476,6622929.0,18020267.0,57.482,51.0787,18.9722,32.1065,-3.9618,0.8443,7.0,34.2
MLI,Mali,2015,15583181170.4105,6.2389,838.1199,1.4507,2.2716,1.404,6823303.0,18593022.0,57.852,53.5752,20.2239,33.3512,-4.4773,1.7681,10.33,37.6
MLI,Mali,2016,16743796799.8329,6.0051,872.4686,-1.7996,3.6368,1.367,6976542.0,19191289.0,58.286,53.6126,19.6589,33.9537,-6.067,2.129,14.0,38.8
MLI,Mali,2017,18308362040.0521,5.3755,924.0575,1.7599,,1.498,7140459.0,19813011.0,58.562,49.492,18.9065,30.5855,-6.6249,3.0628,18.9,34.8
MLI,Mali,2018,20368015381.2413,4.8678,996.3793,0.2995,,1.62,7290683.0,20442030.0,58.873,50.6998,20.5991,30.1008,-4.1057,2.2943,21.4,50.9
MLI,Mali,2019,20477421884.5414,5.0,971.9493,-1.6583,,3.29,7442902.0,21068405.0,59.217,53.9987,21.7272,32.2715,-6.2935,4.1953,24.9603,47.9
MLI,Mali,2020,20698560938.7775,-1.1691,953.2429,0.4381,,3.528,7540126.0,21713836.0,58.858,56.0415,25.1423,30.8993,-1.8343,2.5937,29.113,50.6
MLI,Mali,2021,22999245262.6719,3.1009,1027.2735,3.9256,,4.006,7917555.0,22388630.0,59.116,56.7151,23.4348,33.2803,-6.3851,2.7825,33.9565,53.4
MLI,Mali,2022,22539987718.7642,3.7032,976.9141,9.6215,,2.387,8260725.0,23072640.0,60.035,61.5613,26.0257,35.5357,-6.5458,3.1742,35.1992,53.0
MLI,Mali,2023,24777941860.767,4.7639,1042.4422,2.0588,,2.947,8552851.0,23769127.0,60.439,57.6292,24.7864,32.8428,-6.499,2.8354,36.0388,54.5
MLI,Mali,2024,26761281076.7658,5.0165,1093.2523,3.2064,,2.924,8855828.0,24478595.0,60.675,49.7665,22.3254,27.4411,-4.3297,3.4417,36.8015,49.5
MLI,Mali,2025,30069148580.7688,5.5995,1193.276,3.2782,,2.831,9156646.0,25198821.0,,48.7722,22.0768,26.6954,,,,
MLT,Malta,2000,4036809766.6603,19.6813,10348.4858,2.3696,19.0604,6.324,155461.0,390087.0,78.3488,189.6012,90.2692,99.332,-11.9011,18.4102,13.1137,100.0
MLT,Malta,2001,4070867153.4796,-0.7572,10357.7026,2.9295,2.4216,7.107,159155.0,393028.0,78.8439,161.3254,78.4583,82.867,-3.6765,10.2408,17.8778,100.0
MLT,Malta,2002,4455127397.8679,2.7411,11251.2025,2.1885,3.3182,6.902,160625.0,395969.0,78.739,162.5241,82.5178,80.0063,2.3846,-11.1736,28.92,100.0
MLT,Malta,2003,5418315225.4935,3.6933,13593.9787,1.3038,3.7379,7.488,161729.0,398582.0,78.5463,154.5742,75.4563,79.1179,-2.8843,16.8221,31.64,100.0
MLT,Malta,2004,6104141501.0793,0.4074,15212.1313,2.7908,2.7421,7.317,159180.0,401268.0,79.2537,155.8899,75.0974,80.7925,-3.7952,122.3602,34.62,100.0
MLT,Malta,2005,6393234964.9306,2.8812,15831.344,3.008,3.4761,6.923,162570.0,403834.0,79.3,157.5485,74.2236,83.3249,-6.5361,341.0077,41.24,100.0
MLT,Malta,2006,6749838861.6318,2.3362,16653.6038,2.7738,3.3068,6.798,164624.0,405308.0,79.439,182.4341,89.1792,93.2548,-7.8624,370.9036,40.41,100.0
MLT,Malta,2007,7908412373.8431,5.0364,19444.1744,1.2492,3.9102,6.472,168700.0,406724.0,79.7927,184.8313,90.8535,93.9778,-2.0135,450.0458,46.9,100.0
MLT,Malta,2008,9172399572.8574,4.4106,22405.6426,4.2586,2.4334,5.977,171139.0,409379.0,79.6366,185.7495,91.4724,94.2771,-0.8391,161.7654,50.08,100.0
MLT,Malta,2009,8769897418.3814,-1.3952,21261.5429,2.0843,2.1756,6.896,174214.0,412477.0,80.2415,163.5568,81.0329,82.524,-6.3603,16.4753,58.86,100.0
MLT,Malta,2010,9097044301.4817,6.1973,21946.6073,1.5156,1.785,6.861,177951.0,414508.0,81.3976,178.233,89.6241,88.6088,-4.6136,101.6264,63.0,100.0
MLT,Malta,2011,9789363086.0749,0.9922,23516.9724,2.963,3.2155,6.388,182010.0,416268.0,80.7463,192.0273,97.4412,94.5862,-0.1329,79.7489,68.0198,100.0
MLT,Malta,2012,9609530618.8969,4.1017,22878.3096,2.3758,2.4881,6.203,188723.0,420028.0,80.7463,199.2139,100.7991,98.4147,1.5736,34.5865,68.1999,100.0
MLT,Malta,2013,10796780874.0524,6.2923,25415.5525,1.1803,2.3958,6.115,196467.0,424810.0,81.7463,187.4323,97.6696,89.7626,2.5037,4.7242,68.9138,100.0
MLT,Malta,2014,11888029751.5962,7.6314,27424.5694,0.3103,,5.737,204859.0,433481.0,81.8951,181.3011,96.9298,84.3713,8.3422,1.3112,73.1141,100.0
MLT,Malta,2015,11340789705.8045,9.6207,25529.6693,1.1005,,5.389,211969.0,444220.0,81.7976,207.196,108.7326,98.4634,2.6501,32.1027,75.96,100.0
MLT,Malta,2016,12025777078.0922,4.078,26459.0644,0.6427,,4.694,220741.0,454505.0,82.3537,213.3595,113.1663,100.1932,-0.5518,23.084,78.0751,100.0
MLT,Malta,2017,14161374599.3379,12.9713,30317.2612,1.3644,,4.008,231534.0,467106.0,82.1951,213.0476,116.6265,96.4211,19.1577,299.8248,81.0119,100.0
MLT,Malta,2018,16153785816.8181,7.1892,33382.2808,1.1578,,3.956,247175.0,483903.0,82.2488,228.0986,123.3493,104.7492,13.3484,452.2209,81.658,100.0
MLT,Malta,2019,16337788880.578,4.0851,32421.9087,1.6421,,4.08,262597.0,503912.0,82.6585,233.0704,124.52,108.5504,17.8499,198.1996,85.7786,100.0
MLT,Malta,2020,16404655807.6687,-3.4573,31823.422,0.6385,,4.856,274659.0,515490.0,82.0976,242.3612,129.9541,112.4071,16.0981,191.9219,86.8588,100.0
MLT,Malta,2021,19730119030.6198,13.351,38078.0064,1.4979,,3.754,280621.0,518150.0,82.2585,220.0723,118.7841,101.2882,9.3448,433.6068,87.4698,100.0
MLT,Malta,2022,18938869147.0818,2.5928,35658.8318,6.1538,,3.471,295009.0,531113.0,82.2976,244.5815,128.2995,116.2821,-2.8281,114.9895,91.5406,100.0
MLT,Malta,2023,22625329775.6867,10.6341,40932.5239,5.094,,3.479,308595.0,552747.0,83.3561,221.1333,119.7483,101.385,6.5391,108.7353,92.0727,100.0
MLT,Malta,2024,25042712191.3281,6.2128,44023.6341,1.6508,,3.1,317434.0,568847.0,82.9561,217.7303,118.4815,99.2488,7.0996,170.0535,93.8603,100.0
MLT,Malta,2025,27771821560.9411,3.9616,47906.9,2.3635,,2.896,323052.0,579704.0,,219.0144,119.1096,99.9048,,,,
MMR,Myanmar,2000,8905066163.5864,13.7459,196.6196,-0.1092,15.9156,0.712,20800913.0,45290841.0,60.357,,,,-2.3596,2.8612,,41.9
MMR,Myanmar,2001,6477790688.2284,11.344,141.5257,21.1013,-5.1127,0.689,21102417.0,45771139.0,60.64,,,,-2.3464,3.2157,0.0003,43.0
MMR,Myanmar,2002,6777632512.0781,12.0255,146.5984,57.0745,-16.2869,0.685,21367504.0,46232653.0,60.925,,,,1.4102,2.2207,0.0004,47.0
MMR,Myanmar,2003,10467109977.6717,13.844,224.2927,36.5897,-1.6888,0.686,21594103.0,46667192.0,61.196,,,,-0.1824,2.3778,0.0241,45.1
MMR,Myanmar,2004,10567354056.4049,13.5647,224.5088,4.5342,14.3439,0.677,21805694.0,47068772.0,61.443,,,,1.0434,2.0002,0.0243,46.2
MMR,Myanmar,2005,11986972418.5103,13.569,252.6852,9.3686,-0.5891,0.672,22008149.0,47438365.0,61.72,,,,4.8538,1.9597,0.0652,47.3
MMR,Myanmar,2006,14502553709.8303,13.0761,303.4951,19.9965,-1.2412,0.676,22204774.0,47785135.0,62.026,,,,5.4741,1.9018,0.182,48.4
MMR,Myanmar,2007,20182477480.5512,11.9914,419.3758,35.0246,-2.2005,0.684,22403892.0,48125043.0,62.367,,,,6.8413,3.5175,0.2171,49.5
MMR,Myanmar,2008,31862554101.9378,10.2553,658.4425,26.7995,6.4289,0.7,22585838.0,48390793.0,56.364,,,,3.9138,2.7113,0.22,50.6
MMR,Myanmar,2009,36906181380.8127,10.55,758.4429,1.4723,15.2981,0.712,22768679.0,48660459.0,63.095,,,,2.6717,2.9236,0.22,51.8
MMR,Myanmar,2010,49540813342.4834,9.6344,1010.5342,7.7184,12.9666,0.725,22995561.0,49024382.0,63.479,,,,3.1775,1.819,0.25,48.8
MMR,Myanmar,2011,59977326085.9908,5.5915,1213.629,5.0215,8.932,0.749,23266915.0,49419820.0,63.859,,,,-2.6029,4.2013,0.98,54.1
MMR,Myanmar,2012,59937796648.2158,7.3327,1202.6659,1.4676,12.4793,0.768,23537336.0,49837446.0,64.251,,,,-2.1016,2.2254,1.4,55.3
MMR,Myanmar,2013,60269732854.827,8.426,1199.0956,5.643,11.1345,0.775,23798826.0,50262658.0,64.617,,,,-0.6447,3.7409,1.8,56.5
MMR,Myanmar,2014,65531374199.6663,8.1699,1293.0004,4.9533,11.6348,0.763,24050959.0,50681634.0,64.994,,,,-3.7867,3.319,7.4,52.0
MMR,Myanmar,2015,59607290407.6191,6.9928,1166.7331,9.4542,11.392,0.766,24298397.0,51089056.0,65.288,,,,-5.216,6.8512,10.9,60.5
MMR,Myanmar,2016,63298361996.2153,5.8625,1229.1971,6.9288,11.9522,1.058,24084188.0,51495696.0,65.64,,,,-3.0317,5.1788,16.0,55.6
MMR,Myanmar,2017,66053040483.0016,6.1361,1272.8224,4.5725,9.5648,1.356,23847667.0,51894938.0,65.909,,,,-7.4437,7.2734,23.6211,69.8
MMR,Myanmar,2018,67860515989.517,6.2689,1298.2131,6.8723,10.1185,0.767,24244077.0,52272247.0,66.232,,,,-3.7742,2.6056,29.379,66.1
MMR,Myanmar,2019,75065106227.6892,6.5791,1425.9895,8.8251,10.033,0.407,23767370.0,52640713.0,66.457,,,,0.0902,2.3121,36.5405,68.3
MMR,Myanmar,2020,79006113643.1906,-9.0483,1490.2168,,9.0078,1.476,23870997.0,53016522.0,66.612,,,,,2.4139,45.4477,70.4
MMR,Myanmar,2021,66345291160.1683,-12.0164,1242.7213,,,4.34,22117425.0,53387102.0,65.553,,,,,3.1149,,72.5
MMR,Myanmar,2022,62253049891.6449,4.0375,1158.0501,,,3.063,22343279.0,53756787.0,66.506,,,,,1.9895,,73.7
MMR,Myanmar,2023,66757619000.0,0.9584,1233.1967,,,2.977,22552833.0,54133798.0,66.889,,,,,2.2772,,76.8
MMR,Myanmar,2024,74068349523.8095,-0.972,1359.05,,,2.887,22744175.0,54500091.0,67.095,,,,,1.4788,,80.4
MMR,Myanmar,2025,81665773809.5238,-2.0118,1488.8753,,,3.047,22940495.0,54850648.0,,,,,,,,
MNE,Montenegro,2000,984293043.8116,3.1,1627.0651,,,30.447,232893.0,604950.0,73.3968,87.9252,36.815,51.1102,,,,99.1
MNE,Montenegro,2001,1159869245.9251,1.0998,1909.5987,,,30.542,234430.0,607389.0,73.5802,100.4094,38.4235,61.9859,,,,99.1
MNE,Montenegro,2002,1286314054.1918,1.9039,2109.3063,,,30.356,235459.0,609828.0,73.9652,95.2294,35.3561,59.8733,,,,99.0
MNE,Montenegro,2003,1708196980.6871,2.4827,2789.9544,,,30.39,236139.0,612267.0,74.0557,77.5984,30.6112,46.9871,,,,99.0
MNE,Montenegro,2004,2077046941.9232,4.4261,3386.381,,,30.342,236151.0,613353.0,74.2056,100.1097,42.022,58.0876,,,25.3501,99.0
MNE,Montenegro,2005,2258016379.8163,4.1806,3675.9885,,7.7431,30.31,236413.0,614261.0,73.9829,104.6251,43.5491,61.076,,,27.1,99.8
MNE,Montenegro,2006,2719979875.0341,8.5664,4422.5517,2.9245,1.1071,24.815,236784.0,615025.0,73.839,118.1771,40.6243,77.5529,,,28.9,99.0
MNE,Montenegro,2007,3682586459.4284,7.1376,5979.4381,4.3471,-5.679,19.4,237904.0,615875.0,74.339,128.8442,43.0358,85.8084,-39.7566,25.4538,30.8,99.0
MNE,Montenegro,2008,4559410049.1032,6.8986,7390.0148,8.7587,1.2185,17.15,239413.0,616969.0,75.1366,132.4805,39.5616,92.9189,-49.4977,21.3903,32.9,99.0
MNE,Montenegro,2009,4159063347.2725,-5.9944,6726.6759,3.4667,6.8779,19.09,240355.0,618294.0,75.1439,99.8256,34.4692,65.3564,-27.6875,37.2749,35.1,99.1
MNE,Montenegro,2010,4136936243.5433,2.7756,6678.6394,0.6549,7.5682,19.649,241466.0,619428.0,75.9902,98.8685,36.7148,62.1537,-20.5963,18.3289,37.5,99.2
MNE,Montenegro,2011,4507127584.9057,3.4098,7265.5177,3.4501,9.3123,19.759,242523.0,620345.0,76.0829,106.7527,42.4417,64.311,-14.7485,12.3507,35.6115,99.0
MNE,Montenegro,2012,4071828832.3111,-2.4873,6552.4797,4.1452,9.154,19.808,249367.0,621418.0,76.3,108.78,42.2205,66.5595,-15.6849,15.1806,56.8388,99.3
MNE,Montenegro,2013,4422097042.1476,3.3861,7102.7777,2.2059,7.648,19.585,250114.0,622587.0,76.4902,103.786,41.7507,62.0353,-11.5654,10.096,60.31,99.7
MNE,Montenegro,2014,4579635403.6525,2.3703,7342.1715,-0.7105,8.1841,18.054,262021.0,623744.0,76.339,100.4384,40.2683,60.1701,-12.456,10.8523,63.8869,97.7
MNE,Montenegro,2015,4010884106.8014,2.5231,6421.0001,1.5487,6.4986,17.555,266278.0,624651.0,76.6024,104.1251,42.7284,61.3967,-11.0484,17.4489,68.1198,99.5
MNE,Montenegro,2016,4357467226.269,3.4393,6968.012,-0.2714,2.5601,17.732,268662.0,625353.0,76.5415,104.136,40.782,63.354,-16.2362,5.2026,69.8816,99.6
MNE,Montenegro,2017,4803964684.2165,3.2167,7674.2857,2.3802,2.4264,16.082,268583.0,625982.0,76.6854,106.7114,41.5011,65.2103,-15.8496,11.6709,71.2723,100.0
MNE,Montenegro,2018,5433469310.8518,4.7329,8673.5947,2.6112,3.1221,15.19,273696.0,626438.0,77.8854,111.0989,43.4586,67.6404,-17.356,8.9382,71.5171,100.0
MNE,Montenegro,2019,5483622632.131,4.3939,8749.2563,0.3616,4.109,15.128,278968.0,626753.0,76.6829,110.0161,44.3238,65.6923,-14.5096,7.6152,73.4767,100.0
MNE,Montenegro,2020,4734192593.2917,-14.9926,7555.487,-0.2557,6.3967,17.878,257436.0,626590.0,75.9317,87.8612,26.2522,61.609,-26.1296,11.2142,77.6088,99.9
MNE,Montenegro,2021,5822908963.5805,13.0463,9315.8644,2.4108,0.6551,16.543,245080.0,625053.0,73.8244,105.7192,43.1194,62.5999,-9.2943,11.914,82.2197,99.8
MNE,Montenegro,2022,6259721790.0652,7.7395,10038.1849,13.0403,-5.7371,14.851,282083.0,623591.0,76.1878,125.4559,51.3449,74.111,-13.0654,13.9393,88.2219,100.0
MNE,Montenegro,2023,7643318276.4035,6.4784,12258.16,8.5848,-4.7781,13.146,298219.0,623529.0,77.5878,116.8067,49.229,67.5776,-11.1408,6.8801,88.5516,100.0
MNE,Montenegro,2024,8274290505.9637,3.1641,13270.1824,3.3368,1.688,13.206,297284.0,623525.0,77.8902,109.9441,43.7471,66.197,-16.973,7.2445,88.8826,100.0
MNE,Montenegro,2025,9232801464.7926,2.7446,14816.838,3.8996,2.2013,13.572,296618.0,623129.0,,105.7738,40.0627,65.7111,-20.382,7.3238,,
MNG,Mongolia,2000,1136896123.613,1.1461,476.0276,11.5955,22.2795,5.992,921234.0,2388299.0,63.2105,121.8866,53.9968,67.8899,-6.1455,4.7231,1.2557,67.3
MNG,Mongolia,2001,1267997934.3125,2.9527,524.4535,6.2774,24.3566,6.111,949903.0,2417751.0,63.3917,115.8183,50.3183,65.5,-4.8659,4.9685,1.6532,71.7
MNG,Mongolia,2002,1396555719.9741,4.733,570.2492,0.9171,27.4016,6.2,978725.0,2449027.0,63.5402,118.5173,50.7266,67.7906,-7.5299,5.5673,2.0396,72.8
MNG,Mongolia,2003,1595297355.7835,7.0046,643.1681,5.129,19.6578,6.768,1006251.0,2480374.0,63.5754,120.2994,52.352,67.9473,-6.185,8.2455,,76.3
MNG,Mongolia,2004,1992066808.096,10.6254,794.1546,8.2412,12.6675,6.851,1029993.0,2508412.0,64.6302,131.3293,60.7878,70.5415,3.1628,4.6645,,74.8
MNG,Mongolia,2005,2523471601.1042,7.2537,994.9001,12.7166,8.7198,7.015,1054193.0,2536407.0,65.2807,122.3815,58.7694,63.6121,3.4679,7.435,9.0,86.2
MNG,Mongolia,2006,3414055661.616,8.5562,1329.8918,5.0952,4.056,7.193,1077494.0,2567168.0,65.9022,112.93,59.4433,53.4867,10.9007,7.1897,9.0,77.0
MNG,Mongolia,2007,4234999703.9006,10.248,1627.6879,9.631,9.1372,7.2,1100221.0,2601850.0,66.5934,117.8804,59.6144,58.266,4.0564,8.8019,9.0,78.1
MNG,Mongolia,2008,5623216608.0429,8.9004,2127.4268,27.9557,-0.7126,5.565,1111016.0,2643201.0,67.2461,121.198,54.017,67.181,-12.2838,15.0216,9.8,79.2
MNG,Mongolia,2009,4583850367.8897,-1.2686,1703.3276,7.6195,19.4843,5.86,1138353.0,2691115.0,67.969,107.8138,50.278,57.5358,-7.4562,13.6045,10.0,80.3
MNG,Mongolia,2010,7189481998.9009,6.3652,2625.2188,10.0462,-13.7302,6.549,1160567.0,2738622.0,68.5056,103.35,46.679,56.671,-12.3162,23.5263,10.2,78.5
MNG,Mongolia,2011,10409797377.8571,17.2908,3736.042,8.4112,1.2945,4.769,1199560.0,2786317.0,69.1093,126.9992,52.5536,74.4457,-43.3455,43.9121,12.5,72.1
MNG,Mongolia,2012,12292770631.565,12.3198,4328.89,14.3303,4.7253,3.905,1217413.0,2839705.0,69.5002,109.5886,43.5722,66.0164,-43.7712,34.756,16.4,83.7
MNG,Mongolia,2013,12582122604.2577,11.6489,4340.1431,10.4907,15.1341,4.231,1234106.0,2899011.0,70.098,100.312,38.8902,61.4218,-37.6077,16.3701,17.7,81.2
MNG,Mongolia,2014,12226514668.0622,7.8852,4126.2398,12.254,10.7741,4.798,1255944.0,2963113.0,70.5832,109.3223,52.249,57.0733,-15.8209,2.7626,19.9424,86.0
MNG,Mongolia,2015,11619892590.6941,2.3798,3838.9213,5.7357,18.8381,4.861,1272830.0,3026864.0,70.8102,89.6537,44.1841,45.4696,-8.1623,0.8117,22.5,88.0
MNG,Mongolia,2016,11181350649.3573,1.4898,3619.9003,0.7333,16.2617,7.235,1258931.0,3088856.0,70.2239,101.0552,50.8722,50.183,-6.2575,-37.1727,22.2658,90.8
MNG,Mongolia,2017,11480847740.736,5.6369,3645.9671,4.3014,8.3091,6.359,1286695.0,3148917.0,70.5434,115.9329,59.1667,56.7662,-10.0641,13.016,23.7143,93.6
MNG,Mongolia,2018,13178094720.4986,7.7449,4107.6429,6.8242,9.0345,5.377,1310964.0,3208189.0,70.8271,126.3559,58.1648,68.1911,-14.4369,14.8089,47.13,98.1
MNG,Mongolia,2019,14206359017.5143,5.6022,4347.5461,7.3011,6.3874,9.024,1451060.0,3267673.0,71.0532,124.3965,59.2172,65.1793,-15.2163,17.1989,51.08,98.9
MNG,Mongolia,2020,13312981429.0891,-4.5578,4001.2519,3.7237,12.7513,6.413,1418986.0,3327204.0,71.349,112.8386,57.6603,55.1783,-5.0673,12.9131,62.5,99.5
MNG,Mongolia,2021,15286441737.6686,1.6368,4517.6158,7.3589,1.3867,7.871,1389087.0,3383741.0,71.6451,119.0981,58.5489,60.5492,-13.7929,14.2177,81.6068,100.0
MNG,Mongolia,2022,17146471713.748,5.0327,4993.5149,15.151,,5.954,1442982.0,3433748.0,71.9007,136.3279,65.0614,71.2666,-13.4342,14.6053,81.0772,100.0
MNG,Mongolia,2023,20325121393.9074,7.4221,5838.6311,10.3476,,5.178,1426526.0,3481145.0,72.1224,142.8642,76.2571,66.6071,0.5966,11.0581,83.7432,100.0
MNG,Mongolia,2024,23794540024.5132,5.122,6750.6301,6.1978,,5.158,1441482.0,3524788.0,72.398,138.4484,68.7166,69.7318,-10.4454,11.6925,85.1235,99.1
MNG,Mongolia,2025,25369107325.4549,6.8439,7108.2274,8.6054,,5.233,1457964.0,3568978.0,,130.7074,68.0691,62.6384,,,,
MNP,Northern Mariana Islands,2000,,,,,,,,68356.0,74.9,,,,,,,100.0
MNP,Northern Mariana Islands,2001,,,,,,,,67984.0,75.419,,,,,,,100.0
MNP,Northern Mariana Islands,2002,1284000000.0,,19227.8894,,,,,66778.0,75.934,151.947,91.0436,60.9034,,,,99.9
MNP,Northern Mariana Islands,2003,1239000000.0,0.3432,18938.8728,,,,,65421.0,76.505,152.7038,90.2341,62.4697,,,,99.9
MNP,Northern Mariana Islands,2004,1210000000.0,-3.078,18924.5832,,,,,63938.0,76.789,178.0992,100.6612,77.438,,,,99.8
MNP,Northern Mariana Islands,2005,1061000000.0,-12.7029,17015.7488,,,,,62354.0,77.307,174.5523,95.853,78.6993,,,,99.8
MNP,Northern Mariana Islands,2006,990000000.0,-6.8715,16314.5579,,,,,60682.0,77.688,159.697,83.7374,75.9596,,,,99.7
MNP,Northern Mariana Islands,2007,938000000.0,-6.684,15914.2193,,,,,58941.0,77.863,128.5714,66.8443,61.7271,,,,100.0
MNP,Northern Mariana Islands,2008,939000000.0,-11.0698,16430.4462,,,,,57150.0,77.938,100.852,51.9702,48.8818,,,,100.0
MNP,Northern Mariana Islands,2009,795000000.0,-17.5732,14369.634,,,,,55325.0,77.903,84.5283,39.2453,45.283,,,,100.0
MNP,Northern Mariana Islands,2010,799000000.0,1.3959,14771.4037,,,,,54091.0,77.8,92.6158,41.9274,50.6884,,,,100.0
MNP,Northern Mariana Islands,2011,729000000.0,-7.3842,13598.7166,,,,,53608.0,77.688,105.0754,43.4842,61.5912,,,,100.0
MNP,Northern Mariana Islands,2012,746000000.0,0.8108,14013.6003,,,,,53234.0,77.566,114.8794,50.8043,64.0751,,,,100.0
MNP,Northern Mariana Islands,2013,772000000.0,2.681,14632.8519,,,,,52758.0,77.452,120.0777,52.0725,68.0052,,,,100.0
MNP,Northern Mariana Islands,2014,832000000.0,4.1775,15945.4176,,,,,52178.0,77.377,119.8317,52.524,67.3077,,,,100.0
MNP,Northern Mariana Islands,2015,910000000.0,3.3835,17665.1007,,,,,51514.0,77.36,122.7473,52.967,69.7802,,,,100.0
MNP,Northern Mariana Islands,2016,1230000000.0,29.2121,24225.4742,,,,,50773.0,77.392,152.8455,71.7073,81.1382,,,,100.0
MNP,Northern Mariana Islands,2017,1560000000.0,23.1707,31225.605,,,,,49959.0,77.47,131.4103,69.2949,62.1154,,,,100.0
MNP,Northern Mariana Islands,2018,1301000000.0,-19.4973,26509.3628,,,,,49077.0,77.51,108.7625,50.7302,58.0323,,,,100.0
MNP,Northern Mariana Islands,2019,1179000000.0,-11.4475,24496.6652,,,,,48129.0,77.844,104.7498,42.4936,62.2561,,,,100.0
MNP,Northern Mariana Islands,2020,866000000.0,-29.0598,18220.8382,,,,,47528.0,78.03,78.9838,14.7806,64.2032,,,,100.0
MNP,Northern Mariana Islands,2021,914000000.0,4.9699,19455.5014,,,,,46979.0,78.16,78.884,6.0175,72.8665,,,,100.0
MNP,Northern Mariana Islands,2022,1096000000.0,16.6428,23785.7546,,,,,46078.0,78.531,93.1569,22.2628,70.8942,,,,100.0
MNP,Northern Mariana Islands,2023,,,,,,,,45143.0,78.808,,,,,,,100.0
MNP,Northern Mariana Islands,2024,,,,,,,,44278.0,78.947,,,,,,,100.0
MNP,Northern Mariana Islands,2025,,,,,,,,43541.0,,,,,,,,
MOZ,Mozambique,2000,5930685214.6159,0.7662,327.1262,,6.6511,2.832,8468296.0,18129653.0,49.476,47.9209,11.2857,36.6352,,2.3488,0.1096,6.1
MOZ,Mozambique,2001,5650154067.1035,12.8517,304.7921,,6.9236,2.838,8679877.0,18537729.0,50.259,50.4153,18.7398,31.6755,,4.5209,0.16,5.7
MOZ,Mozambique,2002,5950769426.6021,9.6685,313.8867,,15.3657,2.902,8900839.0,18958338.0,50.879,73.3092,21.4699,51.8392,,5.8354,0.2596,8.4
MOZ,Mozambique,2003,6583526860.5806,7.2177,339.4887,,20.3105,2.857,9131272.0,19392475.0,51.383,70.1684,22.8119,47.3565,,5.1143,0.4195,8.1
MOZ,Mozambique,2004,7937255565.3576,8.2047,400.057,,15.3891,2.953,9280551.0,19840313.0,51.855,72.052,26.3746,45.6774,,5.9909,0.6794,10.7
MOZ,Mozambique,2005,8868504899.9467,6.312,436.7739,6.4276,11.3072,3.035,9434822.0,20304569.0,52.322,72.0093,27.8678,44.1415,-8.5763,1.3803,0.8544,11.8
MOZ,Mozambique,2006,9509835536.9337,9.9107,457.4876,13.2451,10.3293,3.037,9594635.0,20787087.0,52.748,67.3499,28.0397,39.3102,-7.9437,2.6409,0.843,13.0
MOZ,Mozambique,2007,10811456005.9405,7.6494,507.8749,8.4895,11.2449,3.082,9755517.0,21287635.0,53.255,66.1204,28.3208,37.7995,-7.2719,3.8541,0.91,12.4
MOZ,Mozambique,2008,12920340964.6544,6.878,592.1591,14.5028,12.5125,3.112,9917392.0,21819036.0,53.799,64.9814,27.3463,37.6352,-8.879,4.9643,1.56,13.6
MOZ,Mozambique,2009,12263894790.0125,5.929,547.6971,3.7886,13.9983,3.207,10084170.0,22391745.0,54.4,67.8986,27.9834,39.9152,-9.9984,7.5841,2.68,15.0
MOZ,Mozambique,2010,11411894723.864,6.6797,496.1858,12.4255,8.0054,3.259,10258571.0,22999235.0,55.04,73.8374,29.3682,44.4691,-14.7166,11.0276,4.17,18.9
MOZ,Mozambique,2011,14619279988.716,7.1341,618.1765,11.1666,16.3669,3.295,10455626.0,23649039.0,55.733,84.4062,31.3789,53.0273,-22.7704,25.0624,4.6,20.2
MOZ,Mozambique,2012,16688114144.0745,7.9945,685.6857,2.6025,13.2186,3.304,10674835.0,24337846.0,56.46,105.9346,30.0174,75.9171,-40.6875,33.7671,5.0,21.2
MOZ,Mozambique,2013,17198073057.1981,6.5714,686.5057,4.2614,12.3969,3.345,10904768.0,25051611.0,57.189,109.3854,27.9938,81.3916,-36.3613,38.9429,5.5,22.4
MOZ,Mozambique,2014,17978246586.0662,7.7026,697.1427,2.5597,13.5648,3.377,11146461.0,25788475.0,57.965,116.3569,32.789,83.5678,-32.2453,27.8047,6.0,24.8
MOZ,Mozambique,2015,16208985769.615,7.3931,610.5638,3.5508,7.2918,3.426,11397352.0,26547572.0,58.711,98.7612,32.5723,66.1889,-36.6948,23.8655,6.5,24.0
MOZ,Mozambique,2016,12069051237.1711,4.697,441.4897,17.418,8.0377,3.65,11753394.0,27337105.0,59.455,110.3944,35.3819,75.0124,-33.6916,25.9188,7.0,26.2
MOZ,Mozambique,2017,13264640645.7768,2.6382,470.9386,15.1132,18.4094,3.935,12130020.0,28166393.0,60.148,105.7456,41.0435,64.7022,-17.9388,17.4831,7.7963,24.3
MOZ,Mozambique,2018,15017358952.8452,3.4849,517.5073,3.9113,18.4866,4.21,12515124.0,29018644.0,60.79,124.6075,45.531,79.0764,-29.4675,11.1741,10.9,31.1
MOZ,Mozambique,2019,15512759046.672,2.3178,519.0926,2.8027,13.6425,4.462,12903560.0,29884380.0,61.306,105.5912,37.1421,68.4491,-16.0764,21.7842,12.4793,29.7
MOZ,Mozambique,2020,14235420174.1884,-1.2195,462.4339,3.4839,13.4759,5.019,13187062.0,30783688.0,61.39,99.9061,32.7899,67.1163,-24.9913,22.3944,14.2874,30.6
MOZ,Mozambique,2021,16168055475.4449,2.3774,509.9078,6.4085,13.0235,5.413,13595901.0,31707800.0,60.268,112.079,40.3505,71.7285,-21.1928,32.7522,16.3576,31.5
MOZ,Mozambique,2022,18884232598.8698,4.3693,578.2732,10.2794,10.062,6.789,14168284.0,32656246.0,63.011,135.2745,49.8251,85.4494,-33.7148,16.0037,18.9622,33.2
MOZ,Mozambique,2023,20927498317.3094,5.5038,622.1911,7.127,17.7015,6.661,14644495.0,33635160.0,63.611,106.0261,45.6003,60.4258,-10.547,12.8229,19.9456,36.0
MOZ,Mozambique,2024,22752244245.473,2.1489,656.9761,4.0786,14.3343,6.668,15148294.0,34631766.0,63.797,95.6304,42.8223,52.8081,-10.9577,15.421,20.5273,36.9
MOZ,Mozambique,2025,22337997046.1913,-0.5235,626.9144,4.3685,18.7492,6.628,15658114.0,35631653.0,,97.1038,41.3815,55.7223,,,,
MRT,Mauritania,2000,1779520886.4701,-3.918,680.9111,3.2541,18.0832,10.03,670649.0,2613441.0,61.044,58.9404,25.5171,33.4233,,2.2532,0.192,19.1
MRT,Mauritania,2001,1746063557.6135,-0.7995,651.8178,4.7149,15.7554,10.132,685336.0,2678760.0,61.662,60.7012,25.537,35.1642,,4.3927,0.2614,22.2
MRT,Mauritania,2002,1777057481.2604,1.3815,648.8796,3.8957,13.3863,10.201,697153.0,2738655.0,62.249,56.7855,24.7736,32.0119,,3.7894,0.3632,21.7
MRT,Mauritania,2003,2051147606.7369,6.9283,732.0178,5.1519,15.8056,9.911,709947.0,2802046.0,62.805,55.318,19.1248,36.1933,,4.9708,0.424,23.0
MRT,Mauritania,2004,2362501023.2425,4.7328,823.5545,10.3676,9.0704,9.77,723366.0,2868664.0,63.369,75.2188,23.2693,51.9495,,17.1048,0.4815,24.3
MRT,Mauritania,2005,2936019525.6024,8.5663,998.9658,12.1256,7.4164,9.59,737537.0,2939059.0,63.92,88.2351,26.7532,61.4819,,27.652,0.67,18.2
MRT,Mauritania,2006,3919577285.927,18.3332,1300.6037,6.241,8.6851,9.313,752518.0,3013660.0,64.493,82.7885,42.3641,40.4244,,3.9443,0.9797,27.0
MRT,Mauritania,2007,4346212355.0297,-1.9694,1405.1502,7.2541,13.4114,9.482,768512.0,3093059.0,64.885,86.0641,40.5232,45.5409,,3.2068,1.4336,33.0
MRT,Mauritania,2008,5206437193.8041,-0.3311,1635.5631,7.3466,8.6862,9.715,788979.0,3183269.0,65.233,94.1202,41.6029,52.5174,,6.5836,1.87,30.0
MRT,Mauritania,2009,4714595547.751,0.0979,1435.4301,2.2209,19.9305,10.214,813148.0,3284448.0,65.485,82.0086,37.2457,44.7629,,-0.0652,2.28,31.1
MRT,Mauritania,2010,5628878797.9826,2.6202,1659.9637,6.2835,-4.3674,10.093,836733.0,3390965.0,65.661,93.4207,45.7393,47.6814,,2.3189,4.0,34.2
MRT,Mauritania,2011,6764627745.9033,4.1728,1931.1998,5.6863,-0.466,9.976,859554.0,3502811.0,65.754,98.4853,50.1828,48.3025,,8.7034,4.5,35.3
MRT,Mauritania,2012,6728208836.2214,4.47,1859.1173,4.9024,16.4691,9.864,881729.0,3619034.0,65.808,110.7881,48.2614,62.5268,-18.2232,20.6013,5.0,36.4
MRT,Mauritania,2013,7230646063.3598,4.1508,1936.2695,4.1291,11.9746,9.926,897627.0,3734318.0,65.89,102.3988,45.5486,56.8502,-17.4502,15.5727,6.2,37.6
MRT,Mauritania,2014,6615483550.1782,4.2748,1718.9709,3.5344,32.768,10.026,913659.0,3848514.0,66.207,91.6104,37.3892,54.2212,-22.2677,7.5972,11.8,38.8
MRT,Mauritania,2015,6182303676.5514,5.3763,1558.8421,3.2547,22.8913,10.104,930280.0,3965959.0,66.498,77.3468,30.1951,47.1516,-15.4626,8.1155,17.6,39.5
MRT,Mauritania,2016,6407900701.2583,1.2609,1568.0055,1.4717,5.2062,10.287,947607.0,4086657.0,66.823,73.1533,33.9251,39.2281,-11.0299,4.2313,19.2328,41.2
MRT,Mauritania,2017,6812472965.3387,6.2705,1617.934,2.2543,15.1757,10.336,965695.0,4210600.0,67.088,78.815,34.5057,44.3093,-10.4074,8.6344,21.0172,42.9
MRT,Mauritania,2018,7475471309.5226,4.7722,1723.3781,3.0674,,10.411,995824.0,4337685.0,67.419,89.1467,36.5863,52.5605,-13.0144,10.339,22.967,43.6
MRT,Mauritania,2019,7894764885.8231,3.141,1767.0727,2.3001,,10.416,1027210.0,4467708.0,67.64,93.4867,42.3975,51.0892,-10.5273,-11.1917,25.0978,44.9
MRT,Mauritania,2020,8260567356.8163,-0.3607,1795.7244,2.3857,,11.051,1047982.0,4600131.0,66.794,86.7762,41.4061,45.3701,-6.975,11.2331,29.9065,45.4
MRT,Mauritania,2021,9221044666.7648,0.7427,1947.4741,3.5652,,11.131,1086687.0,4734874.0,66.762,88.3069,39.856,48.4509,-8.7611,11.6066,35.6366,47.7
MRT,Mauritania,2022,9562497460.5539,6.796,1961.2817,9.5253,,10.52,1130709.0,4875637.0,68.281,102.0259,39.7378,62.2881,-14.8925,14.6575,42.4645,49.0
MRT,Mauritania,2023,10687541640.1299,6.8095,2127.9576,4.9531,,10.37,1170884.0,5022441.0,68.484,92.1654,38.4071,53.7584,-9.0433,7.9378,44.9563,50.3
MRT,Mauritania,2024,10879212033.4823,6.3076,2104.5426,2.4916,,10.257,1211128.0,5169395.0,68.713,93.5988,41.4108,52.188,-9.5538,13.2389,45.7794,52.2
MRT,Mauritania,2025,11679910946.4371,4.0289,2197.5105,1.548,,10.319,1248560.0,5315065.0,,94.0243,39.8529,54.1713,,,,
MUS,Mauritius,2000,4726108622.4766,8.2028,3981.9834,4.1993,16.7884,9.125,519717.0,1186873.0,71.6634,120.6876,60.2826,60.4051,-0.7816,5.6207,7.2815,99.0
MUS,Mauritius,2001,4675755867.1766,3.3475,3908.5569,5.3893,13.9997,9.14,514388.0,1196287.0,71.7659,128.0546,67.0838,60.9708,5.9045,-0.5919,8.7809,99.2
MUS,Mauritius,2002,4906494249.3826,1.6149,4073.0605,6.4193,13.9153,8.205,526227.0,1204621.0,71.9659,118.2305,60.7899,57.4406,5.0828,0.6537,10.2526,99.4
MUS,Mauritius,2003,5894873919.748,5.9254,4858.2658,3.9211,14.5582,8.318,552982.0,1213370.0,72.1171,108.6556,55.2632,53.3924,1.5806,1.0625,12.1871,99.1
MUS,Mauritius,2004,6667418752.0731,4.33,5460.608,4.7104,13.2477,8.337,543713.0,1221003.0,72.2659,107.0277,52.6147,54.413,-1.6766,0.2084,13.6891,99.0
MUS,Mauritius,2005,6576108447.4753,1.7775,5354.0297,4.9372,16.4443,9.524,553847.0,1228254.0,72.4322,121.6087,58.2403,63.3684,-4.9262,0.6353,15.1722,99.0
MUS,Mauritius,2006,7137710412.9369,4.8655,5784.2249,8.9135,8.8238,9.04,557780.0,1233996.0,72.4322,124.7823,57.3596,67.4227,-8.4678,1.4957,16.7,99.0
MUS,Mauritius,2007,8277474849.9504,5.7638,6677.3754,8.8273,12.5501,8.475,556648.0,1239630.0,72.5707,118.6236,54.7867,63.8369,-5.2424,4.1168,20.22,99.0
MUS,Mauritius,2008,10127741914.5324,5.4631,8140.4798,9.7323,5.811,7.17,563956.0,1244121.0,72.5707,113.4931,50.1359,63.3572,-9.6346,3.7296,21.81,99.0
MUS,Mauritius,2009,9264482255.8339,3.3635,7426.8614,2.5161,9.901,7.257,571049.0,1247429.0,72.8824,102.4584,46.6863,55.772,-7.0697,2.7706,22.51,99.0
MUS,Mauritius,2010,10144716154.9356,4.3967,8113.1767,2.9324,7.763,7.654,584117.0,1250400.0,72.9673,111.5082,50.2813,61.2269,-9.9143,4.2381,28.33,99.4
MUS,Mauritius,2011,11677718382.4259,4.1456,9324.2423,6.5225,5.6758,7.447,581250.0,1252404.0,73.2668,115.5525,51.4752,64.0773,-13.3613,3.7108,34.95,99.6
MUS,Mauritius,2012,11832323837.1071,3.5106,9421.5251,3.8522,6.0467,7.472,588857.0,1255882.0,73.8634,117.4476,52.7836,64.664,-6.9937,4.978,35.42,99.4
MUS,Mauritius,2013,12434596541.2996,3.3976,9877.1387,3.5433,4.4876,7.322,603297.0,1258927.0,74.0171,136.5521,64.2358,72.3163,-6.0338,2.3593,40.1168,99.4
MUS,Mauritius,2014,13230490081.5656,3.8577,10490.3316,3.2177,6.1827,7.467,610180.0,1261208.0,74.1944,135.0991,64.8163,70.2828,-5.2155,3.4433,44.8033,99.5
MUS,Mauritius,2015,12162211503.0793,3.7177,9630.5438,1.2865,6.9308,7.41,618312.0,1262879.0,74.3532,133.1351,64.5653,68.5698,-3.4285,1.7797,50.1393,99.6
MUS,Mauritius,2016,12757680846.5663,3.8858,10095.1226,0.9777,5.9881,6.814,615224.0,1263747.0,74.3949,126.31,61.0475,65.2625,-3.8514,2.9689,52.1913,99.7
MUS,Mauritius,2017,13896938315.2799,3.9544,10986.7034,3.667,6.7286,6.752,621819.0,1264887.0,74.5146,126.9641,60.3442,66.6199,-4.4055,3.454,55.4032,99.6
MUS,Mauritius,2018,14957535715.9696,4.1167,11818.7481,3.2161,6.6483,6.426,619649.0,1265577.0,74.4163,123.539,58.5675,64.9715,-3.7131,3.0788,58.5962,99.8
MUS,Mauritius,2019,14645235204.6176,2.8639,11568.2533,0.4057,8.9914,6.331,628768.0,1265985.0,74.2359,127.9409,60.3459,67.595,-4.906,3.0322,61.73,100.0
MUS,Mauritius,2020,11566111137.5568,-14.1974,9135.8477,2.5808,5.0264,8.626,589990.0,1266014.0,74.1771,121.1252,55.361,65.7642,-8.6694,1.9425,67.7329,99.5
MUS,Mauritius,2021,11622048696.8129,3.3381,9177.712,4.0285,3.7244,7.719,560132.0,1266334.0,73.6802,135.193,60.7674,74.4257,-12.8776,2.2418,71.6,99.6
MUS,Mauritius,2022,12936444123.3037,8.3424,10246.5017,10.7738,-1.2601,6.322,592892.0,1262523.0,73.5146,147.6638,67.0293,80.6345,-11.1068,4.2199,75.5,100.0
MUS,Mauritius,2023,14072212290.4596,4.6992,11269.9684,7.053,2.8677,5.571,625239.0,1248647.0,73.4122,147.3214,69.0411,78.2802,-4.9517,5.3996,79.5,100.0
MUS,Mauritius,2024,14938055690.3609,4.9484,11990.9355,3.6045,5.4608,5.548,622583.0,1245779.0,73.789,145.4198,67.1109,78.3089,-7.0291,4.5607,73.3079,100.0
MUS,Mauritius,2025,16157804491.7614,3.1516,12991.2936,3.6736,4.8915,5.635,622328.0,1243741.0,,139.9427,65.0364,74.9063,,,,
MWI,Malawi,2000,2537307580.3281,1.5761,224.2242,29.5815,17.3066,5.045,4924494.0,11315942.0,46.17,,,,-2.8966,1.0247,0.1268,4.8
MWI,Malawi,2001,2498008664.6691,-4.975,215.4745,22.7,24.3143,5.221,5048546.0,11593058.0,47.205,,,,-2.3999,0.7726,0.164,5.2
MWI,Malawi,2002,5087328437.8737,1.7,428.2104,14.7446,-29.2214,5.248,5175917.0,11880440.0,48.176,,,,-3.9449,0.116,0.2151,5.6
MWI,Malawi,2003,4669789300.3566,5.7056,383.3486,9.5768,34.9542,5.165,5309996.0,12181574.0,49.601,,,,-5.3317,1.4109,0.2788,6.2
MWI,Malawi,2004,5058726350.489,5.4205,404.6742,11.4298,19.1444,4.964,5451420.0,12500737.0,51.073,,,,-7.4918,2.1312,0.3475,6.9
MWI,Malawi,2005,5320409651.4754,3.2687,414.3611,15.4103,20.175,4.935,5599129.0,12840031.0,52.469,,,,-9.5239,2.6257,0.3845,6.6
MWI,Malawi,2006,5818279739.1435,4.7,440.8221,13.9743,10.2384,4.954,5674340.0,13198701.0,53.652,,,,-5.2691,0.6112,0.4251,3.7
MWI,Malawi,2007,6451210219.1168,9.6,475.1803,7.9522,22.6855,4.876,5749113.0,13576343.0,54.687,,,,-6.4798,1.9281,0.9659,7.4
MWI,Malawi,2008,7743617352.2143,7.6397,554.0488,8.7126,11.8905,4.796,5820422.0,13976417.0,55.715,,,,-8.9543,2.5237,0.7,7.8
MWI,Malawi,2009,9009887946.8204,8.3281,625.8697,8.422,16.0799,4.732,5889253.0,14395788.0,56.714,,,,-6.0337,0.5453,1.07,8.3
MWI,Malawi,2010,10128323010.6049,6.8741,683.1247,7.4116,11.1461,4.78,5958706.0,14826463.0,57.787,,,,-9.5701,0.9578,2.26,8.7
MWI,Malawi,2011,11648142958.3651,4.9327,763.061,7.6228,8.5619,4.829,6026641.0,15265022.0,58.859,,,,-9.7587,6.9775,3.33,7.6
MWI,Malawi,2012,8773203178.1651,1.9,558.4621,21.2713,12.4874,4.949,6082605.0,15709577.0,59.87,,,,-8.488,-0.1013,4.3506,7.4
MWI,Malawi,2013,8031571927.6206,5.4103,496.9474,27.2833,14.9275,4.978,6138043.0,16161816.0,60.816,,,,-15.3916,5.6199,5.05,9.0
MWI,Malawi,2014,8801326169.1455,5.6253,529.5133,23.7921,19.2779,4.967,6192255.0,16621538.0,61.651,,,,-12.8224,6.7954,5.83,11.9
MWI,Malawi,2015,9219474379.3153,2.8,539.6054,21.8673,20.5088,4.953,6242829.0,17085587.0,62.324,,,,-11.5454,3.1211,6.0,10.8
MWI,Malawi,2016,7909868618.4637,2.5,450.5061,21.7111,19.8012,5.011,6291731.0,17557739.0,63.163,,,,-12.7134,1.4627,6.3,11.0
MWI,Malawi,2017,8943543793.5839,4.0,495.7697,11.5434,25.3362,5.046,6338147.0,18039715.0,63.914,45.3003,12.6751,32.6252,-17.4209,1.0085,7.0,12.7
MWI,Malawi,2018,9879220354.2919,4.3536,533.2026,12.4202,24.6228,5.021,6554638.0,18528081.0,64.464,43.5788,11.6728,31.906,-17.2587,0.7795,8.7983,18.0
MWI,Malawi,2019,11051852712.6142,5.7168,580.8891,9.3708,16.6583,4.964,6781042.0,19025752.0,64.995,44.1955,12.9895,31.206,-11.9532,0.4997,11.0586,11.2
MWI,Malawi,2020,11769313597.8545,0.7936,602.5075,8.6255,16.9443,5.72,7584986.0,19533888.0,65.216,41.0323,11.0048,30.0276,-13.9233,2.1427,13.8995,11.5
MWI,Malawi,2021,12378119199.0839,4.5583,617.447,9.3301,14.5426,5.652,7249519.0,20047258.0,64.782,44.5958,12.712,31.8838,-15.4923,1.0462,15.303,14.2
MWI,Malawi,2022,12429059928.102,0.9211,604.2697,20.954,6.9856,5.02,7532800.0,20568728.0,66.037,43.6166,11.3424,32.2742,-18.3426,1.5989,16.8483,14.0
MWI,Malawi,2023,13363669672.9405,1.9458,633.2148,28.7897,3.4986,5.009,7802263.0,21104482.0,67.353,42.4377,11.245,31.1926,-15.7409,1.6011,17.9881,15.6
MWI,Malawi,2024,11311971400.3864,1.6734,522.3654,32.1797,9.9643,5.051,8079939.0,21655286.0,67.561,41.9038,11.2856,30.6183,-18.7879,2.2805,18.9616,15.6
MWI,Malawi,2025,14918276698.303,1.8852,671.5068,28.3703,,5.072,8323726.0,22216120.0,,39.3995,10.6489,28.7506,,,,
MYS,Malaysia,2000,93789736842.1053,8.8589,4083.5287,1.5347,-1.0857,3.0,9003136.0,22967816.0,72.732,220.4068,119.8097,100.5971,9.0499,4.0384,21.3847,98.6
MYS,Malaysia,2001,92783947368.4211,0.5177,3943.7994,1.4168,8.8485,3.53,9319049.0,23526538.0,73.08,203.3646,110.4025,92.9621,7.8536,0.597,26.696,98.6
MYS,Malaysia,2002,100845526315.789,5.391,4184.0316,1.8079,3.2963,3.48,9642825.0,24102477.0,73.469,199.3562,108.3053,91.0509,7.1295,3.1661,32.3382,98.6
MYS,Malaysia,2003,110202368421.053,5.7885,4465.3219,1.0897,2.906,3.61,9976922.0,24679602.0,73.727,194.1951,106.9434,87.2517,12.1424,2.9209,34.9712,98.7
MYS,Malaysia,2004,124749473684.211,6.7834,4939.2485,1.4213,0.0345,3.54,10324666.0,25256772.0,74.027,210.3743,115.3733,95.0009,12.0878,3.5079,42.2523,98.7
MYS,Malaysia,2005,143534405818.501,5.3321,5555.5818,2.9751,-2.6732,3.53,10688442.0,25836071.0,74.37,203.8546,112.899,90.9557,13.92,2.7344,48.6292,98.7
MYS,Malaysia,2006,162692258307.056,5.5848,6158.4079,3.6092,2.409,3.32,11067941.0,26417909.0,74.697,202.5771,112.1855,90.3917,16.1037,4.7272,51.638,98.8
MYS,Malaysia,2007,193549569477.733,6.2988,7168.9303,2.0274,1.4567,3.31,11462139.0,26998389.0,74.961,192.4655,106.1683,86.2972,15.3811,4.6868,55.7,98.9
MYS,Malaysia,2008,230811614370.384,4.8318,8371.8216,5.4408,-3.9034,3.34,11872645.0,27570059.0,75.151,176.6683,99.4996,77.1687,16.8598,3.2808,55.8,99.0
MYS,Malaysia,2009,202257453036.641,-1.5135,7191.4329,0.5833,11.7824,3.62,12298453.0,28124778.0,75.269,162.559,91.4168,71.1422,15.723,0.0567,55.9,99.3
MYS,Malaysia,2010,255017638455.59,7.4248,8899.3451,1.6229,-2.1133,3.32,12720268.0,28655776.0,75.376,157.9448,86.9303,71.0145,10.0557,4.2686,56.3,99.5
MYS,Malaysia,2011,297951668674.835,5.2939,10217.1069,3.1745,-0.4719,3.05,13112179.0,29162039.0,75.488,154.9377,85.2554,69.6822,10.905,5.0745,61.0,99.5
MYS,Malaysia,2012,314443047642.111,5.4735,10600.5744,1.6636,3.7484,3.04,13636640.0,29662831.0,75.552,147.8418,79.2999,68.5418,5.1888,2.8291,65.8,99.8
MYS,Malaysia,2013,323276235524.415,4.6937,10713.6408,2.105,4.4675,3.14,14173536.0,30174265.0,75.464,142.721,75.629,67.092,3.4661,3.4943,57.0575,99.6
MYS,Malaysia,2014,338066095097.254,6.0067,11013.3107,3.143,2.0685,2.88,14721580.0,30696137.0,75.345,138.3122,73.7935,64.5187,4.3916,3.1412,63.6654,99.7
MYS,Malaysia,2015,301355266964.947,5.0915,9648.6798,2.1044,3.307,3.1,15103051.0,31232798.0,75.288,131.3701,69.4487,61.9214,3.0089,3.2709,71.0641,99.9
MYS,Malaysia,2016,301256033870.334,4.4498,9476.5341,2.0906,2.8259,3.44,15415068.0,31789685.0,75.371,126.899,66.7754,60.1236,2.3677,4.4713,78.7883,99.9
MYS,Malaysia,2017,319109094160.343,5.8127,9862.5481,3.8712,0.7989,3.41,15779343.0,32355644.0,75.542,133.1552,70.0117,63.1434,2.8079,2.9358,80.1405,100.0
MYS,Malaysia,2018,358788845712.53,4.8431,10901.802,0.8847,4.277,3.3,16212579.0,32910967.0,75.734,130.4026,68.555,61.8477,2.2371,2.3146,81.201,100.0
MYS,Malaysia,2019,365177721021.516,4.4132,10920.1918,0.6629,4.8016,3.33,16636582.0,33440596.0,75.9,123.0286,65.2778,57.7508,3.5039,2.507,84.1871,100.0
MYS,Malaysia,2020,337456163961.211,-5.4568,9957.5263,-1.1387,4.8015,4.54,16871915.0,33889558.0,76.057,116.7882,61.5779,55.2102,4.1896,1.2028,89.555,100.0
MYS,Malaysia,2021,373784553029.978,3.3153,10903.1037,2.4771,-2.112,4.64,17233270.0,34282399.0,73.917,134.036,70.6331,63.4029,3.8775,5.4163,96.7514,100.0
MYS,Malaysia,2022,407830525989.553,9.0317,11754.5678,3.3787,-2.2468,3.93,17730042.0,34695493.0,75.444,146.4246,76.8078,69.6168,3.1235,3.6849,97.3986,100.0
MYS,Malaysia,2023,399949418752.657,3.5371,11386.0396,2.4889,7.3014,3.858,18064842.0,35126298.0,76.657,132.5935,68.679,63.9145,1.5645,1.9799,97.6927,100.0
MYS,Malaysia,2024,422227005428.688,5.1055,11874.4274,1.8341,4.4573,3.846,18384977.0,35557673.0,76.821,137.3626,71.3411,66.0215,1.6934,3.6931,98.0206,100.0
MYS,Malaysia,2025,472193128644.597,5.1713,13124.5554,1.3806,5.2983,3.764,18719406.0,35977838.0,,136.3964,70.9678,65.4286,,,,
NAM,Namibia,2000,3922232164.8317,3.4922,2156.6759,,3.592,20.3,575679.0,1818647.0,52.946,85.1322,40.7362,44.3961,4.883,5.0061,1.6447,36.5
NAM,Namibia,2001,3557341215.1516,1.1779,1915.5893,,2.9926,21.009,593289.0,1857048.0,51.98,88.5841,41.0559,47.5282,0.2963,10.6635,2.417,36.0
NAM,Namibia,2002,3349169826.389,4.7887,1772.0757,,3.4852,21.538,610372.0,1889970.0,51.988,94.4152,46.1689,48.2463,2.5634,4.4051,2.6337,36.9
NAM,Namibia,2003,4926439383.5142,4.2398,2569.2474,7.1362,13.2612,22.104,627019.0,1917464.0,51.918,95.9525,43.4294,52.523,5.3932,1.3217,3.3598,37.8
NAM,Namibia,2004,6609205994.7741,12.2695,3403.155,4.1366,9.162,22.09,643871.0,1942082.0,52.175,81.8623,39.7979,42.0643,6.7526,3.3826,3.8047,38.7
NAM,Namibia,2005,7248374837.7206,2.5293,3685.773,2.2819,4.7462,22.108,662309.0,1966582.0,52.557,80.6804,40.4086,40.2718,4.5451,5.3785,4.01,39.6
NAM,Namibia,2006,8001779551.0632,7.0732,4017.1835,4.9612,1.6217,21.848,682001.0,1991888.0,53.183,86.834,45.3668,41.4671,13.5328,7.6258,4.3989,40.5
NAM,Namibia,2007,8839536475.9996,5.374,4379.0431,6.5479,3.292,22.12,701719.0,2018600.0,54.026,104.9793,49.8552,55.1241,8.46,7.5703,4.8356,43.7
NAM,Namibia,2008,8607431497.4947,2.6498,4204.7856,9.0946,2.5011,22.005,721316.0,2047056.0,54.74,119.6445,53.6534,65.9911,-0.1071,8.7184,5.329,42.4
NAM,Namibia,2009,8938847189.0759,0.296,4302.9137,9.4517,3.9019,22.271,740620.0,2077394.0,55.347,123.7628,51.5632,72.1997,-3.5449,9.2747,6.5,44.1
NAM,Namibia,2010,11431412421.1316,6.0392,5418.2163,4.8749,5.7788,22.12,759361.0,2109811.0,56.093,108.0725,48.282,59.7905,-3.9224,2.5153,11.6,44.4
NAM,Namibia,2011,12523359440.5499,5.0913,5834.7918,5.0056,4.7345,19.481,778067.0,2146325.0,56.647,102.1891,45.5398,56.6494,-6.8478,6.4168,12.0,42.3
NAM,Namibia,2012,13042053591.6857,5.0617,5942.6468,6.722,-2.3444,16.771,800026.0,2194654.0,57.733,100.2134,40.0583,60.1551,-8.5833,7.9861,12.9414,46.4
NAM,Namibia,2013,12043307277.1235,5.6147,5346.6213,5.6009,4.0844,19.028,881059.0,2252508.0,58.468,97.7249,37.502,60.2229,-8.2376,6.4523,13.9,47.4
NAM,Namibia,2014,12435430969.6301,6.0925,5378.3233,5.3502,0.429,18.521,892359.0,2312139.0,59.311,103.0801,39.0171,64.0631,-9.4289,3.5832,14.84,48.4
NAM,Namibia,2015,11335161083.5061,4.2642,4774.1065,3.394,5.2565,20.791,914121.0,2374300.0,60.008,97.239,35.3708,61.8682,-13.7579,7.4007,25.6879,51.6
NAM,Namibia,2016,10722018732.0936,0.0338,4395.6878,6.7286,1.7373,23.352,935710.0,2439213.0,60.81,93.9662,35.0095,58.9567,-16.4971,3.3457,31.0333,49.7
NAM,Namibia,2017,12895153370.9132,-1.0272,5143.9607,6.1458,0.098,21.748,947334.0,2506853.0,61.661,81.2197,33.6208,47.5989,-4.4206,2.1751,36.8374,52.5
NAM,Namibia,2018,13682019076.4022,1.0599,5308.6081,4.2916,5.4714,19.877,958630.0,2577327.0,62.579,81.7139,35.8826,45.8313,-3.5515,1.713,42.8207,52.3
NAM,Namibia,2019,12541928303.48,-0.8392,4731.921,3.7224,8.8674,19.929,984283.0,2650494.0,63.546,82.9012,36.4009,46.5003,-1.765,-1.4071,49.7759,53.3
NAM,Namibia,2020,10583748541.5258,-8.1014,3878.5898,2.2094,3.0938,21.003,960250.0,2728762.0,64.071,76.9252,33.6779,43.2474,3.9793,-1.4189,57.8608,52.3
NAM,Namibia,2021,12402486183.6396,3.6038,4412.8356,3.6169,5.2453,20.931,994464.0,2810548.0,60.85,83.5443,31.9564,51.5879,-10.7496,6.7751,60.26,55.2
NAM,Namibia,2022,12569449123.3661,5.3987,4349.7991,6.0813,2.0634,19.615,1064363.0,2889662.0,64.19,99.2626,40.4585,58.8041,-12.565,8.4017,62.9972,56.2
NAM,Namibia,2023,12522012873.7957,4.325,4225.991,5.8799,2.9984,19.154,1094377.0,2963095.0,67.385,109.8176,43.2846,66.533,-15.029,18.3227,63.6955,56.7
NAM,Namibia,2024,13641190683.4641,3.7785,4501.8485,4.239,6.3803,19.157,1124198.0,3030131.0,67.516,108.0012,41.0652,66.936,-13.413,14.1845,64.8746,59.3
NAM,Namibia,2025,15080340653.5276,1.7302,4875.9256,3.5107,,19.291,1152801.0,3092816.0,,108.5805,44.6768,63.9037,,,,
NCL,New Caledonia,2000,3420032041.0739,2.1001,15329.7297,,,17.907,102413.0,223098.0,73.574,60.3667,22.7809,37.5858,,-1.1879,13.9395,100.0
NCL,New Caledonia,2001,3297734891.1466,,14482.3606,,,17.391,104589.0,227707.0,73.958,58.1844,18.7088,39.4756,,3.1246,18.2371,100.0
NCL,New Caledonia,2002,3740056747.7198,,16104.552,,,17.045,106849.0,232236.0,74.278,56.133,18.056,38.077,-2.8668,1.579,22.3898,100.0
NCL,New Caledonia,2003,4915353827.1058,,20768.1061,,,16.665,109244.0,236678.0,74.5,61.888,20.6123,41.2758,-0.756,2.3609,26.4083,100.0
NCL,New Caledonia,2004,5895008977.9531,,24475.6489,,,16.31,111582.0,240852.0,74.713,58.5813,21.9937,36.5877,4.3518,0.4662,30.298,100.0
NCL,New Caledonia,2005,6238629487.0133,,25528.2918,,,15.778,113641.0,244381.0,74.867,61.9103,21.4672,40.4431,-1.8025,-0.108,32.359,100.0
NCL,New Caledonia,2006,6979155387.8679,,28193.2538,,,15.256,115784.0,247547.0,75.016,68.0205,23.8931,44.1274,-5.9291,10.7332,33.5157,100.0
NCL,New Caledonia,2007,8819917180.3426,,35177.6535,,,14.754,117994.0,250725.0,75.181,72.1744,27.3847,44.7897,-3.3333,4.7331,35.05,100.0
NCL,New Caledonia,2008,9067619760.0707,,35723.9033,,,14.36,119956.0,253825.0,75.398,67.9175,18.5542,49.3632,-15.6459,19.2594,34.51,100.0
NCL,New Caledonia,2009,8704438102.2014,,33836.4941,,,13.97,122055.0,257250.0,75.676,56.0772,15.4007,40.6765,-9.4621,13.5827,33.99,100.0
NCL,New Caledonia,2010,9364350076.9123,,35798.9085,,,13.998,124773.0,261582.0,75.992,68.1685,20.1995,47.969,-14.5219,15.3677,42.0,100.0
NCL,New Caledonia,2011,10351448004.7674,,38835.9402,2.429,,13.988,127652.0,266543.0,76.315,66.8445,20.0908,46.7537,-13.4437,16.9845,50.0,100.0
NCL,New Caledonia,2012,9659151917.4048,,35559.5672,1.7497,,14.116,130453.0,271633.0,76.615,63.7534,17.7585,45.9949,-20.02,27.775,58.0,100.0
NCL,New Caledonia,2013,10151382933.1594,,36671.1567,1.2776,,14.39,133249.0,276822.0,76.867,58.8723,15.7231,43.1492,-17.767,21.345,66.0,100.0
NCL,New Caledonia,2014,10635035594.7528,,37816.9559,0.1789,,14.59,135552.0,281224.0,77.053,58.9578,18.5862,40.3716,-12.2282,16.5212,70.0,100.0
NCL,New Caledonia,2015,8738203074.3957,,30858.7237,0.5705,,13.621,134563.0,283168.0,77.206,60.0468,18.0692,41.9776,-12.8102,13.7774,74.0018,100.0
NCL,New Caledonia,2016,8724568954.898,,30782.8544,0.5783,,12.679,132756.0,283423.0,77.359,58.0296,19.2655,38.7641,-7.4988,9.2821,,100.0
NCL,New Caledonia,2017,9174048681.9858,,32354.7103,,,11.676,130830.0,283546.0,77.504,58.9282,21.0078,37.9204,,5.302,82.0058,100.0
NCL,New Caledonia,2018,9896402283.6859,0.4,34902.8969,,,11.702,128747.0,283541.0,77.557,59.0971,20.9894,38.1077,,3.4641,,100.0
NCL,New Caledonia,2019,9475655324.5949,-1.4,33411.3359,,,10.88,126548.0,283606.0,77.262,58.2104,18.3294,39.881,,7.6351,,100.0
NCL,New Caledonia,2020,9454629467.9141,-2.4,33270.3306,,,13.558,127349.0,284176.0,77.049,54.5818,18.0452,36.5366,,6.0471,,100.0
NCL,New Caledonia,2021,10071349663.8484,-2.1,35311.5544,,,11.574,127574.0,285214.0,77.113,49.0442,14.1546,34.8896,,7.8809,,100.0
NCL,New Caledonia,2022,9623318718.3146,3.5,33516.3631,,,10.71,129375.0,287123.0,77.698,50.4727,15.382,35.0908,,7.2356,,100.0
NCL,New Caledonia,2023,9769167530.3574,2.8,33701.8923,,,10.922,130221.0,289870.0,78.766,51.6307,16.9374,34.6934,,7.0349,,100.0
NCL,New Caledonia,2024,8548919387.1261,-13.5,29213.1923,,,10.991,130995.0,292639.0,78.921,40.369,11.6947,28.6742,,8.4895,,100.0
NCL,New Caledonia,2025,,,,,,11.174,131488.0,295333.0,,,,,,,,
NER,Niger,2000,2241753192.8116,-1.2085,194.772,2.9001,,1.427,4790760.0,11509630.0,49.172,34.7128,14.3397,20.3731,-4.6568,0.7033,0.0363,6.5
NER,Niger,2001,2448714703.9662,7.2681,205.4179,4.0055,,1.47,4945031.0,11920647.0,49.872,33.0137,13.4558,19.5579,-3.771,0.9224,0.1052,8.4
NER,Niger,2002,2782192878.672,4.9185,225.2944,2.6289,,1.808,5104114.0,12349144.0,50.645,30.8344,11.9188,18.9156,-5.951,0.2813,0.1272,8.8
NER,Niger,2003,3394084732.4954,2.1706,265.2254,-1.6144,,2.145,5268874.0,12796984.0,51.545,33.3828,13.2742,20.1086,-6.4575,0.5459,0.1557,9.3
NER,Niger,2004,3760443737.538,0.3638,283.4683,0.2625,,2.751,5440213.0,13265836.0,52.402,36.9641,14.2586,22.7055,-6.1502,0.6492,0.1899,9.7
NER,Niger,2005,4383315964.5872,7.3319,318.6431,7.7975,2.0346,3.1,5619156.0,13756192.0,53.32,38.3477,14.4114,23.9363,-7.1096,1.1351,0.2213,7.1
NER,Niger,2006,4756361252.3792,5.931,333.3451,0.0405,3.1927,2.528,5806768.0,14268581.0,54.223,36.5314,13.8704,22.6609,-6.6018,0.8475,0.294,9.3
NER,Niger,2007,5731485051.7907,3.1427,387.1681,0.054,-2.1348,2.021,6003496.0,14803610.0,55.063,35.5028,13.0665,22.4363,-6.1368,1.7286,0.3904,11.2
NER,Niger,2008,7297600226.0054,7.7314,475.045,11.3051,-4.6717,1.584,6210570.0,15361915.0,55.852,39.7112,13.1805,26.5307,-8.9629,3.879,0.7,11.8
NER,Niger,2009,7352131309.7334,1.9626,461.1315,0.5829,0.7558,1.208,6428845.0,15943675.0,56.487,49.5123,14.9779,34.5344,-18.027,8.6209,0.76,12.3
NER,Niger,2010,7851192502.3092,8.5782,474.4257,0.8041,1.5833,0.718,6659483.0,16548835.0,57.08,51.946,16.1844,35.7616,-14.4829,10.1467,0.83,13.6
NER,Niger,2011,8772950777.7918,2.3578,510.7596,2.9424,1.2353,0.316,6903571.0,17176283.0,57.6,50.2464,15.2896,34.9568,-16.3335,12.1645,0.9,14.3
NER,Niger,2012,9426912647.5911,10.5489,528.5101,0.4551,-0.2556,2.177,7001266.0,17836769.0,57.987,45.086,16.1006,28.9854,-10.8374,8.9237,1.05,14.4
NER,Niger,2013,10224897437.8648,5.3151,552.1033,2.2972,5.6776,1.401,7090684.0,18519898.0,58.364,46.2951,16.979,29.3161,-11.2529,7.0352,1.15,15.2
NER,Niger,2014,10862943543.5419,6.6421,565.3099,-0.9303,5.7674,0.524,7163554.0,19215909.0,58.693,45.7416,15.9459,29.7957,-12.0311,7.5759,1.2487,15.7
NER,Niger,2015,9683867926.4428,4.3926,485.6626,-0.5761,2.8408,0.556,7430131.0,19939498.0,58.85,44.7274,14.2684,30.4591,-15.3473,5.4676,2.4762,16.6
NER,Niger,2016,10341025540.2322,4.2814,499.9105,1.6539,2.5834,0.55,7711696.0,20685753.0,59.228,36.6748,12.2341,24.4407,-11.4269,2.914,4.3228,17.0
NER,Niger,2017,11359273443.3897,5.532,529.9294,2.7964,,0.556,7997473.0,21435446.0,59.524,39.0299,13.1677,25.8622,-11.2188,2.9818,10.2243,17.6
NER,Niger,2018,12800907985.9863,6.8946,576.9275,2.9676,,0.536,8289312.0,22188069.0,59.765,38.293,11.9782,26.3148,-12.6946,3.6407,10.7418,17.6
NER,Niger,2019,12420836506.7888,6.0788,541.2658,-2.4898,,0.531,8590335.0,22947757.0,60.031,39.2893,11.9561,27.3332,-12.6597,5.7737,11.2855,18.5
NER,Niger,2020,13648332189.7307,4.4548,575.4513,2.8982,,0.591,9140912.0,23717613.0,59.89,36.3388,10.3814,25.9574,-13.3037,2.6425,11.8568,18.7
NER,Niger,2021,14936154253.3242,1.1152,609.5857,3.8379,,0.806,9808662.0,24502140.0,59.542,38.0461,11.0622,26.9839,-14.0538,3.9825,12.4569,18.6
NER,Niger,2022,15531799640.9005,12.2215,613.6147,4.2262,,0.403,10614399.0,25311973.0,60.398,37.146,10.1455,27.0005,-16.0966,6.2193,13.0875,19.5
NER,Niger,2023,16949765463.9058,2.6352,647.9301,3.701,,0.407,11037913.0,26159867.0,61.183,30.7177,8.2512,22.4665,-13.7628,6.0505,12.9808,20.1
NER,Niger,2024,19729786046.7618,8.3233,729.8567,9.0715,,0.376,11484657.0,27032412.0,61.433,24.3889,8.9978,15.3911,-6.0895,1.8149,15.5576,21.3
NER,Niger,2025,21646191388.2507,7.0078,775.3536,-4.4547,,0.394,11971064.0,27917831.0,,33.9057,15.7618,18.1438,,,,
NGA,Nigeria,2000,69171451627.2465,5.0159,547.3183,6.9333,-1.1409,3.953,59281872.0,126382494.0,47.143,,,,10.7372,1.6483,0.0641,43.2
NGA,Nigeria,2001,73557840064.489,5.9177,566.4282,18.8736,12.1387,3.9,60772025.0,129862595.0,47.549,,,,3.3685,1.6186,0.0899,43.9
NGA,Nigeria,2002,95054059302.6995,15.3292,712.1649,12.8766,3.0235,3.669,62235800.0,133471989.0,48.02,,,,1.1395,1.9716,0.3205,44.6
NGA,Nigeria,2003,104738954264.226,7.3472,763.3887,14.0318,9.9357,3.637,63693782.0,137202644.0,48.618,,,,3.2372,1.9146,0.5586,52.2
NGA,Nigeria,2004,135764731645.611,9.2506,962.481,14.998,-2.6048,3.59,65217367.0,141057045.0,49.148,,,,12.4042,1.3804,1.2861,46.1
NGA,Nigeria,2005,175670569969.346,6.4385,1211.377,17.8635,-1.5937,3.727,66741004.0,145017253.0,49.538,,,,20.794,2.8363,3.5492,46.8
NGA,Nigeria,2006,238454997161.48,6.0594,1599.5389,8.2274,-5.628,3.749,68316893.0,149077334.0,49.876,,,,15.3142,2.0358,5.545,47.6
NGA,Nigeria,2007,278260846800.103,6.5911,1815.527,5.3861,9.1872,3.794,69975807.0,153267261.0,50.381,,,,9.9361,2.1692,6.77,50.1
NGA,Nigeria,2008,339476276257.793,6.7645,2154.1054,11.5831,6.6849,3.792,71669029.0,157595014.0,50.748,,,,8.5853,2.4137,8.0,50.3
NGA,Nigeria,2009,295008835380.997,8.0369,1820.4863,12.5379,18.18,3.763,73499013.0,162049464.0,51.08,,,,4.7014,2.9002,9.3,50.0
NGA,Nigeria,2010,366990417129.04,8.0057,2202.2567,13.7401,1.0677,3.744,75284751.0,166642886.0,51.315,,,,3.5726,1.6421,11.5,48.0
NGA,Nigeria,2011,414466676831.16,5.3079,2418.4132,10.8261,5.6856,3.77,77225150.0,171379598.0,51.49,,,,2.574,2.1331,13.8,55.9
NGA,Nigeria,2012,463971018239.281,4.2301,2633.1973,12.2242,6.2248,3.761,79317244.0,176200625.0,51.688,,,,3.7447,1.5238,16.1,53.0
NGA,Nigeria,2013,520117180313.906,6.6713,2872.7908,8.4955,11.2016,3.711,81303065.0,181049443.0,51.827,,,,3.6624,1.0695,19.1,55.6
NGA,Nigeria,2014,574183763411.508,6.3097,3088.7213,8.0474,11.3562,3.9,83458627.0,185896915.0,51.94,,,,0.1579,0.8175,21.0,54.2
NGA,Nigeria,2015,493026682800.63,2.6527,2585.7336,9.0094,13.5962,4.134,85773802.0,190671878.0,51.939,,,,-3.1314,0.6215,22.5142,52.5
NGA,Nigeria,2016,404649125252.16,-1.6169,2070.4127,15.6968,6.6862,4.499,88256929.0,195443700.0,52.189,,,,1.2547,0.8534,24.1375,59.3
NGA,Nigeria,2017,375745731053.427,0.8059,1876.3403,16.5023,5.7906,4.83,90905566.0,200254579.0,52.397,,,,3.6098,0.6422,25.8779,54.4
NGA,Nigeria,2018,421739251509.08,1.9228,2057.8794,12.0951,6.056,5.069,93615892.0,204938755.0,52.669,,,,1.7269,0.1838,27.7437,56.5
NGA,Nigeria,2019,668219992686.575,2.2084,3189.8129,11.3964,-25.7765,5.206,96335866.0,209485641.0,53.009,,,,-2.048,0.345,29.7441,55.4
NGA,Nigeria,2020,598586817817.392,-6.3689,2797.1846,13.246,2.1479,5.714,97041268.0,213996181.0,53.072,,,,-2.6706,0.3985,31.8888,55.4
NGA,Nigeria,2021,609147716965.348,1.1093,2787.4878,16.9528,-1.0243,5.404,100887576.0,218529286.0,53.455,,,,-0.5342,0.5439,35.5098,59.5
NGA,Nigeria,2022,646950257575.455,4.3188,2899.1605,18.8472,3.9686,3.827,105269418.0,223150896.0,54.079,,,,0.1574,-0.0289,39.1472,60.5
NGA,Nigeria,2023,487387801877.803,3.3159,2138.7638,24.6596,2.8658,3.074,110075281.0,227882945.0,54.462,,,,1.3179,0.3842,40.064,61.2
NGA,Nigeria,2024,252261880140.271,4.0711,1084.1604,33.2417,,3.045,113320742.0,232679478.0,54.635,,,,7.5441,0.6398,41.2114,62.5
NGA,Nigeria,2025,290794361542.112,4.0134,1224.2541,23.0101,,3.064,116581818.0,237527782.0,,,,,4.8278,1.3774,,
NIC,Nicaragua,2000,5109587049.9745,4.1016,1017.3124,7.0699,8.8214,7.181,1804371.0,5022633.0,66.36,61.2985,20.1082,41.1903,-18.3126,5.2157,0.9802,73.0
NIC,Nicaragua,2001,5351752034.2221,2.9608,1051.8742,5.986,10.5477,7.222,1859846.0,5087825.0,67.028,57.9801,19.0419,38.9382,-15.3277,2.8066,1.4488,72.2
NIC,Nicaragua,2002,5223727302.5491,0.7539,1014.3339,3.7502,14.5734,7.517,1915679.0,5149909.0,67.95,58.0913,18.8471,39.2441,-15.0104,3.9033,1.7147,74.1
NIC,Nicaragua,2003,5322228350.5807,2.5207,1021.3522,5.3024,9.701,7.6,1972321.0,5210963.0,68.749,62.1751,20.705,41.4701,-13.2557,3.7823,1.8804,74.6
NIC,Nicaragua,2004,5792932838.4005,5.3122,1098.6212,8.4702,4.072,6.41,2029895.0,5272912.0,69.51,67.1953,23.0599,44.1355,-11.8662,4.3156,2.3207,75.2
NIC,Nicaragua,2005,6321324279.1483,4.2824,1183.3021,9.5991,2.0336,5.37,2090654.0,5342105.0,70.374,71.6457,24.3821,47.2636,-12.3957,3.8141,2.5664,73.8
NIC,Nicaragua,2006,6763672380.6115,4.1529,1248.1737,9.1402,3.4374,5.31,2152774.0,5418855.0,70.958,87.3097,31.2666,56.043,-13.0802,4.2403,2.8056,76.3
NIC,Nicaragua,2007,7423375014.7573,5.0764,1350.3815,11.1269,3.0705,4.89,2214058.0,5497243.0,71.197,93.0257,33.0636,59.9622,-16.2595,5.1419,3.9,76.9
NIC,Nicaragua,2008,8496967596.7701,3.4357,1523.6844,19.8262,-2.6074,6.2,2276217.0,5576593.0,71.404,96.794,34.4705,62.3235,-17.0684,7.3826,5.3,77.5
NIC,Nicaragua,2009,8298702489.0801,-3.2927,1467.0829,3.687,7.5525,8.16,2338754.0,5656601.0,71.499,86.9936,33.9815,53.0121,-8.4531,5.2285,7.3,77.9
NIC,Nicaragua,2010,8758602232.9836,4.4101,1526.5671,5.4551,6.7665,7.83,2401577.0,5737450.0,71.761,100.3641,40.4671,59.8969,-8.8747,5.5934,10.0,80.1
NIC,Nicaragua,2011,9774329332.7128,6.3167,1679.7119,8.0824,0.2931,6.613,2465061.0,5819051.0,72.033,111.8275,45.017,66.8105,-11.9077,9.5792,10.6,81.2
NIC,Nicaragua,2012,10532017231.8253,6.4961,1784.6984,7.1936,5.413,5.208,2529139.0,5901287.0,72.435,115.1773,47.4692,67.7081,-11.7242,7.3652,13.5,81.3
NIC,Nicaragua,2013,10982988249.2103,4.9271,1835.44,7.1355,10.1922,5.28,2593422.0,5983845.0,72.551,110.9842,45.2143,65.7699,-12.5685,8.7872,15.5,81.9
NIC,Nicaragua,2014,11880438824.4494,4.7855,1958.3705,6.036,4.7468,4.52,2658091.0,6066492.0,72.792,106.6982,45.0081,61.6901,-8.0283,9.0636,17.6,81.9
NIC,Nicaragua,2015,12756696261.0676,4.7923,2074.4562,3.9974,4.149,4.7,2714759.0,6149417.0,72.899,98.1942,40.0838,58.1104,-9.8732,7.5803,19.7043,83.2
NIC,Nicaragua,2016,13286093388.4752,4.5631,2131.687,3.5232,6.548,3.9,2771179.0,6232666.0,73.18,93.8137,38.882,54.9317,-8.4833,7.4446,24.5718,83.9
NIC,Nicaragua,2017,13785893007.4769,4.6312,2182.6138,3.8507,6.3931,3.3,2827514.0,6316231.0,73.389,96.3806,41.339,55.0416,-7.1602,7.5106,30.4,84.6
NIC,Nicaragua,2018,13025221974.232,-3.3634,2035.1655,4.9472,8.0242,5.2,2871355.0,6400080.0,73.879,93.9847,42.2771,51.7076,-1.7973,6.4306,33.913,85.2
NIC,Nicaragua,2019,12699023614.245,-2.8969,1958.6205,5.3763,6.7004,5.457,2916688.0,6483657.0,73.764,94.0422,44.8044,49.2378,5.9383,3.9609,39.0108,85.7
NIC,Nicaragua,2020,12726422432.4868,-2.2365,1938.447,3.6818,4.6009,6.18,2940072.0,6565267.0,70.766,88.6381,41.7461,46.892,3.7733,5.8657,44.8749,86.0
NIC,Nicaragua,2021,14209019392.3025,10.4544,2138.3857,4.9284,5.8904,6.076,3032996.0,6644741.0,70.478,106.2074,46.4042,59.8032,-2.753,7.37,51.6204,86.3
NIC,Nicaragua,2022,15634573555.9049,3.5503,2322.8907,10.4674,0.7779,4.969,3108200.0,6730654.0,74.463,115.4547,49.8958,65.5589,-2.9396,8.2324,59.38,86.5
NIC,Nicaragua,2023,17805842220.7571,4.4278,2609.4449,8.3877,-1.1736,4.698,3183098.0,6823613.0,74.947,105.0195,45.8658,59.1537,8.2299,6.2558,60.3012,88.3
NIC,Nicaragua,2024,19696311850.3289,3.5809,2847.8764,4.6247,3.6416,4.98,3253536.0,6916140.0,75.1,99.1461,40.9864,58.1597,4.1511,6.8658,61.3955,88.7
NIC,Nicaragua,2025,22237167113.0916,4.9235,3173.3372,2.0813,1.444,5.04,3319222.0,7007502.0,,96.4497,41.5935,54.8562,,,,
NLD,Netherlands,2000,417649282153.726,4.2197,26225.1698,2.3605,1.4733,2.725,8771496.0,15925513.0,77.9878,125.667,66.4429,59.2241,1.7377,15.1107,43.9844,100.0
NLD,Netherlands,2001,432536219668.898,2.3236,26955.7128,4.1558,0.5988,2.119,8854790.0,16046180.0,78.1902,119.4755,63.3725,56.1029,2.2689,12.0219,49.3731,100.0
NLD,Netherlands,2002,475529972122.746,0.2458,29446.5331,3.2875,0.0777,2.554,8904143.0,16148929.0,78.2927,112.75,60.1049,52.6452,2.32,5.3593,61.29,100.0
NLD,Netherlands,2003,582435617081.96,0.0979,35896.7505,2.092,0.698,3.593,8924311.0,16225302.0,78.4927,111.3045,59.2393,52.0652,5.1323,3.5122,64.35,100.0
NLD,Netherlands,2004,661224886143.245,2.0163,40611.3414,1.2636,1.5342,4.646,8931350.0,16281779.0,79.0951,116.9582,62.5959,54.3622,6.7019,21.1608,68.52,100.0
NLD,Netherlands,2005,688133699635.797,2.034,42165.3962,1.6881,0.7759,5.872,8939597.0,16319868.0,79.3463,122.2558,65.5859,56.67,6.041,30.5012,81.0,100.0
NLD,Netherlands,2006,737593995289.411,3.5373,45123.5432,1.1015,0.9407,5.007,8970173.0,16346101.0,79.6976,127.1956,68.1457,59.0499,7.7543,50.9096,83.7,100.0
NLD,Netherlands,2007,853499460872.552,3.8854,52100.7996,1.6139,2.5035,4.153,9012338.0,16381696.0,80.0976,129.7982,68.71,61.0882,5.8645,85.9786,85.82,100.0
NLD,Netherlands,2008,957901566041.406,2.1167,58246.7027,2.4865,2.1402,3.658,9066482.0,16445593.0,80.2512,130.152,69.6057,60.5464,4.0675,20.4123,87.42,100.0
NLD,Netherlands,2009,878954223140.234,-3.6653,53172.0262,1.1898,1.5389,4.352,9087024.0,16530388.0,80.5488,115.1097,61.6018,53.5078,3.3454,23.1186,89.63,100.0
NLD,Netherlands,2010,852464982433.335,1.3194,51305.7339,1.2753,1.0324,4.991,9106986.0,16615394.0,80.7024,130.0817,69.2874,60.7943,6.4066,6.4772,90.72,100.0
NLD,Netherlands,2011,913140741332.687,1.7733,54701.7728,2.3411,1.753,4.977,9149140.0,16693074.0,81.2049,141.7571,75.1752,66.5819,7.0157,39.0408,91.42,100.0
NLD,Netherlands,2012,845689017065.625,-0.9778,50473.9442,2.4555,0.292,5.821,9255457.0,16754962.0,81.1049,149.3932,79.5756,69.8176,7.502,30.9042,92.86,100.0
NLD,Netherlands,2013,883951539006.669,-0.0302,52602.2861,2.5069,0.351,7.241,9298757.0,16804432.0,81.3049,150.6519,80.3712,70.2807,7.9014,36.6956,93.9564,100.0
NLD,Netherlands,2014,901556501756.467,1.6126,53457.2235,0.976,,7.419,9275880.0,16865008.0,81.7073,151.7159,81.3823,70.3336,8.5463,15.988,91.6667,100.0
NLD,Netherlands,2015,775743675302.734,2.1206,45793.8135,0.6002,,6.872,9385800.0,16939923.0,81.5098,160.3258,83.9918,76.334,4.8484,48.4706,91.7241,100.0
NLD,Netherlands,2016,797163949289.885,2.4243,46808.5291,0.3167,,6.007,9434786.0,17030314.0,81.561,150.9655,80.9095,70.056,7.1459,34.7919,90.411,100.0
NLD,Netherlands,2017,848233537845.884,2.7815,49513.6817,1.3815,,4.837,9491538.0,17131296.0,81.761,159.6461,85.1795,74.4665,8.0497,23.7132,93.1973,100.0
NLD,Netherlands,2018,929733599796.862,2.2587,53955.077,1.7035,,3.832,9608481.0,17231624.0,81.8122,163.5591,87.0565,76.5027,8.8378,-30.6577,91.8919,100.0
NLD,Netherlands,2019,928903005576.469,2.3002,53554.9007,2.6337,,3.379,9742856.0,17344874.0,82.1122,160.6767,85.3209,75.3557,6.7965,-13.7565,93.2886,100.0
NLD,Netherlands,2020,932560861701.17,-3.868,53467.9277,1.2725,,3.82,9793423.0,17441500.0,81.3585,152.2332,81.2415,70.9917,5.723,-23.686,91.3333,100.0
NLD,Netherlands,2021,1054472123449.6,6.2768,60141.9881,2.6757,,4.209,9858813.0,17533044.0,81.3098,163.1548,86.45,76.7048,10.2781,-10.9726,92.053,100.0
NLD,Netherlands,2022,1046540797548.64,5.0072,59123.3186,10.0012,,3.526,10073395.0,17700982.0,81.6146,184.1075,96.4436,87.6639,6.8215,1.477,92.5197,100.0
NLD,Netherlands,2023,1135475867551.0,-0.5981,63515.6031,3.8384,,3.535,10269843.0,17877117.0,81.8634,165.0304,87.4861,77.5444,9.4141,-30.2431,97.0068,100.0
NLD,Netherlands,2024,1213936238063.28,1.0738,67465.3208,3.3475,,3.7,10314837.0,17993485.0,81.9659,153.9563,82.4977,71.4586,9.1374,-1.4052,97.0068,100.0
NLD,Netherlands,2025,1332767651100.39,1.7846,73683.9171,3.2596,,3.874,10347056.0,18087633.0,,150.12,80.6693,69.4506,,,,
NOR,Norway,2000,170620327660.251,3.4434,37991.8908,3.0855,,3.458,2399174.0,4490967.0,78.6341,74.784,45.8365,28.9475,14.6986,4.8834,52.0,100.0
NOR,Norway,2001,173590978346.698,2.1634,38458.2531,3.0042,,3.738,2421786.0,4513751.0,78.7854,73.5537,45.1532,28.4005,15.8682,1.8378,64.0,100.0
NOR,Norway,2002,195359978957.389,1.4575,43048.2887,1.2867,,4.022,2442913.0,4538159.0,78.9878,67.8483,40.5838,27.2645,12.4227,1.5416,72.84,100.0
NOR,Norway,2003,229192678172.933,1.0964,50208.096,2.4878,,4.221,2462624.0,4564855.0,79.3902,66.5085,39.7057,26.8029,12.0849,1.8235,78.13,100.0
NOR,Norway,2004,265662977688.108,4.3302,57854.5698,0.4545,,4.256,2490257.0,4591910.0,79.8415,68.7028,41.0491,27.6537,12.4218,1.8514,77.69,100.0
NOR,Norway,2005,311417306946.061,2.9697,67358.3616,1.5321,,4.381,2522881.0,4623291.0,80.0415,70.247,43.2414,27.0056,16.0452,3.23,81.99,100.0
NOR,Norway,2006,349773283644.925,2.8473,75047.7417,2.3293,,3.397,2559325.0,4660677.0,80.3439,71.1687,44.1734,26.9954,15.9855,3.3959,82.55,100.0
NOR,Norway,2007,407813774161.08,3.4203,86600.2388,0.7126,,2.493,2601653.0,4709153.0,80.3951,71.1714,42.4958,28.6756,12.1949,6.0827,86.93,100.0
NOR,Norway,2008,472060283687.943,0.8228,99001.5301,3.7539,,2.521,2640107.0,4768212.0,80.5927,73.8669,45.6676,28.1992,15.4461,4.3592,90.57,100.0
NOR,Norway,2009,395664488017.429,-1.6133,81939.7265,2.1974,,3.1,2662239.0,4828726.0,80.7951,66.3869,39.249,27.1379,11.416,2.1826,92.08,100.0
NOR,Norway,2010,440132138425.479,1.0049,90020.3423,2.4189,,3.527,2672715.0,4889252.0,80.9976,67.1044,39.5703,27.5341,11.4189,4.9154,93.39,100.0
NOR,Norway,2011,512868581627.712,1.3851,103545.219,1.285,,3.196,2706107.0,4953088.0,81.2951,68.3082,41.0022,27.306,12.9572,2.0076,93.49,100.0
NOR,Norway,2012,525082939406.962,2.824,104627.9369,0.6969,,3.129,2745427.0,5018573.0,81.4512,67.2907,40.6222,26.6685,12.0935,5.3131,94.65,100.0
NOR,Norway,2013,540132255319.149,1.2729,106333.1384,2.1205,1.7284,3.425,2778579.0,5079623.0,81.7512,66.6575,39.1525,27.505,9.8957,-0.2534,95.0534,100.0
NOR,Norway,2014,515829568897.117,2.0952,100410.0202,2.0417,3.8647,3.486,2799152.0,5137232.0,82.1,67.7742,39.008,28.7662,10.6556,0.6285,96.3005,100.0
NOR,Norway,2015,400669174330.888,2.0443,77220.9524,2.1711,6.254,4.296,2832644.0,5188607.0,82.3049,68.8352,37.7796,31.0556,7.7634,1.8155,96.8103,100.0
NOR,Norway,2016,383284047619.048,1.2916,73222.4007,3.55,4.7734,4.68,2845954.0,5234519.0,82.4073,67.3341,35.0792,32.2549,3.8525,-4.8707,97.2982,100.0
NOR,Norway,2017,415673181543.421,2.6696,78771.2151,1.8751,-0.9718,4.164,2848702.0,5276968.0,82.6098,67.1957,35.78,31.4157,5.2084,1.4195,96.3576,100.0
NOR,Norway,2018,454588871810.636,1.1104,85579.0776,2.7648,-3.2118,3.801,2883492.0,5311916.0,82.7585,68.1761,37.3018,30.8743,7.6908,-1.246,96.4917,100.0
NOR,Norway,2019,424244886363.636,1.4697,79329.3075,2.1677,3.7315,3.684,2911217.0,5347896.0,82.9585,68.8802,35.6951,33.1852,2.8095,3.8492,98.0,100.0
NOR,Norway,2020,382252517921.94,-1.3606,71057.5879,1.2866,5.0753,4.424,2925043.0,5379475.0,83.2098,63.3673,31.3464,32.021,1.1018,-0.8584,94.6076,100.0
NOR,Norway,2021,521592200232.829,4.1431,96442.5552,3.4839,-14.4379,4.359,2948722.0,5408320.0,83.1634,69.1061,41.7847,27.3214,14.283,3.519,99.0,100.0
NOR,Norway,2022,617321834098.986,4.0804,113122.1308,5.7641,-18.8793,3.231,2995482.0,5457127.0,82.5098,79.9216,53.5795,26.3421,27.865,2.3129,99.0,100.0
NOR,Norway,2023,502197633322.816,0.3527,90984.4087,5.5178,18.2332,3.574,3039025.0,5519601.0,83.0122,77.4012,46.405,30.9962,17.1706,2.745,99.0,100.0
NOR,Norway,2024,500886328034.123,1.4237,89888.9535,3.1453,6.1091,4.0,3074577.0,5572279.0,83.161,79.5796,46.3795,33.2001,15.0418,2.4225,99.0,100.0
NOR,Norway,2025,530755719438.879,1.0853,94594.193,3.0556,4.4039,4.637,3094897.0,5610870.0,,79.0528,45.373,33.6799,13.9674,-1.4735,,
NPL,Nepal,2000,5494252207.905,6.2,223.8303,2.4788,,10.531,5995668.0,24546509.0,62.642,55.7106,23.284,32.4266,-2.3779,-0.0088,0.2047,29.9
NPL,Nepal,2001,6007055042.1769,4.7999,240.7951,2.6883,,10.502,6115063.0,24946748.0,63.288,55.7999,22.5608,33.2391,-2.7416,0.3471,0.24,24.6
NPL,Nepal,2002,6050875806.664,0.1201,238.8914,3.0294,,10.593,6237676.0,25328981.0,63.507,46.2307,17.7371,28.4936,3.5563,-0.0984,0.313,36.4
NPL,Nepal,2003,6330473096.5407,3.945,246.4297,5.707,,10.644,6361849.0,25688758.0,64.229,44.2479,15.6999,28.548,2.8476,0.2334,0.3828,39.6
NPL,Nepal,2004,7273938314.7199,4.6826,279.5878,2.8418,,10.652,6483894.0,26016656.0,64.744,46.1473,16.6827,29.4646,1.3742,-0.0057,0.4498,37.2
NPL,Nepal,2005,8130258377.9096,3.4792,309.0242,6.8363,,10.59,6600031.0,26309458.0,65.275,44.0629,14.5837,29.4793,1.883,0.0302,0.8266,46.1
NPL,Nepal,2006,9043715355.8881,3.3646,340.4318,6.9203,,10.609,6709291.0,26565425.0,65.891,44.762,13.4466,31.3154,1.6595,-0.0735,1.1414,51.2
NPL,Nepal,2007,10325618017.379,3.4116,385.4498,2.2692,,10.642,6814461.0,26788492.0,66.169,44.5793,12.8557,31.7236,0.0548,0.0556,1.41,52.6
NPL,Nepal,2008,12545438605.3959,6.1046,464.8174,9.9078,,10.597,6923924.0,26990037.0,66.442,46.0362,12.7758,33.2604,5.8455,0.0079,1.73,56.0
NPL,Nepal,2009,12854985464.0764,4.5331,473.0788,11.0948,,10.582,7038992.0,27173035.0,66.6,47.0794,12.4194,34.6601,0.1666,0.2977,1.97,59.3
NPL,Nepal,2010,16002656434.4746,4.8164,585.2785,9.3265,,10.563,7158341.0,27341952.0,66.772,45.9849,9.5825,36.4024,-0.7975,0.5483,7.93,68.6
NPL,Nepal,2011,21573872420.7008,3.4218,785.5187,9.2271,,10.627,7256378.0,27464494.0,67.123,36.2968,7.8061,28.4906,1.3378,0.4358,9.0,67.3
NPL,Nepal,2012,21703100877.1309,4.6701,788.2029,9.4598,,10.632,7316791.0,27534915.0,67.364,37.9219,8.7503,29.1716,2.6607,0.4237,11.1493,75.2
NPL,Nepal,2013,22162204924.5726,3.5252,803.2696,9.0402,,10.666,7357452.0,27589996.0,67.598,41.8654,9.2947,32.5707,5.2314,0.3347,13.3,77.4
NPL,Nepal,2014,22731612922.1906,6.0115,821.4552,8.3642,,10.62,7408274.0,27672370.0,67.812,45.9826,10.124,35.8586,2.183,0.1337,15.44,84.9
NPL,Nepal,2015,24360801286.7638,3.9761,875.5436,7.8689,,10.643,7493338.0,27823629.0,67.374,46.6657,10.2146,36.4511,10.0433,0.213,17.5816,82.0
NPL,Nepal,2016,24524109483.5293,0.4331,877.2565,8.7903,,10.714,7565879.0,27955462.0,68.444,42.1155,8.1796,33.9359,-0.6843,0.4322,20.7,90.7
NPL,Nepal,2017,28971588940.364,8.9773,1034.2837,2.777,,10.66,7596203.0,28011258.0,68.74,44.6424,7.8122,36.8302,-3.5643,0.6774,24.3,86.6
NPL,Nepal,2018,33111525237.149,7.6224,1179.1984,4.4066,,10.593,7630668.0,28079689.0,69.036,48.4474,7.8156,40.6317,-8.3008,0.2062,28.6,93.9
NPL,Nepal,2019,34186180699.0255,6.6571,1203.1429,5.5662,,10.477,7802999.0,28414064.0,69.299,49.2495,7.7799,41.4696,-5.1296,0.5428,33.3366,89.9
NPL,Nepal,2020,33433659301.2466,-2.3696,1154.2152,5.0564,,13.037,7977675.0,28966574.0,69.106,40.9189,6.8053,34.1136,-0.2517,0.3787,36.9653,89.9
NPL,Nepal,2021,36924841394.2605,4.8381,1252.7508,4.1268,,12.241,8226953.0,29475010.0,68.385,43.0538,5.1192,37.9346,-14.524,0.5317,40.9891,89.9
NPL,Nepal,2022,41182939519.8161,5.6313,1385.9107,7.6702,,10.661,8325856.0,29715436.0,70.087,48.9734,6.7024,42.271,-5.7669,0.1604,45.4508,91.3
NPL,Nepal,2023,41049329851.0546,1.9825,1382.383,7.1159,,10.437,8335831.0,29694614.0,70.354,41.5702,7.006,34.5642,2.4504,0.1823,45.8068,94.0
NPL,Nepal,2024,43298911699.9284,3.6779,1460.2824,4.6851,,10.5,8342811.0,29651054.0,70.636,40.17,7.5542,32.6158,3.878,0.1314,46.3219,97.9
NPL,Nepal,2025,45489810283.1132,4.4307,1535.8778,2.6533,,10.465,8362760.0,29618118.0,,42.552,8.8276,33.7244,,,,
NRU,Naoero,2000,26930980.3429,-6.8562,2648.6015,,,,,10168.0,59.574,,,,,,,99.1
NRU,Naoero,2001,22613287.5389,-6.7611,2232.3087,,,,,10130.0,59.482,,,,,,2.9872,99.0
NRU,Naoero,2002,21017423.6082,-9.9713,2084.6482,,,,,10082.0,59.427,,,,,,,99.0
NRU,Naoero,2003,24778159.5807,0.2846,2463.2826,,,,,10059.0,59.359,,,,,,,99.0
NRU,Naoero,2004,30587565.7988,-4.3148,3040.5135,,,,,10060.0,59.346,,,,,,,99.0
NRU,Naoero,2005,30070666.0653,0.0,2992.4038,,,,,10049.0,59.361,,,,,,,99.0
NRU,Naoero,2006,29200359.389,8.4507,2910.1415,,,,,10034.0,59.409,,,,,,,99.0
NRU,Naoero,2007,22766972.189,-22.0779,2272.1529,,,,,10020.0,59.49,,,,,,,99.8
NRU,Naoero,2008,37602264.7307,20.0,3756.8453,,,,,10009.0,59.675,164.2857,90.4762,73.8095,49.5416,,,99.1
NRU,Naoero,2009,44176245.5492,-5.5556,4410.5676,,,,,10016.0,59.852,145.0,83.3333,61.6667,67.7851,,,99.1
NRU,Naoero,2010,47562844.6104,0.0,4735.92,,,,,10043.0,60.074,100.0,51.8519,48.1481,49.7849,,,99.2
NRU,Naoero,2011,65071879.7787,14.7059,6444.0364,0.3003,,,,10098.0,60.287,130.303,62.1212,68.1818,30.3667,,54.0,99.0
NRU,Naoero,2012,101055722.9506,24.359,9842.7703,-0.1248,,,,10267.0,60.533,120.4082,68.3673,52.0408,34.4977,,,99.4
NRU,Naoero,2013,94385014.9426,4.1237,8974.5189,,,,,10517.0,60.701,179.3478,101.087,78.2609,48.583,,,99.4
NRU,Naoero,2014,99149244.4001,15.8416,9230.0544,,,,,10742.0,60.834,197.2222,99.0741,98.1481,26.2528,,,99.5
NRU,Naoero,2015,84863440.5802,3.4188,7747.2558,,,,,10954.0,60.897,200.0,71.5686,128.4314,-19.6807,,,99.0
NRU,Naoero,2016,97541943.0355,4.1322,8748.1563,,,,,11150.0,60.996,170.1493,72.3881,97.7612,2.1318,,,99.7
NRU,Naoero,2017,109355638.867,-6.3492,9656.9798,,,,,11324.0,61.101,142.069,60.0,82.069,12.9028,,62.3851,99.8
NRU,Naoero,2018,130995566.3039,-0.8475,11413.7463,,,,,11477.0,61.238,140.6401,54.7116,85.9285,7.3262,5.8862,,99.9
NRU,Naoero,2019,125160115.5478,8.547,10801.7706,,,,,11587.0,61.393,155.9067,60.395,95.5117,4.4664,1.749,74.7379,100.0
NRU,Naoero,2020,124685688.1611,1.5748,10709.0688,,,,,11643.0,61.527,134.9801,43.5836,91.3965,2.5927,-2.6716,77.4666,100.0
NRU,Naoero,2021,149268323.9929,7.7519,12748.1701,,,,,11709.0,61.331,130.1856,36.2112,93.9745,4.4193,4.5087,80.295,100.0
NRU,Naoero,2022,180671357.3498,0.0,15309.8345,,,,,11801.0,61.93,141.1291,45.3823,95.7467,1.6414,-4.9902,83.2266,100.0
NRU,Naoero,2023,161531316.8841,-0.7194,13602.6372,,,,,11875.0,62.109,135.0,40.8333,94.1667,1.1902,0.8954,83.0397,100.0
NRU,Naoero,2024,167833414.8462,1.4493,14048.164,,,,,11947.0,62.279,160.5469,53.5156,107.0312,5.7975,-3.4833,83.0117,100.0
NRU,Naoero,2025,176040043.9323,2.1429,14639.5047,,,,,12025.0,,165.4412,61.7647,103.6765,,,,
NZL,New Zealand,2000,52623281956.7031,2.8688,13641.1027,2.6152,4.7902,6.13,1929758.0,3857700.0,78.6366,68.5169,35.7455,32.7715,-3.3028,-2.8653,47.3796,100.0
NZL,New Zealand,2001,53872425916.6248,3.4156,13882.8568,2.6258,3.5995,5.433,1962689.0,3880500.0,78.6927,67.2338,35.431,31.8028,-0.7764,0.4814,53.241,100.0
NZL,New Zealand,2002,66627729311.4495,4.7151,16874.1875,2.6771,6.8587,5.282,2024542.0,3948500.0,78.8463,62.656,32.8471,29.8089,-2.0952,4.2753,59.0808,100.0
NZL,New Zealand,2003,88250885550.2626,4.7259,21913.7082,1.7536,4.8254,4.745,2065073.0,4027200.0,79.1463,57.9148,29.8397,28.075,-2.406,-3.8118,60.9625,100.0
NZL,New Zealand,2004,103905210084.034,4.0905,25420.2349,2.2902,4.2291,4.005,2122508.0,4087500.0,79.5488,58.7996,29.5434,29.2561,-4.5079,2.2326,61.8476,100.0
NZL,New Zealand,2005,114720129550.095,3.353,27751.0655,3.037,5.649,3.807,2179558.0,4133900.0,79.8512,58.0187,28.2852,29.7336,-6.9954,1.662,62.7202,100.0
NZL,New Zealand,2006,111538810712.665,2.7744,26654.5932,3.3654,5.3324,3.857,2231752.0,4184600.0,80.0488,59.6033,29.6086,29.9947,-7.0652,2.6113,69.0,100.0
NZL,New Zealand,2007,137188946865.584,3.0631,32479.9817,2.3761,3.1428,3.661,2266131.0,4223800.0,80.1512,58.4252,29.2731,29.152,-6.797,3.1602,69.76,100.0
NZL,New Zealand,2008,133437126590.286,-1.0256,31324.7398,3.9589,6.022,4.167,2286662.0,4259800.0,80.3512,64.2611,32.0052,32.2559,-7.6918,1.9425,72.03,100.0
NZL,New Zealand,2009,121663439315.385,-0.0403,28276.7255,2.1157,3.9152,6.121,2304331.0,4302600.0,80.7024,55.0144,28.6655,26.3489,-2.4742,-0.0431,79.7,100.0
NZL,New Zealand,2010,146887902524.052,1.4718,33761.901,2.302,3.0143,6.557,2325453.0,4350700.0,80.9049,58.1047,30.1973,27.9074,-2.3347,0.1949,80.46,100.0
NZL,New Zealand,2011,168458838711.118,2.1445,38425.83,4.0279,3.6162,6.491,2358833.0,4384000.0,81.1561,59.1816,30.3648,28.8168,-2.8629,0.8182,81.23,100.0
NZL,New Zealand,2012,176508049114.249,2.3026,40041.7525,1.0599,5.9627,6.931,2366796.0,4408100.0,81.4073,56.9257,28.8101,28.1156,-3.902,2.1794,81.6445,100.0
NZL,New Zealand,2013,190943478289.796,2.5648,42984.9572,1.1344,1.2774,5.839,2382609.0,4442100.0,81.4049,56.0063,28.808,27.1983,-3.0569,-0.0364,82.78,100.0
NZL,New Zealand,2014,201435445068.164,3.8193,44599.8993,1.2275,5.3309,5.428,2463012.0,4516500.0,81.4568,55.1213,27.9659,27.1554,-3.0898,1.6142,84.0,100.0
NZL,New Zealand,2015,178147457242.978,3.7297,38648.7303,0.2927,4.278,5.415,2526061.0,4609400.0,81.6124,54.875,27.9458,26.9292,-2.6173,-0.0412,85.2,100.0
NZL,New Zealand,2016,188980351890.848,3.7435,40088.3205,0.6462,2.5245,5.147,2634836.0,4714100.0,81.6585,52.4796,26.6312,25.8484,-2.1549,1.0626,86.5,100.0
NZL,New Zealand,2017,206561943051.354,3.3157,42912.1537,1.8508,1.0697,4.736,2732646.0,4813600.0,81.8585,54.2775,27.5921,26.6854,-2.921,1.1571,87.7,100.0
NZL,New Zealand,2018,211726161989.495,3.3222,43204.1305,1.5983,,4.335,2787916.0,4900600.0,81.7073,55.9064,27.904,28.0024,-4.1644,1.1602,89.0,100.0
NZL,New Zealand,2019,213088034258.42,2.3237,42872.2681,1.6196,,4.109,2819371.0,4970300.0,82.0561,54.4612,27.3203,27.141,-2.8206,1.443,89.8637,100.0
NZL,New Zealand,2020,213318129988.602,-0.2409,42054.6743,1.7146,,4.595,2869748.0,5072400.0,82.2561,43.8262,21.6681,22.1581,-1.0826,2.2504,90.921,100.0
NZL,New Zealand,2021,253732493987.834,4.2992,49902.1543,3.9411,,3.776,2904263.0,5084600.0,82.2073,48.4315,22.3337,26.0978,-5.6491,2.0906,91.9906,100.0
NZL,New Zealand,2022,249723029451.237,3.3452,49141.6316,7.1722,,3.299,2932530.0,5081700.0,81.9585,53.2091,24.0472,29.162,-8.7516,3.927,93.0729,100.0
NZL,New Zealand,2023,256372177757.764,1.8139,49302.3419,5.7332,,3.734,3034955.0,5200000.0,81.7585,49.8655,23.6303,26.2352,-6.1499,1.7143,93.3261,100.0
NZL,New Zealand,2024,261497198363.906,-0.8687,49432.3626,2.9228,,4.724,3056019.0,5290000.0,82.0098,50.6608,24.7053,25.9555,-4.6295,0.673,93.5193,100.0
NZL,New Zealand,2025,264057413739.965,0.4629,49591.0406,2.8398,,5.076,3076335.0,5324700.0,,,,,-3.6194,1.3661,,
OMN,Oman,2000,22259557867.3602,6.1924,9753.8476,,-6.2984,4.433,812951.0,2282131.0,73.643,81.4133,52.8812,28.532,14.0587,0.3684,3.5204,100.0
OMN,Oman,2001,22205721716.515,4.6132,9611.9636,-0.8167,14.9262,4.298,828711.0,2310217.0,73.979,84.527,52.0608,32.4662,9.378,0.0234,5.8938,100.0
OMN,Oman,2002,23065539661.8986,-0.7842,9869.1305,-0.2796,3.9464,4.335,849247.0,2337140.0,74.276,83.6537,51.0785,32.5752,8.4161,0.4736,6.8734,100.0
OMN,Oman,2003,24733680104.0312,-2.1947,10463.5426,0.2313,-1.1358,4.599,872229.0,2363796.0,74.521,84.8466,49.8417,35.0049,5.878,0.1009,7.2557,100.0
OMN,Oman,2004,28378933680.104,1.9925,11800.8507,0.625,-4.0506,4.693,903171.0,2404821.0,74.82,88.6113,49.7631,38.8482,3.0888,0.3913,6.7589,100.0
OMN,Oman,2005,35506892067.6203,2.7794,14434.8578,1.9098,-11.8702,4.589,942002.0,2459802.0,75.07,86.7613,55.2943,31.467,14.5818,4.3326,6.6836,99.9
OMN,Oman,2006,42577633289.987,4.6698,16930.8565,3.545,-6.3468,4.387,984013.0,2514795.0,75.354,86.1457,53.7838,32.3619,13.2992,3.7487,8.2997,99.9
OMN,Oman,2007,48300390117.0351,4.9807,18792.6538,5.8305,-0.6384,4.309,1029075.0,2570174.0,75.596,94.8658,54.6159,40.2498,5.0971,6.8987,16.68,100.0
OMN,Oman,2008,69804681404.4213,8.9501,26576.7792,12.3754,-19.4659,4.142,1076359.0,2626529.0,76.124,94.7619,56.6731,38.0888,7.2297,4.2288,20.0,100.0
OMN,Oman,2009,55454096228.8687,5.982,20655.918,3.4688,43.1781,3.977,1125870.0,2684659.0,76.631,91.6279,52.7903,38.8376,-0.784,2.7216,26.8,100.0
OMN,Oman,2010,64993498049.4148,2.472,23570.1798,3.2566,-6.3246,3.911,1186353.0,2757446.0,77.184,96.3866,59.0956,37.2909,7.5948,1.912,35.8278,100.0
OMN,Oman,2011,77497529258.7776,2.8946,25188.0074,4.0422,-8.0797,3.95,1439274.0,3076763.0,77.74,101.6417,63.9175,37.7243,11.4436,2.1022,48.0,100.0
OMN,Oman,2012,87408842652.7958,8.8631,24642.2979,2.9477,2.2147,3.753,1811487.0,3547106.0,78.187,102.0748,62.7219,39.3529,8.9907,1.5612,60.0,100.0
OMN,Oman,2013,89936020806.2419,5.2277,23458.0234,1.0535,7.9116,3.553,2028882.0,3833913.0,78.633,112.5435,66.0316,46.5119,5.8799,1.7929,66.45,100.0
OMN,Oman,2014,92699089726.9181,1.2923,23160.6502,1.014,3.4079,3.453,2139249.0,4002439.0,79.03,102.2787,61.4402,40.8385,4.63,1.3877,70.22,100.0
OMN,Oman,2015,78710793237.9714,5.0171,18808.3078,0.0653,29.7142,3.403,2259607.0,4184895.0,79.346,96.3776,49.6526,46.725,-13.7813,-2.76,73.53,100.0
OMN,Oman,2016,75128738621.5865,5.0464,17110.1897,1.1092,15.4598,3.266,2403255.0,4390877.0,79.581,82.8643,41.3196,41.5446,-16.6108,3.0162,76.8454,100.0
OMN,Oman,2017,80856697009.1027,0.3041,17820.0662,1.5891,-1.9994,2.523,2493490.0,4537396.0,79.748,88.9531,45.7165,43.2366,-13.6144,3.5601,80.1856,100.0
OMN,Oman,2018,91505851755.5267,1.2871,19901.7616,0.8893,-5.8049,1.8,2500377.0,4597877.0,79.864,89.2792,50.6224,38.6568,-4.8503,6.1207,85.5,100.0
OMN,Oman,2019,88060858257.4772,-1.1286,19180.1864,0.4908,8.3009,2.045,2435263.0,4591241.0,79.946,86.4782,49.4929,36.9853,-4.9182,2.2691,90.2594,100.0
OMN,Oman,2020,75909492847.8544,-3.3797,16784.8631,-0.4064,18.2142,2.94,2220588.0,4522497.0,77.763,91.8759,47.0549,44.821,-16.5487,2.5155,95.2323,100.0
OMN,Oman,2021,87323797139.1417,2.5822,19403.46,1.6822,-5.924,1.9,2169738.0,4500424.0,75.969,95.9495,53.3298,42.6197,-5.5376,10.0152,95.2388,100.0
OMN,Oman,2022,109852795838.752,7.9857,23223.5829,2.5061,,3.3,2381905.0,4730226.0,77.911,105.745,63.2505,42.4945,3.6502,6.2554,95.2453,100.0
OMN,Oman,2023,106174707932.38,1.414,21027.7385,0.9508,,3.176,2579803.0,5049269.0,80.031,106.4467,61.5843,44.8624,2.2921,11.8158,95.2517,100.0
OMN,Oman,2024,107137198699.61,1.6316,20285.2273,0.5936,,3.203,2715317.0,5281538.0,80.246,114.8527,66.0726,48.7801,2.8643,11.6351,95.2517,100.0
OMN,Oman,2025,109604780696.23,2.3979,19947.3966,0.9677,,3.251,2843365.0,5494691.0,,,,,,,,
PAK,Pakistan,2000,99484802344.5277,4.2601,642.3383,4.3667,,0.614,44283074.0,154879127.0,61.903,21.46,9.6296,11.8303,-0.0854,0.3096,,72.8
PAK,Pakistan,2001,97145618479.9038,3.6514,609.9395,3.1483,,0.611,45850789.0,159270907.0,62.241,23.5772,10.6262,12.951,1.9332,0.3891,1.3186,73.9
PAK,Pakistan,2002,97923302809.3537,2.5948,599.9373,3.2903,,0.615,47266464.0,163222549.0,62.556,23.129,11.263,11.866,3.9357,0.8435,2.5774,74.9
PAK,Pakistan,2003,112371913740.823,5.4013,672.4418,2.9141,,0.612,48816449.0,167110248.0,62.834,24.6502,12.1646,12.4855,3.1796,0.4752,5.0412,76.0
PAK,Pakistan,2004,132216048339.413,7.8313,771.9022,7.4446,0.0057,0.598,50561804.0,171286000.0,63.097,24.8083,11.423,13.3854,-0.6179,0.8456,6.1643,77.0
PAK,Pakistan,2005,145208562960.767,7.2766,827.6199,9.0633,3.3305,0.583,51855384.0,175453212.0,62.416,29.8785,12.2518,17.6267,-2.4835,1.5158,6.3323,78.1
PAK,Pakistan,2006,161871385506.36,6.0516,900.8736,7.9211,4.7075,0.582,53143744.0,179682690.0,63.624,33.0497,12.5489,20.5008,-4.1681,2.6398,6.5,79.1
PAK,Pakistan,2007,184140869997.46,4.4448,998.0901,7.5987,1.3024,0.398,55026645.0,184493231.0,63.807,30.7879,11.6251,19.1628,-4.508,3.0357,6.8,80.2
PAK,Pakistan,2008,202203748583.854,2.1204,1067.0432,20.2861,1.8169,0.423,56978123.0,189499113.0,64.002,34.349,11.8758,22.4731,-7.7419,2.6894,7.0,81.4
PAK,Pakistan,2009,187337783856.466,3.4726,963.7881,13.6478,1.9247,0.535,59305908.0,194376534.0,64.206,33.3269,12.391,20.9359,-2.1317,1.248,7.5,82.5
PAK,Pakistan,2010,196709621849.586,1.5017,987.3046,12.9389,3.1232,0.653,61633684.0,199239047.0,64.378,31.989,12.6372,19.3518,-0.6883,1.0279,8.0,87.1
PAK,Pakistan,2011,230586581059.665,2.6801,1131.7351,11.9161,-1.711,0.796,62965404.0,203746065.0,64.659,32.3626,13.4826,18.8801,-0.9571,0.5751,8.0,87.8
PAK,Pakistan,2012,250106966104.704,3.0276,1204.3648,9.6824,3.2759,3.667,64736311.0,207667125.0,64.883,31.319,11.874,19.445,-0.9364,0.3435,8.1,88.6
PAK,Pakistan,2013,258657231672.412,4.3669,1225.434,7.6922,4.2863,2.954,66307781.0,211073978.0,65.129,30.8903,12.1775,18.7128,-1.7073,0.5154,9.0,89.3
PAK,Pakistan,2014,271390474857.632,4.1164,1266.6134,7.1894,4.2163,1.827,66802824.0,214264647.0,65.374,29.4698,11.195,18.2749,-1.3479,0.6953,10.0,90.1
PAK,Pakistan,2015,299963590534.773,4.2179,1380.4702,2.5293,5.4708,3.566,69229075.0,217290883.0,65.641,26.6882,9.9746,16.7136,-0.9344,0.5577,11.0,91.0
PAK,Pakistan,2016,313630000130.435,6.5738,1424.6916,3.7651,7.7613,2.285,69799389.0,220138869.0,65.943,24.7016,8.7367,15.9649,-2.2928,0.8213,12.3854,91.8
PAK,Pakistan,2017,339205534861.1,4.4326,1519.2346,4.0854,4.0183,3.204,70494278.0,223273967.0,66.223,25.472,8.2216,17.2504,-4.7699,0.7358,13.78,92.7
PAK,Pakistan,2018,356128166704.921,6.1517,1569.3381,5.0781,4.5156,4.083,71401725.0,226928892.0,66.481,27.6261,8.5818,19.0443,-5.2956,0.4877,15.34,93.4
PAK,Pakistan,2019,320909472770.669,2.4976,1390.4169,10.578,2.9318,4.83,73727954.0,230800899.0,66.729,28.9056,9.3909,19.5147,-2.6668,0.6961,17.0709,93.9
PAK,Pakistan,2020,300425609817.981,-1.2741,1278.3974,9.7401,0.7397,5.994,75332749.0,235001746.0,65.701,26.7163,9.2986,17.4177,-0.2167,0.6847,18.935,94.5
PAK,Pakistan,2021,348516647445.148,6.5139,1455.3192,9.4964,-1.4523,6.338,78814704.0,239477801.0,65.773,27.0304,9.0516,17.9788,-3.5244,0.616,,94.9
PAK,Pakistan,2022,374890295666.694,4.7781,1538.3228,19.8739,,5.291,80064041.0,243700667.0,67.417,33.0314,10.5406,22.4908,-3.2586,0.39,,95.0
PAK,Pakistan,2023,336686348609.266,-0.4149,1360.3242,30.7681,,5.237,81613188.0,247504495.0,67.649,28.4677,10.494,17.9737,-0.3086,0.6083,,95.6
PAK,Pakistan,2024,371747087751.306,3.0818,1479.4776,12.6325,,5.492,83217450.0,251269164.0,67.799,27.5653,10.3855,17.1798,0.1249,0.7169,57.253,95.7
PAK,Pakistan,2025,407307214476.222,3.6984,1595.9091,3.5456,,5.42,85158214.0,255219554.0,,27.1935,9.9852,17.2083,-0.11,0.4547,,
PAN,Panama,2000,11966497000.0,4.209,3975.0931,1.499,12.1872,6.188,1282474.0,3010369.0,73.443,139.1979,68.9601,70.2378,-5.8405,6.9176,6.5548,81.4
PAN,Panama,2001,12252906300.0,0.9499,3991.7767,0.3071,9.4072,6.293,1321605.0,3069537.0,73.82,135.5844,68.7001,66.8843,-1.5588,4.9523,7.2684,81.5
PAN,Panama,2002,12800851300.0,2.5088,4090.5862,1.0058,8.5046,6.302,1361258.0,3129344.0,74.195,126.0245,62.8291,63.1954,-0.8835,1.9303,8.5181,82.1
PAN,Panama,2003,13603456000.0,5.0969,4264.6643,0.3917,8.7124,6.303,1397969.0,3189807.0,74.567,117.2675,58.1336,59.1339,-4.2283,7.723,9.9874,87.8
PAN,Panama,2004,15100203400.0,8.1757,4644.5658,0.4747,6.0518,6.097,1444961.0,3251155.0,74.845,124.7618,60.5768,64.1849,-6.9231,8.4628,11.1409,83.4
PAN,Panama,2005,16623906700.0,8.2762,5017.7411,2.8559,6.8741,5.967,1482872.0,3313026.0,75.16,139.2112,68.2356,70.9756,-6.401,6.6434,11.484,84.1
PAN,Panama,2006,18659721500.0,9.8572,5528.7671,2.4579,6.3693,5.792,1498098.0,3375024.0,75.429,141.4726,69.1942,72.2783,-2.4802,15.7789,17.3496,84.8
PAN,Panama,2007,21717433800.0,13.1531,6317.8173,4.1686,5.7707,5.665,1541403.0,3437490.0,75.675,148.6656,71.9792,76.6864,-5.4316,10.2406,22.29,85.5
PAN,Panama,2008,25721328000.0,10.1974,7347.5905,8.7587,0.3995,5.639,1614819.0,3500648.0,75.937,164.5863,78.2986,86.2877,-8.8922,9.2919,33.82,86.3
PAN,Panama,2009,27791215500.0,1.6119,7796.9262,2.4091,1.2162,5.857,1597065.0,3564381.0,76.228,137.046,69.9648,67.0812,-0.7639,3.9059,39.08,87.0
PAN,Panama,2010,30231009500.0,6.0734,8331.4642,3.4913,4.6417,5.845,1666955.0,3628535.0,76.417,145.4487,70.0252,75.4235,-10.3252,8.4321,40.1,86.8
PAN,Panama,2011,35687738300.0,11.9089,9662.2959,5.8758,1.925,4.03,1653884.0,3693505.0,76.659,158.2084,77.7457,80.4627,-12.6581,12.3168,42.7,88.6
PAN,Panama,2012,41595439700.0,9.6273,11064.8064,5.6982,1.3223,3.691,1741559.0,3759256.0,76.877,153.2086,74.5443,78.6643,-8.9796,8.1305,40.3019,89.3
PAN,Panama,2013,46949496500.0,6.3244,12273.3225,4.0272,1.1732,3.674,1799983.0,3825329.0,77.129,133.0716,64.5611,68.5105,-8.6981,8.0917,44.03,89.1
PAN,Panama,2014,51427104900.0,4.6258,13213.199,2.6265,2.1404,4.391,1836682.0,3892101.0,77.365,114.9706,54.8891,60.0815,-12.9838,9.6922,44.9238,90.8
PAN,Panama,2015,55767806100.0,5.2669,14082.6549,0.1375,3.3784,4.335,1874167.0,3960035.0,77.583,96.5792,47.3866,49.1925,-8.6939,9.1797,51.2054,91.6
PAN,Panama,2016,59760858700.0,4.572,14832.3612,0.7397,4.0242,4.717,1929484.0,4029086.0,77.772,84.396,41.7408,42.6552,-7.5428,8.7823,54.0,92.4
PAN,Panama,2017,64327688800.0,5.7441,15694.6297,0.8756,4.8837,5.338,1960954.0,4098707.0,77.901,84.0475,41.471,42.5765,-5.8224,6.3457,59.9506,93.7
PAN,Panama,2018,67316471200.0,3.9182,16151.3273,0.7616,6.1393,5.161,2053703.0,4167860.0,78.266,86.131,42.3471,43.7839,-7.8842,6.394,61.8055,93.8
PAN,Panama,2019,69778991200.0,3.103,16477.9066,-0.3551,6.5164,6.256,2125347.0,4234700.0,78.514,80.4287,40.2142,40.2145,-5.1445,6.7135,63.6284,93.9
PAN,Panama,2020,57059846500.0,-17.8211,13290.5608,-1.5503,7.5405,14.663,2098423.0,4293261.0,76.33,68.7004,36.2691,32.4313,0.2153,-2.8598,64.8243,95.3
PAN,Panama,2021,67396392500.0,16.467,15509.8069,1.6307,5.4444,10.177,2018222.0,4345405.0,77.004,80.1335,41.6067,38.5268,-1.214,2.7198,66.0427,95.3
PAN,Panama,2022,76479304500.0,11.0386,17378.607,2.8597,4.6104,8.086,2169258.0,4400773.0,79.324,93.4753,48.0266,45.4487,-0.3618,3.0925,67.2839,95.0
PAN,Panama,2023,83812155200.0,7.1663,18797.1934,1.4864,,6.544,2170438.0,4458759.0,79.594,88.3489,45.6292,42.7197,-3.1938,3.2638,68.5485,97.0
PAN,Panama,2024,86523959100.0,2.7478,19161.2188,0.6932,,8.451,2249161.0,4515577.0,79.775,83.6738,44.3578,39.3159,0.6566,2.4106,72.7715,96.0
PAN,Panama,2025,90462600000.0,4.3503,19789.7309,-0.1896,,8.36,2287522.0,4571189.0,,,,,-0.1869,1.0374,,
PER,Peru,2000,51744749133.213,2.6944,1945.4134,3.7573,25.5698,4.959,11421931.0,26598331.0,69.821,35.538,16.7684,18.7697,-2.9874,1.5648,3.0764,72.5
PER,Peru,2001,52030158775.4055,0.6179,1929.5727,1.9771,24.412,5.068,12219945.0,26964601.0,70.315,35.0644,16.6014,18.463,-2.3118,2.1992,7.5788,72.1
PER,Peru,2002,54777553515.0809,5.4535,2007.3702,0.1931,20.6338,4.84,12684823.0,27288217.0,70.815,35.2492,17.2748,17.9744,-2.0269,3.9356,8.9669,74.4
PER,Peru,2003,58731030121.8671,4.165,2129.4411,2.2594,18.8715,4.15,13141432.0,27580490.0,71.278,37.6246,19.0147,18.6099,-1.615,2.2731,11.6,74.4
PER,Peru,2004,66768703497.5687,4.9582,2397.2515,3.6625,17.3087,4.71,13589275.0,27852190.0,71.447,41.9361,22.9122,19.0238,0.0289,2.3949,14.1,75.7
PER,Peru,2005,76060606060.6061,6.2851,2706.6695,1.6163,21.2844,4.87,14025537.0,28101180.0,71.988,47.3573,26.8488,20.5086,1.5088,3.3903,17.1,77.2
PER,Peru,2006,88643193061.748,7.5289,3129.56,2.0023,15.1195,4.17,14840428.0,28324491.0,72.337,51.7851,30.5366,21.2484,3.2405,3.9107,20.7,80.2
PER,Peru,2007,102170981144.136,8.5184,3581.0893,1.78,21.0512,4.08,15475880.0,28530699.0,72.746,55.6881,31.5221,24.166,1.4293,5.3743,25.2,82.0
PER,Peru,2008,120550599815.441,9.1266,4197.5844,5.7859,22.3239,4.03,15688718.0,28719041.0,72.743,58.4338,29.7276,28.7061,-4.4111,5.7434,30.57,84.7
PER,Peru,2009,120822986521.479,1.0958,4181.1876,2.9362,18.5945,3.96,15961805.0,28896811.0,72.631,48.1119,26.4421,21.6699,-0.5983,5.3224,31.4,86.4
PER,Peru,2010,147527631520.729,8.3325,5072.1149,1.5283,12.5495,3.6,16300474.0,29086019.0,72.886,51.6728,27.8262,23.8466,-2.4161,5.7309,34.77,88.1
PER,Peru,2011,171761737046.585,6.3272,5861.3579,3.3693,11.1781,3.477,16389689.0,29304086.0,73.327,55.9883,30.5028,25.4855,-1.9642,4.4726,36.01,89.7
PER,Peru,2012,192650021648.583,6.1397,6519.3785,3.6112,17.82,3.238,16569598.0,29550366.0,73.979,52.6199,27.4496,25.1703,-2.8566,7.3617,38.2,91.1
PER,Peru,2013,201175543571.392,5.8525,6746.8003,2.7679,16.9033,3.575,16673246.0,29817919.0,74.591,49.7871,24.8083,24.9788,-4.8547,4.7573,39.2,92.1
PER,Peru,2014,200786250582.943,2.3822,6667.1341,3.4119,12.9948,3.208,16746275.0,30115826.0,75.26,46.8531,22.607,24.2462,-4.4048,2.123,40.2447,92.9
PER,Peru,2015,189802976285.619,3.2522,6231.7115,3.3981,13.0638,3.272,16759049.0,30457600.0,75.732,45.1628,21.2873,23.8754,-4.7797,3.9032,40.8526,93.9
PER,Peru,2016,191898104390.379,3.9533,6217.036,3.5572,12.9853,3.741,16939632.0,30866494.0,75.951,45.3888,22.6003,22.7885,-2.4213,3.6625,45.4617,94.2
PER,Peru,2017,211007984080.911,2.5188,6736.1669,2.9949,12.7122,3.691,17644346.0,31324637.0,75.958,47.5136,24.7199,22.7937,-1.1118,3.6597,50.4504,94.8
PER,Peru,2018,222597009739.235,3.9694,6978.4912,1.5092,11.9887,3.492,18124121.0,31897584.0,76.018,48.6315,25.1922,23.4393,-1.2815,2.7823,55.0543,95.2
PER,Peru,2019,228346006003.648,2.2406,7037.008,2.2521,12.2833,3.379,18599717.0,32449303.0,76.275,46.9435,24.0391,22.9044,-0.7279,2.2588,59.9505,95.6
PER,Peru,2020,201409694755.934,-10.9333,6133.3255,2.0024,8.8886,7.179,16861243.0,32838579.0,73.832,44.246,23.0114,21.2345,0.6572,0.4649,65.2518,96.2
PER,Peru,2021,226406075008.878,13.4166,6828.5342,4.2717,0.8458,5.097,17853296.0,33155882.0,71.596,55.4083,29.2259,26.1824,-2.299,3.1546,71.1078,95.6
PER,Peru,2022,246169867862.821,2.8182,7353.746,8.3337,7.7355,4.291,18756175.0,33475438.0,76.834,57.2727,28.8196,28.4531,-4.0868,4.628,74.675,96.2
PER,Peru,2023,268025009709.319,-0.3507,7919.0463,6.4556,,4.899,18608668.0,33845617.0,77.74,50.907,27.1702,23.7369,0.481,1.6433,79.4848,96.2
PER,Peru,2024,291751523018.903,3.5153,8526.2967,2.0077,,5.199,18941504.0,34217848.0,77.941,51.6811,28.8839,22.7972,2.3886,2.2978,81.9571,96.5
PER,Peru,2025,334854659181.893,3.4306,9684.4117,1.5313,,5.117,19242514.0,34576665.0,,51.8155,29.9698,21.8457,3.585,3.0918,,
PHL,Philippines,2000,83669788376.9213,4.3825,1050.7927,3.9771,4.8105,3.77,29661770.0,79625397.0,67.789,85.1534,43.3442,41.8091,-2.6628,1.7772,1.9823,74.7
PHL,Philippines,2001,78921234457.5487,3.0492,969.5306,5.3455,6.4219,3.698,30515119.0,81401488.0,67.829,84.9004,41.1555,43.7449,-2.2174,0.963,2.524,75.7
PHL,Philippines,2002,84307345887.543,3.7163,1014.9088,2.7228,4.7082,3.616,31307312.0,83068889.0,67.886,83.8448,40.0057,43.8391,-0.3345,2.0983,4.3323,76.7
PHL,Philippines,2003,87039092974.2272,5.0869,1027.2301,2.2892,6.0853,3.527,32101597.0,84731835.0,68.049,87.5746,42.305,45.2696,0.3274,0.5653,4.8577,76.6
PHL,Philippines,2004,95001999685.3314,6.5692,1099.6301,4.8292,3.9552,3.554,33146452.0,86394504.0,68.301,87.1253,41.8268,45.2984,1.7105,0.6231,5.2436,87.6
PHL,Philippines,2005,107419977318.166,4.9425,1220.4602,6.5169,4.0355,3.795,34017208.0,88015962.0,68.423,83.8457,41.23,42.6156,1.8529,1.5491,5.3976,79.8
PHL,Philippines,2006,127652926368.069,5.3164,1426.1465,5.4852,4.4401,4.052,34684599.0,89508986.0,68.172,80.8505,41.2455,39.6051,5.4545,2.1209,5.7406,80.2
PHL,Philippines,2007,155980408673.403,6.5193,1712.6554,2.9,5.3576,3.434,35381465.0,91075184.0,68.549,73.645,38.0142,35.6308,5.175,1.8712,5.97,82.0
PHL,Philippines,2008,181624626327.361,4.3445,1959.2923,8.2604,1.4666,3.72,36070857.0,92699095.0,68.643,67.6811,33.3568,34.3242,0.0793,0.7378,6.22,83.3
PHL,Philippines,2009,175974755881.372,1.4483,1864.4504,4.219,5.6726,3.858,37120751.0,94384250.0,68.631,60.8866,30.2195,30.6671,4.8008,1.1732,9.0,84.3
PHL,Philippines,2010,208368893151.144,7.3345,2162.9138,3.7898,3.1635,3.605,38110500.0,96337125.0,68.883,66.1043,32.8748,33.2294,3.4454,0.5137,25.0,85.5
PHL,Philippines,2011,234216730291.32,3.8582,2383.9189,4.7184,2.641,3.592,39596984.0,98248614.0,69.096,60.7958,29.1054,31.6904,2.4092,0.857,29.0,87.2
PHL,Philippines,2012,261920540962.63,6.897,2614.6164,3.027,3.6133,3.504,40289936.0,100175512.0,69.237,57.842,27.4671,30.3749,2.6533,1.2276,30.8,87.1
PHL,Philippines,2013,283902828588.718,6.7505,2781.2796,2.5827,3.6309,3.497,41114722.0,102076336.0,69.283,55.8248,26.1774,29.6474,4.0096,1.3164,32.7,87.5
PHL,Philippines,2014,297483555338.044,6.348,2866.838,3.5978,2.3996,3.6,42543143.0,103767130.0,69.311,57.4682,27.3545,30.1137,3.6156,1.9294,34.7,89.8
PHL,Philippines,2015,306445871242.322,6.3483,2909.8582,0.6742,6.3436,3.068,42976583.0,105312992.0,69.45,59.1416,27.2081,31.9335,2.3709,1.8402,36.9,89.1
PHL,Philippines,2016,318627003016.731,7.1495,2985.1956,1.2537,4.3066,2.695,44089437.0,106735719.0,69.49,61.7761,26.673,35.1031,-0.3763,2.5985,39.2,92.0
PHL,Philippines,2017,328480736802.76,6.931,3038.1212,2.8532,3.232,2.552,43266495.0,108119693.0,69.966,68.1684,29.5523,38.6161,-0.6524,3.1224,41.6,93.0
PHL,Philippines,2018,346841896587.313,6.3415,3168.5104,5.3093,2.2921,2.338,44041398.0,109465287.0,69.761,72.1634,30.2136,41.9498,-2.5594,2.8683,44.1,94.2
PHL,Philippines,2019,376823402239.136,6.1185,3400.7895,2.3921,6.3545,2.237,45267971.0,110804683.0,69.68,68.8418,28.3829,40.4589,-0.8086,2.3012,43.0266,95.3
PHL,Philippines,2020,361751145451.597,-9.5183,3227.5791,2.3932,,2.522,42533348.0,112081264.0,70.097,58.1696,25.2028,32.9667,3.2007,1.8859,53.7649,96.4
PHL,Philippines,2021,394087359848.11,5.7147,3484.3859,3.9272,,3.398,44699749.0,113100950.0,66.675,63.4846,25.752,37.7326,-1.508,3.0408,66.9078,97.5
PHL,Philippines,2022,404353369604.631,7.581,3548.0693,5.8212,,2.598,49481401.0,113964338.0,69.472,72.4297,28.3874,44.0423,-4.5161,2.3475,75.2111,94.8
PHL,Philippines,2023,437055627245.138,5.5189,3804.0827,5.978,,2.2,50378922.0,114891199.0,69.833,67.42,26.6368,40.7831,-2.8341,2.0421,77.867,98.0
PHL,Philippines,2024,461671157904.74,5.7147,3985.2946,3.2126,,2.202,51307682.0,115843670.0,69.946,65.8638,25.737,40.1268,-4.0213,2.0357,67.263,94.8
PHL,Philippines,2025,487086123720.417,4.4024,4170.7235,1.6587,,2.235,52204133.0,116786962.0,,66.7936,26.5503,40.2433,-3.3445,1.5996,,
PLW,Palau,2000,149551484.375,-2.6039,7798.0751,,,,,19178.0,64.499,,,,,2.1248,,97.9
PLW,Palau,2001,159446234.375,7.3459,8239.2639,,,,,19352.0,64.8,,,,,-0.898,,98.0
PLW,Palau,2002,162658718.75,4.715,8340.1897,-1.3012,,,,19503.0,65.076,,,,,1.1687,20.2439,98.0
PLW,Palau,2003,154566781.25,-2.1278,7862.3929,0.9229,,,,19659.0,65.446,,,,,2.972,21.6015,98.1
PLW,Palau,2004,166363734.375,3.4725,8393.7303,4.9641,,,,19820.0,65.816,,,,,4.1145,26.9703,98.1
PLW,Palau,2005,185658171.875,2.8848,9367.6862,3.9515,,,,19819.0,66.219,122.0746,44.035,78.0396,-21.3186,2.1394,,98.9
PLW,Palau,2006,190777421.875,0.2281,9737.0194,4.4298,,,,19593.0,66.633,128.1415,46.106,82.0354,-25.5729,17.4461,,98.3
PLW,Palau,2007,196012718.75,0.6871,10155.0471,3.2388,,,,19302.0,67.113,117.584,43.634,73.95,-18.4632,2.2362,,98.4
PLW,Palau,2008,199046109.375,-5.5535,10471.151,11.9656,,,,19009.0,67.562,127.5657,46.704,80.8617,-17.194,2.3822,,98.5
PLW,Palau,2009,184049765.625,-6.1951,9837.4988,1.4381,,,,18709.0,67.99,115.2619,43.0541,72.2078,-3.3378,1.5164,,98.6
PLW,Palau,2010,184292328.125,-3.0265,10018.0652,1.4422,,,,18396.0,68.347,123.1139,46.3646,76.7493,-10.1354,1.4571,,98.8
PLW,Palau,2011,195163578.125,4.5453,10795.6399,4.6747,,,,18078.0,68.638,138.0865,52.3287,85.7578,-12.9861,4.2662,,98.9
PLW,Palau,2012,214928296.875,2.0613,12098.4124,3.6142,,,,17765.0,68.863,144.1014,55.8365,88.2648,-16.0445,10.0681,,97.6
PLW,Palau,2013,226257828.125,-1.3937,12820.5932,3.3548,,,,17648.0,68.981,140.8452,54.4572,86.388,-12.9107,7.9737,,99.2
PLW,Palau,2014,245436546.875,4.2139,13854.7303,4.1917,,,,17715.0,69.062,145.7938,55.3069,90.4869,-19.7174,16.2405,,99.8
PLW,Palau,2015,283224750.0,8.57,15938.3652,0.949,,,,17770.0,69.07,128.2073,53.6402,74.5671,-8.5607,12.2105,,99.5
PLW,Palau,2016,303326125.0,1.6665,17043.6661,-1.0423,,,,17797.0,69.046,118.7599,48.2044,70.5554,-16.1041,21.316,,100.0
PLW,Palau,2017,289983656.25,-3.4214,16280.2412,1.418,,,,17812.0,69.019,122.6506,45.6267,77.024,-22.8603,16.463,,100.0
PLW,Palau,2018,288228343.75,-0.4176,16179.8778,2.1097,,,,17814.0,68.989,117.772,42.775,74.997,-18.6422,17.6086,,100.0
PLW,Palau,2019,281954000.0,0.3007,15841.8923,0.2674,,,,17798.0,68.982,115.4977,38.3226,77.1751,-30.4351,16.1487,,100.0
PLW,Palau,2020,258985859.375,-6.0074,14556.3095,0.2182,,,,17792.0,68.689,104.4307,23.3221,81.1086,-43.8808,17.0121,,100.0
PLW,Palau,2021,235935734.375,-11.9146,13267.4877,2.6125,,,,17783.0,68.563,79.5791,6.5826,72.9966,-40.678,13.5978,,100.0
PLW,Palau,2022,247470812.5,-0.4629,13934.952,12.3527,,,,17759.0,68.922,103.6519,15.4379,88.214,-47.3179,30.05,82.5675,100.0
PLW,Palau,2023,276157406.25,1.2228,15578.3498,12.82,,,,17727.0,69.269,106.7576,26.141,80.6166,-48.6132,28.931,82.9163,100.0
PLW,Palau,2024,321501812.5,12.006,18169.0767,2.2317,,,,17695.0,69.383,105.812,32.6987,73.1133,,21.4869,83.9255,100.0
PLW,Palau,2025,345000000.0,6.2864,19532.3558,-0.4184,,,,17663.0,,,,,,,,
PNG,Papua New Guinea,2000,3521339699.0741,-2.4948,635.9579,15.5959,3.9257,2.92,1611797.0,5537064.0,61.609,115.4218,66.1784,49.2435,9.9592,2.7403,0.8352,12.4
PNG,Papua New Guinea,2001,3081024212.4292,-0.1213,537.8475,9.2982,8.6926,2.801,1675955.0,5728435.0,61.647,117.5804,65.33,52.2504,9.2874,2.0507,0.9041,12.7
PNG,Papua New Guinea,2002,2999511040.1976,-0.1589,506.3318,11.7994,1.4238,2.756,1742551.0,5924003.0,61.643,118.9191,60.9158,58.0033,-0.8377,0.6721,1.3217,13.1
PNG,Papua New Guinea,2003,3536411824.2958,2.1641,577.4679,14.7091,7.4062,2.628,1809703.0,6123997.0,61.741,123.4491,69.418,54.0311,4.0186,4.7677,1.3744,13.4
PNG,Papua New Guinea,2004,3927157866.9647,2.7212,620.5961,2.1589,15.5531,2.526,1878745.0,6328041.0,61.795,131.0829,72.164,58.9189,4.7914,0.8287,1.5079,13.8
PNG,Papua New Guinea,2005,4865892972.276,6.3448,744.4865,1.7808,-0.6358,2.385,1946354.0,6535905.0,61.868,,,,13.3521,0.8216,1.7162,14.1
PNG,Papua New Guinea,2006,8354911040.7019,5.4099,1238.1828,2.3685,-31.1172,2.285,2015655.0,6747720.0,62.018,,,,5.2764,1.5386,1.7545,12.4
PNG,Papua New Guinea,2007,9545028944.3458,7.8152,1370.7534,0.9114,6.7924,2.169,2084385.0,6963345.0,62.211,,,,1.8945,1.3686,1.7906,14.9
PNG,Papua New Guinea,2008,11670892800.5309,-0.2965,1624.7932,10.7614,-2.2109,2.168,2162147.0,7183002.0,62.511,,,,6.813,0.4101,1.15,15.3
PNG,Papua New Guinea,2009,11619456449.266,6.8004,1568.8319,6.9183,15.7416,2.089,2235349.0,7406438.0,62.772,,,,-5.0917,3.615,1.61,17.2
PNG,Papua New Guinea,2010,14250786674.7766,10.1285,1866.8689,6.0136,0.481,2.002,2306745.0,7633523.0,63.056,,,,-4.5085,0.2497,1.28,19.5
PNG,Papua New Guinea,2011,17985138065.8549,1.1075,2288.3759,4.4408,1.8149,2.62,2404038.0,7859346.0,63.382,,,,-1.1002,0.2025,2.0,17.3
PNG,Papua New Guinea,2012,21295168665.7247,4.6571,2635.0874,4.5372,11.4556,2.634,2498151.0,8081390.0,63.639,,,,-10.7882,0.1352,3.5,17.5
PNG,Papua New Guinea,2013,21261338064.8783,3.8249,2560.7746,4.9603,6.3165,2.698,2594645.0,8302698.0,63.927,,,,-16.2257,0.1261,5.1,17.8
PNG,Papua New Guinea,2014,23210823987.308,13.5438,2723.1753,5.2221,3.7353,2.54,2682110.0,8523441.0,64.198,,,,12.1393,0.1268,6.5,18.1
PNG,Papua New Guinea,2015,21723437010.0982,6.5784,2484.5963,5.996,10.0878,2.507,2778064.0,8743246.0,64.473,,,,11.2064,0.1382,7.9,18.4
PNG,Papua New Guinea,2016,20758876952.6232,5.4896,2316.3948,6.6737,5.713,2.478,2876659.0,8961718.0,64.7,,,,13.6288,-0.1884,9.6015,13.5
PNG,Papua New Guinea,2017,22742699138.356,3.5346,2477.7653,5.422,0.6396,2.58,2979396.0,9178714.0,64.923,,,,15.9025,-0.7882,11.2092,19.2
PNG,Papua New Guinea,2018,24109780708.0268,-0.2793,2566.3683,4.3745,-0.6581,2.65,3089167.0,9394513.0,65.114,,,,13.6303,1.2719,12.3579,16.6
PNG,Papua New Guinea,2019,24750626029.8777,4.4805,2575.7727,3.9287,7.5088,2.651,3193903.0,9609010.0,65.331,,,,14.3799,1.3558,13.6242,23.6
PNG,Papua New Guinea,2020,23848447849.6081,-3.1674,2429.6113,4.8717,5.9688,2.903,3269241.0,9815746.0,65.075,,,,14.3372,0.4738,15.0204,20.5
PNG,Papua New Guinea,2021,26113409477.7318,-0.5106,2607.9777,4.4836,-3.5561,3.03,3393679.0,10012896.0,64.358,,,,12.5753,-0.1318,16.5596,20.9
PNG,Papua New Guinea,2022,31653230962.4549,5.707,3102.2941,5.2532,-6.1047,2.689,3494880.0,10203169.0,65.274,,,,14.4295,3.7698,18.2566,19.0
PNG,Papua New Guinea,2023,30816328065.6492,3.8105,2966.0646,2.2987,13.2982,2.649,3573686.0,10389635.0,66.134,,,,9.0672,0.1405,18.5613,20.5
PNG,Papua New Guinea,2024,30803971189.4102,3.888,2912.4914,0.6024,4.859,2.625,3655667.0,10576502.0,66.256,,,,15.4764,-0.6438,18.8116,43.3
PNG,Papua New Guinea,2025,32498658653.8415,5.6379,3019.5309,4.4214,,2.571,3746653.0,10762817.0,,,,,,,,
POL,Poland,2000,172953527033.013,4.6563,4520.641,9.9002,,14.928,17100972.0,38258629.0,73.7488,60.6107,27.0732,33.5375,-5.9802,5.3974,7.2854,100.0
POL,Poland,2001,191823200371.284,1.2337,5015.2379,5.4083,,18.435,17478771.0,38248076.0,74.2,57.8785,27.0573,30.8213,-3.0997,2.9595,9.9007,100.0
POL,Poland,2002,199694463255.567,1.9012,5223.4518,1.9053,,20.211,17337681.0,38230364.0,74.4976,60.7968,28.6234,32.1734,-2.7762,2.0486,21.15,100.0
POL,Poland,2003,218561225998.47,3.5234,5720.8137,0.6827,,19.899,17315310.0,38204570.0,74.5976,69.2134,33.2387,35.9748,-2.5041,2.4574,24.87,99.9
POL,Poland,2004,256268656145.134,5.0908,6711.7272,3.3826,,18.822,17306665.0,38182222.0,74.8463,70.9816,34.0622,36.9194,-5.9691,5.4115,32.53,99.9
POL,Poland,2005,306999913150.525,3.2608,8043.9233,2.1838,,17.592,17466080.0,38165445.0,74.9951,70.3115,34.5255,35.786,-3.3049,3.5964,38.81,99.8
POL,Poland,2006,345897630736.173,6.2021,9068.8553,1.2847,,13.794,17355521.0,38141267.0,75.1439,77.7008,37.658,40.0428,-4.6491,6.2079,44.58,99.8
POL,Poland,2007,429715132137.503,6.7604,11272.5294,2.4587,,9.551,17361678.0,38120560.0,75.2439,80.7454,38.4711,42.2743,-6.684,5.825,48.6,99.8
POL,Poland,2008,535612030671.888,4.3838,14048.5605,4.165,,7.069,17601086.0,38125759.0,75.5439,80.5747,37.6688,42.9059,-6.7465,2.721,53.13,99.8
POL,Poland,2009,440891472247.096,2.6151,11556.3027,3.7954,,8.131,17886033.0,38151603.0,75.6951,74.9686,37.0041,37.9645,-3.9452,3.1811,58.97,100.0
POL,Poland,2010,478111630683.514,3.1689,12567.7318,2.5807,,9.578,18144753.0,38042794.0,76.2463,82.2259,39.8922,42.3336,-5.1666,3.9449,62.32,100.0
POL,Poland,2011,527848543023.469,5.2555,13867.6669,4.2394,,9.576,18210344.0,38063255.0,76.6951,86.9237,42.3182,44.6055,-5.1106,3.5713,61.95,100.0
POL,Poland,2012,498148649702.66,1.5118,13087.4209,3.5604,,10.031,18334357.0,38063164.0,76.7463,88.8299,44.0229,44.807,-4.1118,1.5289,62.31,100.0
POL,Poland,2013,518179836405.36,0.6842,13621.9024,0.992,,10.293,18319899.0,38040196.0,77.0,90.4175,45.7673,44.6502,-1.9816,0.259,62.8492,100.0
POL,Poland,2014,542134167178.627,3.9205,14262.2842,0.0538,,8.971,18420604.0,38011735.0,77.6024,92.034,46.2207,45.8133,-2.9729,3.8509,66.5987,100.0
POL,Poland,2015,480054118583.367,4.4318,12637.522,-0.8741,,7.475,18407499.0,37986412.0,77.4512,92.2554,47.1616,45.0938,-1.3255,3.2955,67.997,100.0
POL,Poland,2016,473259623976.262,3.0312,12464.0121,-0.6648,,6.141,18466235.0,37970087.0,77.8512,96.8659,49.9064,46.9595,-1.0688,3.8161,73.3007,100.0
POL,Poland,2017,528356723263.073,5.1525,13913.3415,2.0759,,4.867,18534927.0,37974826.0,77.7537,100.5659,51.6925,48.8734,-1.1863,2.3781,75.9854,100.0
POL,Poland,2018,594616632477.019,6.2459,15658.2106,1.813,,3.835,18503688.0,37974750.0,77.6024,102.4425,52.2326,50.2099,-1.966,3.348,77.5417,100.0
POL,Poland,2019,602683770144.88,4.5805,15874.5221,2.2275,,3.267,18454120.0,37965475.0,77.9049,101.581,52.6129,48.9681,-0.2729,3.1546,80.4359,100.0
POL,Poland,2020,605914237903.742,-2.0356,16150.9305,3.3745,,3.155,18197725.0,37515748.0,76.4,99.2591,52.4339,46.8252,2.3984,3.315,83.1849,100.0
POL,Poland,2021,689170230665.35,6.9272,18635.5105,5.055,,3.268,18351011.0,36981559.0,75.3512,110.8743,57.038,53.8363,-1.3016,5.4431,85.3749,100.0
POL,Poland,2022,695607470875.276,5.2555,18891.2121,14.4295,,2.811,18378935.0,36821749.0,77.1561,123.0213,62.3525,60.6688,-2.2746,6.0063,86.9411,100.0
POL,Poland,2023,812451193396.143,0.2496,22145.2661,11.5289,,2.743,18449404.0,36687353.0,78.2585,110.0249,57.8813,52.1437,1.5368,4.3892,86.4147,100.0
POL,Poland,2024,917767106146.761,3.0284,25103.5657,3.7906,,2.807,18269205.0,36559233.0,78.4098,100.3594,52.1798,48.1796,0.3045,2.2452,88.585,100.0
POL,Poland,2025,1035491784197.44,3.5727,28419.5777,3.8142,,2.976,18174157.0,36435861.0,,97.0302,49.9506,47.0796,-0.8743,1.9341,,
PRI,Puerto Rico (US),2000,61701800000.0,3.272,16192.127,,,10.08,1335977.0,3810605.0,75.514,106.1695,62.3413,43.8282,,,10.4746,100.0
PRI,Puerto Rico (US),2001,69208400000.0,6.3135,18123.1987,,,11.4,1348012.0,3818774.0,75.972,109.8856,67.7675,42.1182,,,15.63,100.0
PRI,Puerto Rico (US),2002,71623500000.0,0.9165,18731.4594,,,11.94,1359405.0,3823701.0,76.819,106.3295,65.8615,40.468,,,17.5476,100.0
PRI,Puerto Rico (US),2003,74827400000.0,0.0534,19557.1202,,,11.78,1381946.0,3826095.0,76.941,118.8402,73.7368,45.1034,,,19.707,100.0
PRI,Puerto Rico (US),2004,80322313000.0,8.7487,20988.9923,,,10.31,1388497.0,3826878.0,76.913,117.0009,68.574,48.4269,,,22.1307,100.0
PRI,Puerto Rico (US),2005,83914521300.0,-1.9869,21959.3227,,,11.35,1425203.0,3821362.0,76.703,113.7448,67.3819,46.3629,,,23.4001,100.0
PRI,Puerto Rico (US),2006,87276164400.0,-1.4094,22935.9412,,,11.01,1413462.0,3805214.0,77.561,117.7285,68.8833,48.8452,,,25.4424,100.0
PRI,Puerto Rico (US),2007,89524131600.0,-1.1628,23664.8823,,,10.93,1380534.0,3782995.0,77.659,117.5958,67.0331,50.5627,,,27.86,100.0
PRI,Puerto Rico (US),2008,93639300000.0,-1.8441,24898.3346,,,11.48,1340512.0,3760866.0,78.111,116.278,68.2978,47.9802,,,38.0,100.0
PRI,Puerto Rico (US),2009,96385600000.0,-1.9524,25768.7259,,,15.0,1292495.0,3740410.0,78.377,105.2622,63.0868,42.1754,,,41.5,100.0
PRI,Puerto Rico (US),2010,98381300000.0,-0.4133,26414.8811,,,16.1,1255569.0,3724465.0,78.717,104.1532,62.6717,41.4816,,,45.3,100.0
PRI,Puerto Rico (US),2011,100351700000.0,-0.3585,27170.0767,,,15.7,1212004.0,3693464.0,78.766,108.5584,64.0527,44.5057,,,48.0,100.0
PRI,Puerto Rico (US),2012,101564800000.0,0.0293,27742.0245,,,14.5,1192391.0,3661045.0,79.258,103.3112,57.4526,45.8586,,,69.0,100.0
PRI,Puerto Rico (US),2013,102450000000.0,-0.3068,28212.05,,,14.3,1173960.0,3631427.0,80.318,104.8922,60.87,44.0223,,,69.0,100.0
PRI,Puerto Rico (US),2014,102445800000.0,-1.1904,28576.0988,,,13.9,1138241.0,3585017.0,80.039,102.3855,60.8216,41.5638,,,76.1339,100.0
PRI,Puerto Rico (US),2015,103375500000.0,-1.0493,29242.0415,,,12.0,1123237.0,3535167.0,80.677,108.8806,67.1949,41.6857,,,63.4663,100.0
PRI,Puerto Rico (US),2016,104336700000.0,-1.2637,29978.0889,,,11.8,1118418.0,3480432.0,80.355,110.274,68.7582,41.5159,,,68.6438,100.0
PRI,Puerto Rico (US),2017,103445500000.0,-2.8852,30328.4795,,,10.8,1104608.0,3410837.0,79.07,113.1316,68.7237,44.4079,,,68.7408,100.0
PRI,Puerto Rico (US),2018,100958100000.0,-4.3614,30679.9182,,,9.2,1082217.0,3290690.0,81.086,106.0012,59.954,46.0472,,,70.8564,100.0
PRI,Puerto Rico (US),2019,105126400000.0,1.6755,31830.5285,,,8.3,1095857.0,3302691.0,81.438,107.5715,60.5789,46.9926,,,77.7364,100.0
PRI,Puerto Rico (US),2020,103130900000.0,-4.1809,31427.1035,,,8.89,1115681.0,3281591.0,80.009,103.5098,60.348,43.1618,,,,100.0
PRI,Puerto Rico (US),2021,106426600000.0,0.3852,32618.8705,,,7.9,1174418.0,3262731.0,79.77,96.7454,54.4123,42.333,,,84.7867,100.0
PRI,Puerto Rico (US),2022,113843700000.0,2.9571,35353.5614,,,6.0,1180362.0,3220148.0,79.427,98.2565,52.4463,45.8102,,,87.2918,100.0
PRI,Puerto Rico (US),2023,118478754280.882,0.7315,36980.7654,,,5.725,1187834.0,3203794.0,81.69,101.6576,53.6448,48.0127,,,,100.0
PRI,Puerto Rico (US),2024,126029527033.705,3.1771,39353.2242,,,5.639,1206051.0,3202521.0,81.902,94.6225,51.877,42.7455,,,,100.0
PRI,Puerto Rico (US),2025,129368484000.0,0.3177,40620.1527,,,5.991,1209307.0,3184835.0,,90.458,46.8831,43.5749,,,,
PRK,"Korea, Dem. People's Rep.",2000,,,,,,3.653,14478761.0,23665910.0,60.911,,,,,,0.0,
PRK,"Korea, Dem. People's Rep.",2001,,,,,,3.676,14614099.0,23815358.0,60.893,,,,,,0.0,
PRK,"Korea, Dem. People's Rep.",2002,,,,,,3.644,14754036.0,23943973.0,60.877,,,,,,0.0,
PRK,"Korea, Dem. People's Rep.",2003,,,,,,3.668,14907575.0,24090380.0,69.399,,,,,,0.0,
PRK,"Korea, Dem. People's Rep.",2004,,,,,,3.62,15075890.0,24254943.0,69.294,,,,,,0.0,
PRK,"Korea, Dem. People's Rep.",2005,,,,,,3.576,15236165.0,24396433.0,69.168,,,,,,,
PRK,"Korea, Dem. People's Rep.",2006,,,,,,3.55,15411979.0,24524507.0,69.061,,,,,,,
PRK,"Korea, Dem. People's Rep.",2007,,,,,,3.547,15585861.0,24646383.0,69.021,,,,,,,
PRK,"Korea, Dem. People's Rep.",2008,,,,,,3.48,15741613.0,24764618.0,69.303,,,,,,,
PRK,"Korea, Dem. People's Rep.",2009,,,,,,3.48,15908580.0,24878332.0,69.702,,,,,,,26.0
PRK,"Korea, Dem. People's Rep.",2010,,,,,,3.419,16072822.0,24987258.0,70.246,,,,,,,29.3
PRK,"Korea, Dem. People's Rep.",2011,,,,,,3.516,16232268.0,25097874.0,70.772,,,,,,,31.4
PRK,"Korea, Dem. People's Rep.",2012,,,,,,3.542,16387155.0,25211728.0,71.317,,,,,,,33.6
PRK,"Korea, Dem. People's Rep.",2013,,,,,,3.567,16538377.0,25329451.0,71.867,,,,,,,35.7
PRK,"Korea, Dem. People's Rep.",2014,,,,,,3.509,16685184.0,25451262.0,72.451,,,,,,,37.8
PRK,"Korea, Dem. People's Rep.",2015,,,,,,3.523,16832596.0,25575350.0,72.825,,,,,,,40.0
PRK,"Korea, Dem. People's Rep.",2016,,,,,,3.574,16951814.0,25698326.0,72.971,,,,,,,42.1
PRK,"Korea, Dem. People's Rep.",2017,,,,,,3.498,17087766.0,25817709.0,73.034,,,,,,,44.2
PRK,"Korea, Dem. People's Rep.",2018,,,,,,3.409,17213512.0,25931147.0,73.02,,,,,,,46.3
PRK,"Korea, Dem. People's Rep.",2019,,,,,,3.439,17306773.0,26037632.0,72.928,,,,,,,48.4
PRK,"Korea, Dem. People's Rep.",2020,,,,,,3.624,17050598.0,26136312.0,72.783,,,,,,,50.5
PRK,"Korea, Dem. People's Rep.",2021,,,,,,3.692,17137602.0,26232534.0,73.437,,,,,,,52.6
PRK,"Korea, Dem. People's Rep.",2022,,,,,,3.457,17514243.0,26328845.0,73.641,,,,,,,54.7
PRK,"Korea, Dem. People's Rep.",2023,,,,,,3.463,17585844.0,26418204.0,73.642,,,,,,,57.5
PRK,"Korea, Dem. People's Rep.",2024,,,,,,3.539,17646807.0,26498823.0,73.743,,,,,,,61.4
PRK,"Korea, Dem. People's Rep.",2025,,,,,,3.545,17696854.0,26571036.0,,,,,,,,
PRT,Portugal,2000,118605192877.388,3.8162,11526.3721,2.853,,3.806,5230882.0,10289898.0,76.3146,67.453,28.2046,39.2484,-10.8233,6.1486,16.4305,100.0
PRT,Portugal,2001,121604107164.997,1.9437,11734.765,4.3699,,3.829,5335182.0,10362722.0,76.8146,65.092,27.4373,37.6546,-10.4344,5.0276,18.0871,100.0
PRT,Portugal,2002,134795565549.419,0.7709,12936.6928,3.6003,,4.497,5418600.0,10419631.0,77.0659,62.3083,27.0734,35.2349,-8.3176,0.4361,19.37,100.0
PRT,Portugal,2003,165226175536.793,-0.9305,15797.7821,3.219,,6.132,5439706.0,10458821.0,77.2195,61.1389,27.3672,33.7718,-6.6669,6.267,29.67,100.0
PRT,Portugal,2004,189382122532.169,1.7887,18064.1581,2.3654,,6.319,5415609.0,10483861.0,77.6707,63.2046,27.6671,35.5375,-7.9834,1.3122,31.78,100.0
PRT,Portugal,2005,197253876704.921,0.7818,18780.1275,2.2772,,7.582,5461291.0,10503330.0,78.0707,62.9445,27.0842,35.8603,-9.6002,1.7074,34.99,100.0
PRT,Portugal,2006,208756449275.848,1.625,19839.454,3.1077,,7.649,5497103.0,10522288.0,78.4195,68.5471,30.3574,38.1896,-10.2302,6.4163,38.01,100.0
PRT,Portugal,2007,240496147317.381,2.5066,22811.0565,2.454,,7.965,5529578.0,10542964.0,78.322,69.9461,31.1942,38.7519,-9.6579,2.5009,42.09,100.0
PRT,Portugal,2008,263416394624.084,0.3192,24949.0414,2.5885,,7.553,5531613.0,10558177.0,78.5244,72.0757,31.2611,40.8147,-11.8598,2.9689,44.13,100.0
PRT,Portugal,2009,244667762835.543,-3.1221,23151.2154,-0.8355,,9.432,5483627.0,10568247.0,78.7268,61.4927,27.2937,34.199,-10.3235,2.3513,48.27,100.0
PRT,Portugal,2010,238443864993.217,1.7376,22551.9351,1.4026,,10.771,5488106.0,10573100.0,79.0268,67.6892,30.0276,37.6617,-10.2612,3.7738,53.3,100.0
PRT,Portugal,2011,245426767676.002,-1.7135,23246.5425,3.653,,12.715,5423705.0,10557560.0,80.4707,73.0076,34.4115,38.5961,-6.1185,4.2365,55.25,100.0
PRT,Portugal,2012,216536676771.973,-4.0509,20593.4274,2.7733,,15.509,5377544.0,10514844.0,80.3732,75.9411,37.7235,38.2176,-1.5272,7.2154,60.34,100.0
PRT,Portugal,2013,226677408291.745,-0.9841,21676.486,0.2744,,16.237,5281205.0,10457295.0,80.722,78.0305,39.564,38.4666,1.5397,6.4365,62.0956,100.0
PRT,Portugal,2014,230078616299.675,0.7414,22120.685,-0.2782,,13.88,5223582.0,10401062.0,81.122,80.2207,40.1851,40.0356,0.3153,5.4385,64.5924,100.0
PRT,Portugal,2015,199038523119.639,1.5898,19215.7813,0.4879,,12.405,5197927.0,10358076.0,81.1244,80.6347,40.6877,39.947,0.5083,0.6352,68.6329,100.0
PRT,Portugal,2016,206305431241.638,2.0041,19980.2809,0.6074,,11.058,5182106.0,10325452.0,81.1244,79.5223,40.3551,39.1673,1.4256,3.5628,70.4236,100.0
PRT,Portugal,2017,220862990767.229,3.3147,21442.3843,1.3686,,8.878,5221693.0,10300300.0,81.4244,84.8078,42.9427,41.8651,1.5639,5.0204,73.7912,100.0
PRT,Portugal,2018,242092894542.888,2.9463,23541.1401,0.9937,,6.966,5230976.0,10283822.0,81.3244,86.7357,43.6776,43.0581,0.7277,3.4658,74.661,100.0
PRT,Portugal,2019,240115970063.019,2.7457,23343.3629,0.3382,,6.422,5245523.0,10286263.0,81.6756,86.771,43.6531,43.1179,0.7658,4.5039,75.3464,100.0
PRT,Portugal,2020,229618773422.577,-8.2046,22299.4044,-0.0124,,6.85,5138884.0,10297081.0,81.3293,76.5086,37.256,39.2526,-0.6298,1.8141,78.2617,100.0
PRT,Portugal,2021,256055879091.139,5.5588,24711.451,1.2657,,6.712,5114630.0,10361831.0,81.378,85.8735,41.5484,44.3251,-0.6722,3.6084,82.309,100.0
PRT,Portugal,2022,256898677175.024,6.9858,24620.5198,7.8327,,6.138,5245513.0,10434332.0,81.6317,101.3641,49.4817,51.8825,-2.0848,5.0837,84.4969,100.0
PRT,Portugal,2023,292323800948.839,3.1,27634.6183,4.3113,,6.498,5395411.0,10578174.0,82.3293,93.1359,47.1555,45.9804,0.5535,3.9633,85.7901,100.0
PRT,Portugal,2024,313656884870.859,2.2146,29328.3067,2.4161,,6.5,5450166.0,10694681.0,82.3829,89.6616,45.8197,43.8419,2.0752,4.2997,88.487,100.0
PRT,Portugal,2025,346639825141.821,1.8645,32081.8106,2.336,,6.164,5485246.0,10804871.0,,86.3989,43.6581,42.7408,,,,
PRY,Paraguay,2000,8855705139.5586,-2.3141,1736.1173,8.9822,14.2035,7.61,2152330.0,5100868.0,70.026,78.6447,43.3309,35.3138,-2.7905,1.2173,0.7476,89.6
PRY,Paraguay,2001,8495806432.1847,-0.8341,1637.6862,7.2681,16.4269,6.206,2200080.0,5187689.0,70.281,72.6057,40.6426,31.9631,-0.3757,1.1676,1.0988,91.0
PRY,Paraguay,2002,7196260656.8456,-0.0214,1367.7651,10.5102,22.657,9.393,2246134.0,5261328.0,70.539,79.4416,47.4751,31.9665,8.6131,1.2562,1.795,91.7
PRY,Paraguay,2003,7691367471.1799,4.3207,1443.9989,14.2368,37.0208,6.814,2258622.0,5326436.0,70.795,81.1274,47.1447,33.9827,0.2212,-0.7502,2.1119,92.6
PRY,Paraguay,2004,9624440836.2931,4.0574,1786.2153,4.3233,24.0813,6.513,2439951.0,5388175.0,71.054,80.1044,45.6878,34.4166,-0.1019,0.9765,3.4524,93.2
PRY,Paraguay,2005,10737500188.1123,2.1335,1970.8717,6.8074,19.1349,4.825,2456323.0,5448097.0,71.317,85.022,47.5936,37.4284,-0.6287,0.068,7.907,94.7
PRY,Paraguay,2006,13429430050.261,4.8071,2439.4312,9.5893,23.866,5.277,2393784.0,5505148.0,71.584,84.7335,46.2931,38.4404,1.2445,1.3984,7.9621,96.7
PRY,Paraguay,2007,17856393235.4338,5.4216,3211.9362,8.1305,14.4584,4.713,2507778.0,5559386.0,71.817,79.0011,43.3749,35.6262,4.3624,0.588,11.21,96.5
PRY,Paraguay,2008,24615267663.5456,6.4963,4384.9547,10.1548,15.6831,4.415,2576022.0,5613574.0,72.047,80.7776,42.4384,38.3392,0.3748,1.835,14.27,96.7
PRY,Paraguay,2009,22355151161.994,-0.2611,3941.8482,2.5919,27.9872,5.46,2639352.0,5671236.0,72.282,70.842,38.0973,32.7447,1.7754,0.8607,18.9,96.9
PRY,Paraguay,2010,27260886405.2263,11.0952,4750.9627,4.6512,24.3018,4.569,2621740.0,5737971.0,72.551,81.2575,42.1398,39.1177,-1.1336,2.7617,19.8,97.4
PRY,Paraguay,2011,33756238766.5,4.2864,5805.4015,8.254,11.7058,4.67,2686754.0,5814626.0,72.787,78.4921,40.2389,38.2533,-0.7329,1.9588,24.7635,98.2
PRY,Paraguay,2012,33271921136.315,-0.708,5642.1699,3.6759,11.7943,4.085,2882296.0,5897008.0,73.105,74.765,37.9955,36.7694,-1.8855,2.6117,29.34,97.8
PRY,Paraguay,2013,38501122141.4241,8.2931,6435.6834,2.6839,14.3121,4.385,2886676.0,5982445.0,73.292,73.3699,38.7137,34.6562,0.8339,1.1324,36.9,99.0
PRY,Paraguay,2014,40377929295.6419,5.3012,6652.2548,5.0288,17.8199,5.034,2866433.0,6069811.0,73.415,69.0837,35.4644,33.6193,-0.7869,2.5135,43.0074,99.0
PRY,Paraguay,2015,36211447840.0971,2.9572,5879.3379,3.129,17.8457,4.556,2922145.0,6159103.0,73.454,66.9151,34.7347,32.1804,-0.2179,2.2235,49.7163,99.3
PRY,Paraguay,2016,36089700222.9461,4.268,5775.1596,4.0868,13.3866,5.255,3066119.0,6249126.0,73.487,67.7593,37.1432,30.6161,4.5887,2.2703,53.4041,98.4
PRY,Paraguay,2017,38997129473.5558,4.8101,6152.2671,3.6025,14.5094,6.138,3167703.0,6338660.0,73.45,71.0801,38.1693,32.9108,3.677,1.9468,61.0758,99.3
PRY,Paraguay,2018,40225448340.6322,3.2043,6258.4499,3.9756,13.493,6.217,3257956.0,6427382.0,73.627,72.0692,36.8532,35.216,0.2307,0.7875,64.9935,99.6
PRY,Paraguay,2019,37925338329.1494,-0.4019,5821.182,2.7571,12.0533,6.595,3334564.0,6515058.0,73.668,71.2222,36.0873,35.1349,-0.1627,1.2802,68.5176,99.7
PRY,Paraguay,2020,35432178068.1814,-0.8198,5365.4722,1.7675,11.089,7.548,3281326.0,6603739.0,72.72,62.7602,33.2706,29.4896,2.387,0.8167,73.9575,99.7
PRY,Paraguay,2021,39937357255.8716,3.9946,5974.9057,4.788,3.7583,7.311,3412056.0,6684182.0,68.108,69.732,35.4652,34.2668,-0.6089,1.4624,77.0184,100.0
PRY,Paraguay,2022,41841201626.7253,-0.0281,6189.1021,9.7656,,6.755,3391301.0,6760464.0,72.319,73.8736,34.4,39.4736,-6.4518,2.0439,76.2592,100.0
PRY,Paraguay,2023,43140465595.6662,5.2858,6303.265,4.632,,5.794,3448638.0,6844146.0,73.844,82.5777,42.2577,40.3201,0.2847,2.577,78.0948,99.8
PRY,Paraguay,2024,44738819362.3269,4.6691,6456.6072,3.8354,,5.686,3477137.0,6929153.0,73.982,77.0944,37.7135,39.3809,-3.2503,2.453,81.5781,99.8
PRY,Paraguay,2025,49278227554.3339,6.6426,7026.6191,4.0381,,4.803,3528777.0,7013078.0,,76.4781,37.178,39.3001,-3.1806,2.3953,,
PSE,West Bank and Gaza,2000,4313600000.0,-8.5556,1476.1719,2.7982,,10.625,618184.0,2922153.0,70.298,87.6391,20.5165,67.1226,-19.8584,1.4374,1.1113,99.7
PSE,West Bank and Gaza,2001,4003700000.0,-9.3111,1335.5532,1.2228,,21.493,581078.0,2997784.0,69.75,82.726,15.3833,67.3427,-20.6776,0.479,1.8369,99.1
PSE,West Bank and Gaza,2002,3555800000.0,-12.4884,1156.2175,5.7095,,27.465,589186.0,3075373.0,70.88,76.2529,13.4372,62.8157,-13.6552,0.2655,3.1001,99.2
PSE,West Bank and Gaza,2003,3968000000.0,14.0156,1257.6986,4.403,,23.004,658607.0,3154969.0,70.967,76.3987,12.9814,63.4173,-26.9798,0.3244,4.1306,99.1
PSE,West Bank and Gaza,2004,4603100000.0,21.9245,1422.1909,3.0042,12.7564,23.215,673177.0,3236626.0,71.094,81.1236,12.9652,68.1584,-34.4972,0.4458,4.4009,99.5
PSE,West Bank and Gaza,2005,5125700000.0,11.2907,1543.7014,4.1073,7.2747,20.016,705921.0,3320396.0,72.004,83.8364,14.1112,69.7251,-26.6373,0.7071,16.005,99.6
PSE,West Bank and Gaza,2006,5348300000.0,-0.9966,1570.1044,3.8423,2.2149,19.014,732368.0,3406334.0,71.831,82.6375,13.767,68.8705,-23.0633,0.3475,18.41,99.7
PSE,West Bank and Gaza,2007,5815700000.0,3.7883,1664.2457,1.8597,3.0612,18.282,785554.0,3494496.0,72.064,91.9992,18.3349,73.6644,-7.1965,0.3369,21.176,98.8
PSE,West Bank and Gaza,2008,7310400000.0,7.4292,2035.2023,9.89,-8.3933,22.913,805777.0,3591977.0,72.204,79.4799,15.9362,63.5437,5.2063,0.7046,24.358,99.8
PSE,West Bank and Gaza,2009,8085700000.0,8.5935,2191.7818,2.7539,4.2561,20.452,839676.0,3689099.0,72.306,75.1512,14.0161,61.1351,-14.1407,3.716,32.23,99.9
PSE,West Bank and Gaza,2010,9681500000.0,5.7774,2557.0756,3.7492,-6.0625,21.416,879814.0,3786161.0,73.302,68.4977,14.1228,54.3748,-13.4994,1.8586,37.4,99.9
PSE,West Bank and Gaza,2011,11186100000.0,9.6008,2880.7984,2.8772,1.2965,17.597,940188.0,3882986.0,73.557,67.2495,16.086,51.1635,-18.5007,2.1352,41.08,99.7
PSE,West Bank and Gaza,2012,12208400000.0,6.0965,3067.4387,2.7791,3.986,19.202,977472.0,3979998.0,73.722,66.9293,15.3263,51.603,-14.9171,0.5159,43.4,99.8
PSE,West Bank and Gaza,2013,13515500000.0,4.6986,3315.2975,1.7244,1.681,19.894,1010156.0,4076708.0,74.14,66.2713,15.6198,50.6515,-14.7724,1.4025,46.6,99.9
PSE,West Bank and Gaza,2014,13989700000.0,-0.1579,3352.1126,1.733,2.6394,20.526,1047752.0,4173398.0,72.781,67.7398,15.8231,51.9168,-13.5869,1.1416,53.6652,99.9
PSE,West Bank and Gaza,2015,13972400000.0,3.7213,3272.1543,1.4316,10.8929,23.005,1124303.0,4270092.0,74.577,70.781,16.0624,54.7186,-13.8789,0.751,56.7,99.9
PSE,West Bank and Gaza,2016,15405400000.0,8.8646,3527.6138,-0.2191,4.8102,23.939,1149280.0,4367088.0,74.917,65.4225,14.3268,51.0957,-13.9078,1.9245,59.9,100.0
PSE,West Bank and Gaza,2017,16128000000.0,1.4194,3620.3605,0.2126,2.4865,25.677,1181552.0,4454805.0,75.216,68.4487,15.7242,52.7245,-13.2066,1.1406,63.3,99.9
PSE,West Bank and Gaza,2018,16276600000.0,1.2271,3562.3309,-0.1951,6.1937,26.256,1198168.0,4569087.0,75.38,71.4013,15.9616,55.4397,-13.15,1.2945,64.4,100.0
PSE,West Bank and Gaza,2019,17133500000.0,1.3627,3656.8583,1.5802,2.0053,25.34,1254417.0,4685306.0,75.811,68.9935,15.5211,53.4724,-10.3855,0.7697,70.6226,100.0
PSE,West Bank and Gaza,2020,15531700000.0,-11.3185,3233.5686,-0.7353,3.2248,25.895,1193390.0,4803269.0,74.998,67.2882,15.3576,51.9306,-12.2511,0.5134,76.1816,100.0
PSE,West Bank and Gaza,2021,18109000000.0,7.012,3678.6357,1.2375,-3.1194,26.39,1301690.0,4922749.0,73.89,73.0835,17.3411,55.7424,-9.818,1.9519,,100.0
PSE,West Bank and Gaza,2022,19165500000.0,4.0828,3799.9553,3.7412,,24.42,1391230.0,5043612.0,76.662,82.3949,18.4363,63.9587,-10.6265,1.6218,88.6469,100.0
PSE,West Bank and Gaza,2023,18635100000.0,-0.9722,3607.4161,5.8711,,,,5165775.0,65.17,76.1735,16.9959,59.1776,-15.5372,0.5556,86.6377,100.0
PSE,West Bank and Gaza,2024,16016900000.0,-22.8573,3028.2548,53.6691,,,,5289152.0,69.213,74.5881,21.8525,52.7355,-18.0999,1.0125,,100.0
PSE,West Bank and Gaza,2025,17167100000.0,4.3444,3171.1084,9.8084,,,,5413596.0,,74.7604,21.2278,53.5326,-15.8216,1.9213,,
PYF,French Polynesia,2000,3599845480.3436,3.2454,14978.3241,,,11.583,95603.0,240337.0,79.0,27.9447,4.6981,23.2466,,0.2743,6.3571,100.0
PYF,French Polynesia,2001,3573808556.3127,-0.3416,14640.936,,,11.665,97633.0,244097.0,79.316,,,,,0.6628,6.2516,100.0
PYF,French Polynesia,2002,3965405552.5203,0.8462,16004.0583,,,11.71,99618.0,247775.0,79.544,,,,0.1529,0.2757,8.2002,100.0
PYF,French Polynesia,2003,4927780606.7707,2.1269,19582.8936,,,11.751,101540.0,251637.0,79.71,,,,-2.4193,1.1813,14.1243,100.0
PYF,French Polynesia,2004,5564109981.9138,0.9713,21764.2203,,,11.702,103335.0,255654.0,79.829,,,,3.3392,0.1154,17.8845,100.0
PYF,French Polynesia,2005,5705052134.5425,0.31,21984.1936,,,11.722,105133.0,259507.0,79.951,58.8757,20.4603,38.4155,0.1531,0.1371,21.5422,100.0
PYF,French Polynesia,2006,5877997979.6227,0.8896,22330.8677,,,11.768,106958.0,263223.0,80.1,56.6133,20.2543,36.359,2.7186,0.5214,25.108,100.0
PYF,French Polynesia,2007,6631156405.5964,1.705,24888.1781,,,11.74,108503.0,266438.0,80.328,57.4555,20.3798,37.0757,4.0923,0.8784,28.59,100.0
PYF,French Polynesia,2008,7136741421.9591,0.0068,26592.0263,,,11.76,110126.0,268379.0,80.587,58.0396,18.9326,39.1071,-6.0358,0.1945,33.87,100.0
PYF,French Polynesia,2009,6584557973.9375,-4.2314,24434.2198,,,11.963,111386.0,269481.0,80.867,51.6751,16.7124,34.9626,-2.5964,0.3317,44.6,100.0
PYF,French Polynesia,2010,6086644798.5598,-2.4661,22494.8067,,,12.133,112569.0,270580.0,81.141,54.0439,16.3781,37.6658,-0.2944,1.0565,49.0,100.0
PYF,French Polynesia,2011,6203940036.9198,-2.962,22831.5185,,,12.257,113689.0,271727.0,81.434,56.232,18.2322,37.9998,2.8266,2.1573,49.0,100.0
PYF,French Polynesia,2012,5692858099.0022,-0.9275,20846.5457,,,12.134,114831.0,273084.0,81.695,57.8807,19.2775,38.6031,1.3724,2.5857,52.8766,100.0
PYF,French Polynesia,2013,6031827122.6066,0.3988,21955.6329,,,12.027,115819.0,274728.0,81.935,56.062,18.5161,37.5459,3.2735,1.6447,56.8,100.0
PYF,French Polynesia,2014,6151996560.8429,0.5936,22258.6321,,,11.894,116869.0,276387.0,82.151,56.2325,19.7049,36.5276,4.2965,1.0066,60.68,100.0
PYF,French Polynesia,2015,5325846361.8119,1.8033,19166.9595,,,11.794,117940.0,277866.0,82.339,55.6305,19.6138,36.0167,5.4673,0.4883,64.5602,100.0
PYF,French Polynesia,2016,5497036476.8031,2.3022,19690.0776,,,11.727,118991.0,279178.0,82.555,53.6165,19.6126,34.0039,7.4943,1.1196,68.4404,100.0
PYF,French Polynesia,2017,5833352692.7995,4.2926,20826.9312,,,11.595,119997.0,280087.0,82.774,54.5777,19.557,35.0207,,1.5435,72.7039,100.0
PYF,French Polynesia,2018,6135116253.3345,1.8069,21925.616,,,11.599,120471.0,279815.0,82.985,65.0147,20.9792,44.0355,,0.0968,,100.0
PYF,French Polynesia,2019,6022276196.1387,2.6895,21582.5892,,,11.591,120839.0,279034.0,83.195,63.3061,20.5924,42.7138,,0.2114,,100.0
PYF,French Polynesia,2020,5574821989.3824,-10.5738,19966.4839,,,12.963,119656.0,279209.0,82.459,45.8332,9.4997,36.3335,,-0.2791,,100.0
PYF,French Polynesia,2021,5994931236.4228,3.3659,21426.3854,,,12.558,120135.0,279792.0,79.571,52.9788,13.4431,39.5357,,-0.4274,,100.0
PYF,French Polynesia,2022,5622688338.0632,2.9373,20053.9569,,,11.793,120561.0,280378.0,83.859,69.5264,21.8171,47.7093,,-0.1686,,100.0
PYF,French Polynesia,2023,6137447782.8707,2.7728,21832.2832,,,11.613,120388.0,281118.0,84.07,71.6722,24.0679,47.6043,,-0.1058,,100.0
PYF,French Polynesia,2024,6323716355.0501,1.1264,22439.8839,,,11.613,120370.0,281807.0,84.192,64.4689,18.3214,46.1475,,-0.2193,,100.0
PYF,French Polynesia,2025,,,,,,11.662,120628.0,282465.0,,,,,,,,
QAT,Qatar,2000,17759890109.8901,8.0281,27535.1829,1.6503,,0.87,407864.0,644989.0,75.25,89.6127,67.2834,22.3293,,1.4167,4.8637,100.0
QAT,Qatar,2001,17538461538.4615,3.8981,25870.7992,1.4713,,0.87,432708.0,677925.0,75.486,94.9687,65.8929,29.0758,,1.685,6.1703,100.0
QAT,Qatar,2002,19363736263.7363,7.1825,27226.6594,0.24,,0.87,456991.0,711205.0,75.766,88.4697,60.3428,28.127,,3.2221,10.2261,100.0
QAT,Qatar,2003,23533791208.7912,3.7199,31602.4709,2.2646,,0.87,482286.0,744682.0,76.097,90.1649,61.6976,28.4674,,2.6554,19.2423,100.0
QAT,Qatar,2004,31734065934.0659,19.2185,41035.5008,6.7993,-6.12,0.87,495587.0,773332.0,76.484,90.3724,64.1682,26.2042,,3.7782,20.7016,100.0
QAT,Qatar,2005,44530494505.4945,7.4927,53949.6764,8.8144,-18.3013,0.87,527969.0,825408.0,76.909,94.7455,65.085,29.6605,,5.6141,24.7335,100.0
QAT,Qatar,2006,60882142857.1429,26.1704,62582.4453,11.8358,-1.0903,0.87,650369.0,972831.0,77.323,98.5709,62.8177,35.7532,,5.7488,28.9741,100.0
QAT,Qatar,2007,79711813186.8132,17.9852,65954.1146,13.7582,-3.1915,0.52,862514.0,1208595.0,77.741,96.1144,60.2776,35.8369,,5.8962,37.0,100.0
QAT,Qatar,2008,115269780219.78,17.663,80781.2114,15.0501,-13.0643,0.31,1049476.0,1426938.0,78.262,89.4333,61.3627,28.0706,,3.2781,44.3,100.0
QAT,Qatar,2009,97798351648.3516,11.9576,60785.7352,-4.8633,41.2539,0.31,1196250.0,1608903.0,78.837,80.1442,51.1349,29.0093,,8.3076,53.1,100.0
QAT,Qatar,2010,125122252747.253,16.7316,77387.2936,-2.4253,-2.1255,0.45,1205149.0,1616832.0,79.444,86.0703,62.3197,23.7506,,3.7326,69.0,100.0
QAT,Qatar,2011,167775274725.275,13.0214,103261.5103,1.1384,-11.0868,0.56,1205722.0,1624761.0,79.994,98.7216,72.6197,26.1019,31.0675,0.5594,69.0,100.0
QAT,Qatar,2012,186833502362.637,4.6262,108470.3788,2.3153,-0.9906,0.48,1270559.0,1722438.0,80.499,105.7463,76.4724,29.2739,33.1847,0.2119,69.3,100.0
QAT,Qatar,2013,198727642967.033,4.4307,103697.0084,3.222,3.2,0.28,1411555.0,1916426.0,80.974,102.3832,72.7178,29.6654,30.424,-0.4229,85.3,100.0
QAT,Qatar,2014,206224598571.429,4.1191,95840.631,3.3497,5.3145,0.2,1597750.0,2151745.0,81.395,99.0344,67.9981,31.0363,23.9593,0.5045,91.49,100.0
QAT,Qatar,2015,161739955576.923,4.7533,68985.2947,1.8141,39.4894,0.17,1760771.0,2344557.0,81.785,93.7076,57.0615,36.6461,8.5018,0.6621,92.8848,100.0
QAT,Qatar,2016,151732181868.132,3.0642,61253.6375,2.6766,14.3012,0.15,1869946.0,2477113.0,82.147,89.5476,47.7138,41.8338,-5.4501,0.51,95.1247,100.0
QAT,Qatar,2017,161099122225.275,-1.4976,63279.8557,0.3949,-2.8677,0.14,1921542.0,2545820.0,82.458,91.4946,52.8894,38.6052,3.9886,0.612,97.3888,100.0
QAT,Qatar,2018,183334953818.681,1.2349,71039.8491,0.2558,-6.6128,0.11,1943088.0,2580734.0,82.714,91.8384,55.9419,35.8966,9.0829,-1.1925,99.6528,100.0
QAT,Qatar,2019,176371267692.308,0.6882,66841.3013,-0.6666,9.9378,0.1,1971250.0,2638657.0,82.945,90.0464,52.1889,37.8575,2.4153,-1.5947,99.6528,100.0
QAT,Qatar,2020,144411363351.648,-3.5576,51683.5054,-2.5403,22.5995,0.14,2059100.0,2794148.0,80.409,90.0191,49.1189,40.9002,-2.0675,-1.6855,99.6528,100.0
QAT,Qatar,2021,179732009560.44,1.6268,71751.8831,2.3045,-15.2001,0.14,1827072.0,2504910.0,81.083,92.7792,58.726,34.0531,14.6436,-0.6084,99.6528,100.0
QAT,Qatar,2022,235709325714.286,4.185,88701.4634,4.9953,-16.933,0.13,1972313.0,2657333.0,81.857,100.2136,68.5984,31.6152,26.7778,0.0323,98.038,100.0
QAT,Qatar,2023,213002809340.659,1.1872,80195.8747,3.0276,19.1951,0.13,1972840.0,2656032.0,82.368,,,,17.1137,-0.2226,98.1523,100.0
QAT,Qatar,2024,216294505494.505,3.1096,75685.0866,1.2673,7.8157,0.13,2116940.0,2857822.0,82.522,,,,17.5153,0.2127,98.0854,100.0
QAT,Qatar,2025,215559615384.615,2.9017,72524.9066,,8.161,0.13,2198274.0,2972215.0,,,,,14.8112,1.407,,
ROU,Romania,2000,37253739511.1273,2.4613,1659.929,45.6666,7.4516,6.969,9326339.0,22442971.0,71.1634,48.5213,21.5889,26.9324,-3.6372,2.7836,3.6137,94.4
ROU,Romania,2001,40395116581.4832,5.2181,1825.193,34.477,5.3957,6.561,9226282.0,22131970.0,71.161,51.9286,22.106,29.8226,-5.518,2.8642,4.5387,94.6
ROU,Romania,2002,46065502702.5817,5.703,2119.8551,22.5399,10.358,8.112,9095455.0,21730496.0,71.0098,53.7102,24.013,29.6972,-3.3105,2.4834,6.58,94.9
ROU,Romania,2003,57806384143.166,2.3411,2679.4063,15.2735,1.8528,6.95,9095150.0,21574326.0,71.3098,56.1795,24.2127,31.9668,-5.7277,3.19,8.9,95.1
ROU,Romania,2004,74973656851.8076,10.4281,3494.9906,11.8744,8.7963,7.719,9073058.0,21451748.0,71.561,60.6265,25.7439,34.8825,-8.5123,8.5937,15.0,95.3
ROU,Romania,2005,98454380120.0761,4.6681,4618.0035,9.0149,6.7798,7.174,9050515.0,21319685.0,71.9122,59.3605,24.5352,34.8253,-8.6746,6.6007,21.5,95.6
ROU,Romania,2006,122023735992.706,8.0288,5757.5313,6.5585,3.0514,7.27,9025831.0,21193760.0,72.1634,61.6836,24.7712,36.9124,-10.6661,9.0201,24.66,95.9
ROU,Romania,2007,174588782938.583,7.2338,8360.3378,4.8373,-2.1309,6.413,8924741.0,20882982.0,72.5659,63.5052,24.7108,38.7943,-13.7032,5.7868,28.3,96.1
ROU,Romania,2008,214315932061.275,9.3075,10435.1561,7.8508,-0.8849,5.787,8824096.0,20537875.0,72.5659,65.1752,26.1555,39.0197,-11.6585,6.3774,32.42,96.5
ROU,Romania,2009,174110532658.867,-5.5167,8548.4543,5.5874,12.6652,6.859,8103793.0,20367487.0,73.3098,58.4701,26.0224,32.4477,-4.7293,2.6636,36.6,96.8
ROU,Romania,2010,170064350671.827,-3.9058,8399.5374,6.0914,7.6845,6.959,8573642.0,20246871.0,73.4585,69.9549,31.6416,38.3133,-4.9854,1.8897,39.93,97.1
ROU,Romania,2011,192623977894.173,4.4956,9560.6755,5.7893,7.833,7.177,8469420.0,20147528.0,74.4098,76.2714,35.2366,41.0347,-4.8159,1.2304,40.01,97.4
ROU,Romania,2012,179117323107.087,1.9036,8929.9537,3.3349,7.243,6.794,8456929.0,20058035.0,74.4122,76.5943,35.7084,40.886,-4.578,1.7014,45.88,97.8
ROU,Romania,2013,189798603751.235,0.2788,9497.6741,3.9847,9.0024,7.096,8437034.0,19983693.0,75.0634,81.3976,40.2454,41.1522,-1.1375,2.031,49.7645,98.1
ROU,Romania,2014,199722319675.741,4.116,10031.7711,1.0683,6.6379,6.802,8482476.0,19908979.0,74.9098,83.3751,41.4767,41.8984,-0.3415,1.9373,54.0783,98.4
ROU,Romania,2015,177885131240.315,3.157,8977.0175,-0.5942,3.3922,6.812,8563782.0,19815616.0,74.9122,83.5206,41.3492,42.1714,-0.6375,2.4273,55.7632,98.8
ROU,Romania,2016,185290759248.844,2.8599,9404.5401,-1.5448,3.0104,5.901,8458910.0,19702267.0,75.2098,85.8925,42.4163,43.4762,-2.1032,3.3742,59.504,99.1
ROU,Romania,2017,210147385855.419,8.1955,10727.9822,1.339,0.8726,4.927,8547354.0,19588715.0,75.2098,87.1561,42.3343,44.8218,-3.1942,2.8327,63.7473,100.0
ROU,Romania,2018,241791427223.903,5.3945,12416.1343,4.6255,0.5897,4.187,8484137.0,19473970.0,75.3585,87.0912,41.7842,45.307,-4.6075,3.0371,70.6813,99.8
ROU,Romania,2019,250080428511.595,3.9603,12909.6104,3.8279,0.1819,3.912,8460344.0,19371648.0,75.6073,84.9064,40.3352,44.5712,-4.8698,2.9452,73.6575,100.0
ROU,Romania,2020,250624575871.819,-3.598,13009.1525,2.6311,2.2855,5.035,8404862.0,19265250.0,74.2537,78.3616,36.9711,41.3905,-5.1404,1.4374,78.4553,100.0
ROU,Romania,2021,285072444957.216,5.5874,14908.0413,5.0523,0.0092,5.59,8417695.0,19122059.0,72.8098,87.0712,40.6944,46.3768,-7.2143,4.1283,83.5904,100.0
ROU,Romania,2022,295317862855.924,4.1877,15503.4691,13.7955,-3.8323,5.614,8420718.0,19048502.0,75.1537,93.9497,43.5131,50.4365,-9.253,3.8865,85.5031,100.0
ROU,Romania,2023,347757995758.914,2.2577,18244.4187,10.3972,-2.6981,5.589,8296265.0,19061062.0,76.4049,83.3753,39.2446,44.1307,-7.0338,2.5043,89.2034,100.0
ROU,Romania,2024,382564217988.866,0.916,20080.2096,5.7214,-0.7505,5.4,8263437.0,19051804.0,76.4585,77.215,35.603,41.612,-8.1676,1.8713,91.2905,100.0
ROU,Romania,2025,428677977854.826,0.6778,22537.9532,7.189,0.2937,5.992,8244587.0,19020271.0,,76.2148,35.4843,40.7305,-7.903,2.1867,,
RUS,Russian Federation,2000,259710142196.943,10.0001,1771.5941,20.7988,-9.6331,10.581,73640731.0,146596869.0,65.4837,68.0939,44.0604,24.0335,17.4742,1.0312,1.9772,97.8
RUS,Russian Federation,2001,306602070620.5,5.1001,2100.3525,21.477,1.2266,8.978,72398707.0,145976482.0,65.3834,61.1109,36.8935,24.2174,10.4545,0.9287,2.9444,97.9
RUS,Russian Federation,2002,345470494417.863,4.7,2377.5295,15.7887,0.0329,7.875,73090719.0,145306497.0,65.1288,59.6454,35.2126,24.4329,7.9523,1.0055,4.1283,97.9
RUS,Russian Federation,2003,430347420184.885,7.3,2975.123,13.6633,-0.6002,8.21,72861529.0,144648618.0,65.0276,59.1283,35.25,23.8783,7.698,1.8424,8.2989,97.9
RUS,Russian Federation,2004,591016690732.385,7.1999,4102.3647,10.8886,-7.329,7.763,73667709.0,144067316.0,65.471,56.5819,34.4179,22.164,9.9083,2.6062,12.8594,98.0
RUS,Russian Federation,2005,764015973481.11,6.4,5323.4551,12.6853,-7.2067,7.124,74120970.0,143518814.0,65.5298,56.7132,35.2031,21.5102,11.0454,2.0298,15.2267,98.0
RUS,Russian Federation,2006,989932071352.543,8.2001,6920.1997,9.6687,-4.0787,7.055,74495825.0,143049637.0,66.7276,54.7334,33.7305,21.0029,9.3254,3.7977,18.0233,98.1
RUS,Russian Federation,2007,1299703478481.65,8.5,9101.2393,9.0073,-3.3449,6.002,75441349.0,142805114.0,67.5868,51.7061,30.1641,21.5421,5.5546,4.299,24.66,98.2
RUS,Russian Federation,2008,1660848058303.11,5.2,11635.2842,14.1108,-4.905,6.205,75997629.0,142742366.0,67.9493,53.3825,31.3096,22.0729,6.258,4.5027,32.0,98.3
RUS,Russian Federation,2009,1222645900055.7,-7.8,8562.8242,11.6473,13.08,8.301,76018586.0,142785348.0,68.6846,48.4351,27.9381,20.497,4.1209,2.9921,42.55,98.4
RUS,Russian Federation,2010,1524916715223.95,4.5,10674.9902,6.8494,-2.9551,7.407,75913844.0,142849468.0,68.8412,50.3555,29.2156,21.1399,4.4233,2.8308,49.0,99.3
RUS,Russian Federation,2011,2045922753398.04,4.3,14305.332,8.4405,-12.8569,6.571,76175102.0,143018195.0,69.6839,48.0354,28.0554,19.98,4.7545,2.6924,58.0,99.2
RUS,Russian Federation,2012,2208293553878.42,4.0241,15401.8516,5.0747,0.1764,5.484,76093148.0,143378447.0,70.0722,47.1514,26.9073,20.2441,3.2279,2.2908,66.0,100.0
RUS,Russian Federation,2013,2292470078346.22,1.7554,15941.4482,6.7547,3.9371,5.513,75862836.0,143805638.0,70.5788,46.2871,25.8453,20.4418,1.4582,3.0194,67.97,100.0
RUS,Russian Federation,2014,2059241589895.01,0.7363,14055.4727,7.8202,3.3971,5.212,75706539.0,144237223.0,70.7437,47.8013,27.1111,20.6902,2.7929,1.0699,70.5176,100.0
RUS,Russian Federation,2015,1363482182197.71,-1.9727,9277.7139,15.5344,7.8946,5.615,75408951.0,144640716.0,71.1834,49.3593,28.7034,20.656,4.9709,0.5026,70.0992,95.5
RUS,Russian Federation,2016,1276786350881.14,0.1937,8663.1582,7.0424,9.4843,5.591,75488447.0,145015460.0,71.6512,46.5181,25.8545,20.6636,1.9164,2.5485,73.0914,99.4
RUS,Russian Federation,2017,1574199360089.0,1.8267,10658.9131,3.6833,4.9465,5.238,74950044.0,145293260.0,72.4515,46.8765,26.0909,20.7856,2.0441,1.8141,76.0081,100.0
RUS,Russian Federation,2018,1657328773461.31,2.8063,11211.8877,2.8783,-1.0294,4.871,74826387.0,145398106.0,72.6622,51.5809,30.7933,20.7876,6.9799,0.5301,80.8647,100.0
RUS,Russian Federation,2019,1693115002708.32,2.1981,11447.7012,4.472,5.3167,4.513,73911859.0,145453291.0,73.0839,49.2288,28.4334,20.7953,3.8761,1.8885,82.6422,99.8
RUS,Russian Federation,2020,1493075894362.14,-2.6537,10108.3271,3.3822,5.8253,5.62,73410465.0,145245148.0,71.3388,45.9669,25.5222,20.4447,2.3691,0.6349,84.9947,99.9
RUS,Russian Federation,2021,1829186719575.1,5.8665,12425.0293,6.6945,-9.3292,4.749,73799608.0,144746762.0,69.9002,50.5862,30.0024,20.5838,6.8311,2.2114,88.2138,100.0
RUS,Russian Federation,2022,2292495097681.47,-1.4354,15625.6328,13.7437,-5.7265,3.867,73531906.0,144236933.0,72.5456,42.7663,27.7096,15.0567,10.3701,-1.7361,90.418,100.0
RUS,Russian Federation,2023,2046284838151.09,4.0666,13986.9951,5.8657,4.6537,3.076,73713863.0,143826130.0,73.2546,41.3395,22.7699,18.5696,2.414,-0.4909,92.245,100.0
RUS,Russian Federation,2024,2186462268813.08,4.9217,14961.8975,8.4349,5.8197,2.43,73475298.0,143669648.0,73.4405,39.4184,21.8564,17.562,2.8591,-0.4276,94.365,100.0
RUS,Russian Federation,2025,2561310169358.74,1.0012,17546.6094,8.7199,,2.133,72771294.0,143513328.0,,33.7101,18.2031,15.507,1.6813,0.8953,,
RWA,Rwanda,2000,2068836754.3743,8.3709,251.8693,3.8995,12.7899,11.699,2733475.0,8213931.0,47.798,31.3192,5.2587,26.0605,,0.3915,0.0628,6.2
RWA,Rwanda,2001,1966600715.4984,8.4846,237.3088,3.3429,16.8128,11.732,2804806.0,8287094.0,49.49,33.1583,7.2747,25.8836,,0.9407,0.2407,4.7
RWA,Rwanda,2002,1966003468.4912,13.1921,234.043,1.9926,22.6249,11.432,2878530.0,8400180.0,51.262,31.3173,6.0581,25.2592,,0.0763,0.2928,6.0
RWA,Rwanda,2003,2138237278.7382,2.2024,249.0123,7.4497,-3.6297,11.658,2965592.0,8586875.0,53.529,32.819,7.3569,25.4621,,0.2198,0.3569,7.4
RWA,Rwanda,2004,2376496067.012,7.4477,269.5404,12.2507,4.404,11.699,3060533.0,8816844.0,55.52,37.0317,9.8505,27.1812,,0.324,0.4309,8.7
RWA,Rwanda,2005,2933819766.1766,9.3779,324.0169,9.0141,6.1894,11.842,3153448.0,9054528.0,56.968,38.0263,10.1809,27.8453,,0.2713,0.556,4.8
RWA,Rwanda,2006,3274207945.3655,9.2271,352.0939,8.8828,14.6563,11.586,3244740.0,9299246.0,58.342,33.6578,11.127,22.5308,,0.9359,,11.4
RWA,Rwanda,2007,4017977506.559,7.6333,420.7336,9.0807,2.6266,11.58,3335780.0,9549933.0,59.504,36.448,13.8784,22.5695,,2.0479,2.1154,12.8
RWA,Rwanda,2008,5120655375.2437,11.1612,522.2883,15.4382,1.4189,11.517,3428312.0,9804269.0,60.641,37.997,11.3919,26.605,,1.9976,4.5,6.0
RWA,Rwanda,2009,5603399014.7133,6.2483,556.974,12.9444,9.0579,11.625,3524232.0,10060432.0,61.813,37.2137,10.4889,26.7248,,2.1178,7.7,15.6
RWA,Rwanda,2010,6052276077.6354,7.3347,586.6,-0.2461,13.3076,11.637,3624033.0,10317553.0,62.804,37.7415,10.8521,26.8894,-6.5949,3.5721,8.0,9.7
RWA,Rwanda,2011,6802676033.6595,7.9584,643.3561,3.0802,8.8525,11.756,3725842.0,10573733.0,63.476,40.1598,12.7826,27.3772,-7.0121,1.6483,7.0,10.8
RWA,Rwanda,2012,7556673275.9544,8.6415,697.7601,10.271,11.5367,11.671,3828558.0,10829901.0,64.189,41.0812,12.1714,28.9098,-9.8061,3.5679,8.0239,17.5
RWA,Rwanda,2013,7714276919.7372,4.7198,695.3971,5.9243,14.3275,11.768,3934027.0,11093340.0,64.651,43.261,13.6719,29.5891,-7.5847,3.0303,9.0,15.2
RWA,Rwanda,2014,8129984483.7873,5.6685,715.3681,2.3545,11.4024,11.837,4042608.0,11364757.0,65.088,44.4828,14.0586,30.4242,-11.496,3.8622,10.6,19.8
RWA,Rwanda,2015,8447064078.8437,8.8704,725.6914,2.5285,16.5548,11.831,4154021.0,11640022.0,65.419,45.7349,13.3866,32.3483,-12.829,1.9188,12.456,22.8
RWA,Rwanda,2016,8596812240.5231,5.6587,721.2585,7.1743,11.3462,11.788,4269266.0,11919183.0,65.733,50.0897,15.618,34.4718,-15.4804,3.2541,14.6371,29.4
RWA,Rwanda,2017,9164345443.2575,4.7039,751.049,8.2795,8.9535,11.875,4388612.0,12202060.0,66.14,54.208,20.7331,33.4748,-9.5518,2.9901,17.2,34.1
RWA,Rwanda,2018,9650161136.1765,8.0708,772.755,-0.3112,15.9054,10.759,4514731.0,12487996.0,66.354,47.9831,21.6356,26.3474,-10.1014,3.7947,19.1666,38.0
RWA,Rwanda,2019,10519272170.3346,9.2861,823.3553,3.3479,11.8571,11.236,4505832.0,12776103.0,66.691,48.8927,22.0304,26.8623,-11.7011,2.5018,21.358,46.6
RWA,Rwanda,2020,10487146253.4025,-2.7771,802.6387,9.8504,8.1767,11.829,4981285.0,13065837.0,66.953,44.3512,18.6683,25.6829,-11.705,1.4552,23.8,45.2
RWA,Rwanda,2021,11252894909.5043,8.4114,842.5815,-0.3913,11.9933,15.775,4769099.0,13355260.0,66.85,59.8008,19.2858,40.515,-10.7464,2.074,24.4416,48.7
RWA,Rwanda,2022,13747404814.2677,9.825,1007.0599,17.6892,0.3936,15.084,5079189.0,13651030.0,67.528,60.9592,21.7992,39.1599,-9.0722,2.2193,28.0168,50.6
RWA,Rwanda,2023,14806501437.282,8.5596,1061.0579,19.7895,3.892,12.352,5531930.0,13954471.0,67.785,66.8926,23.7006,43.192,-11.125,3.0908,28.8058,63.9
RWA,Rwanda,2024,15111064181.9687,7.2272,1059.9371,1.7703,7.2803,11.331,5672552.0,14256567.0,68.017,71.6868,28.4212,43.2656,-11.9619,3.7915,31.7033,72.0
RWA,Rwanda,2025,16372132990.2271,9.3758,1123.7387,5.913,,11.363,5843274.0,14569341.0,,56.6733,21.5547,35.1186,,,,
SAU,Saudi Arabia,2000,189514933333.333,4.7181,11714.5624,-1.125,,4.57,4891476.0,16177722.0,72.607,68.1664,43.4053,24.7612,7.5544,-0.9926,2.2107,100.0
SAU,Saudi Arabia,2001,184137600000.0,0.3446,10805.3113,-1.1209,,4.618,5136870.0,17041397.0,72.951,63.5606,39.6337,23.9269,5.0796,0.0107,4.6811,100.0
SAU,Saudi Arabia,2002,189605866666.667,-0.6884,10586.0543,0.2472,,5.265,5431092.0,17910910.0,73.296,64.5928,40.9488,23.644,6.262,-0.3239,6.3847,100.0
SAU,Saudi Arabia,2003,215807733333.333,8.7687,11487.2204,0.6122,,5.563,5785353.0,18786767.0,73.657,69.8312,45.8541,23.977,12.9967,-0.2718,8.0016,100.0
SAU,Saudi Arabia,2004,258742133333.333,8.631,13154.4979,0.5155,,5.822,6176510.0,19669480.0,74.027,75.0828,50.9853,24.0975,20.0686,-0.1292,10.2345,100.0
SAU,Saudi Arabia,2005,328459608764.111,5.9449,15975.7474,0.4792,,6.051,6604532.0,20559890.0,74.4,81.9541,57.0507,24.9033,27.0703,1.3352,12.705,100.0
SAU,Saudi Arabia,2006,376900133511.348,3.3135,17563.6145,2.209,,6.254,7069191.0,21459144.0,74.762,89.9446,59.8319,30.1127,27.4449,1.5855,19.4596,100.0
SAU,Saudi Arabia,2007,415964509673.115,2.2137,18596.1503,4.1678,,5.734,7548942.0,22368313.0,75.066,94.8633,59.9374,34.9259,24.5483,1.4846,30.0,100.0
SAU,Saudi Arabia,2008,519796800000.0,6.238,22320.4889,9.8702,,5.085,8067087.0,23287877.0,75.301,96.1026,62.1115,33.9911,27.8314,1.0593,36.0,100.0
SAU,Saudi Arabia,2009,429097866666.667,-1.0667,17718.3912,5.0572,,5.377,8586196.0,24217654.0,75.447,84.8583,47.0886,37.7697,5.8843,0.1017,38.0,100.0
SAU,Saudi Arabia,2010,528207466666.667,5.0395,22028.3901,5.3394,,5.55,8924741.0,23978487.0,75.616,82.5497,49.5697,32.98,13.5424,0.9237,41.0,100.0
SAU,Saudi Arabia,2011,680660800000.0,11.7588,27126.7499,5.8262,,5.77,9790087.0,25091867.0,75.808,84.3594,55.2733,29.0861,23.8816,0.6881,47.5,100.0
SAU,Saudi Arabia,2012,751921333333.333,5.7616,28733.4376,2.8663,,5.622,10684948.0,26168861.0,76.09,81.7407,53.1198,28.6208,22.8485,0.6696,54.0,100.0
SAU,Saudi Arabia,2013,769755733333.333,2.9456,27865.4656,3.511,,5.6,11714121.0,27624004.0,76.517,80.2515,50.3725,29.879,18.3253,0.438,60.5,100.0
SAU,Saudi Arabia,2014,787153066666.667,4.0247,27805.485,2.2419,,5.877,12334605.0,28309273.0,77.116,78.0001,45.0958,32.9043,9.8648,0.1917,64.7137,100.0
SAU,Saudi Arabia,2015,693414400000.0,4.6551,23256.155,1.2227,,5.6,13349016.0,29816382.0,77.776,67.1053,31.4401,35.6651,-7.9382,0.5726,69.6162,100.0
SAU,Saudi Arabia,2016,689279466666.667,1.704,22267.7217,2.0535,,5.6,14104287.0,30954198.0,78.354,57.9217,29.1431,28.7786,-3.9127,3.1852,74.8793,99.9
SAU,Saudi Arabia,2017,741266133333.333,1.1821,23929.2907,-0.8348,,5.89,13674850.0,30977355.0,78.721,59.532,32.3625,27.1694,1.2255,0.1368,94.1756,100.0
SAU,Saudi Arabia,2018,886564800000.0,3.227,29360.0659,2.4659,,6.029,13337661.0,30196281.0,78.75,59.1029,35.521,23.5819,7.8989,1.3695,93.31,99.9
SAU,Saudi Arabia,2019,888890133333.333,1.6516,29566.7934,-1.193,,5.636,13661774.0,30063799.0,78.313,56.7938,32.1592,24.6346,3.6448,0.3464,95.7247,100.0
SAU,Saudi Arabia,2020,767951200000.0,-3.8048,24338.8307,3.3723,,7.66,14673206.0,31552510.0,77.596,47.5332,23.8098,23.7233,-4.5169,0.2111,97.8623,100.0
SAU,Saudi Arabia,2021,982661066666.667,6.5196,31920.7654,3.0633,,6.621,14623231.0,30784383.0,77.089,50.8839,29.1557,21.7283,4.5698,2.8851,100.0,100.0
SAU,Saudi Arabia,2022,1239075200000.0,12.0006,38510.2276,2.4741,,5.589,15469059.0,32175224.0,77.31,56.8242,35.985,20.8392,11.7295,2.1556,100.0,100.0
SAU,Saudi Arabia,2023,1218584800000.0,0.5426,36156.8563,2.3271,,4.008,16713756.0,33702731.0,78.732,55.7975,30.756,25.0415,2.1294,1.8713,100.0,100.0
SAU,Saudi Arabia,2024,1254140800000.0,2.6489,35527.7862,1.6879,,3.518,17534019.0,35300280.0,78.982,56.4049,29.388,27.0169,-1.296,1.7014,100.0,100.0
SAU,Saudi Arabia,2025,1276942933333.33,4.5025,34536.6555,2.0842,,3.038,18383677.0,36973555.0,,57.9182,29.7449,28.1733,-2.5637,2.5552,,
SDN,Sudan,2000,12257299147.2936,6.3459,362.1169,7.1213,,15.595,7658513.0,27816745.0,58.946,29.4042,15.9846,13.4197,-4.2236,3.1997,0.0258,23.0
SDN,Sudan,2001,15716361792.1926,6.5004,451.2933,1.9353,,15.56,7824410.0,28516770.0,59.264,20.2933,9.5605,10.7328,-3.3207,3.6522,0.1402,29.4
SDN,Sudan,2002,18137128388.3606,6.0065,506.2626,22.2247,,15.514,7989799.0,29228727.0,59.308,25.6256,11.4096,14.216,-5.3678,3.9322,0.4395,29.7
SDN,Sudan,2003,21355298459.5955,6.2888,580.3203,6.4894,,15.515,8136941.0,29896035.0,58.319,26.4402,12.2525,14.1877,-4.3951,6.3178,0.5385,29.9
SDN,Sudan,2004,26646007250.7319,5.1409,705.1133,9.6575,,15.538,8278923.0,30556637.0,56.773,30.4323,14.3004,16.1319,-3.0707,5.6709,0.7916,30.2
SDN,Sudan,2005,35182711987.974,5.6435,905.5436,8.5059,,15.545,8433244.0,31262444.0,57.226,35.8716,14.4588,21.4128,-7.0283,4.4388,,30.5
SDN,Sudan,2006,45263831634.1497,6.5314,1132.4746,7.1991,,15.542,8597845.0,31992435.0,60.4,36.2026,15.0949,21.1077,-14.3511,4.0691,,30.8
SDN,Sudan,2007,59440139774.8128,5.7353,1444.3722,14.7543,,15.534,8777369.0,32764135.0,61.442,34.4033,16.9005,17.5028,-6.0517,2.5309,8.66,31.1
SDN,Sudan,2008,64833083257.1431,3.8467,1527.5824,14.2971,,15.566,8975910.0,33623980.0,61.261,36.7411,20.2654,16.4757,-5.5433,2.5498,,20.0
SDN,Sudan,2009,51621044076.9231,-2.7677,1178.2218,11.2568,,13.0,9307983.0,34569113.0,62.676,32.7809,14.5542,18.2267,-9.5437,3.3442,,29.0
SDN,Sudan,2010,58962978034.4828,3.8582,1305.636,12.9777,,15.168,9560739.0,35414399.0,62.979,32.7283,17.4756,15.2527,-2.9262,3.5,,36.0
SDN,Sudan,2011,55018567210.5263,-3.2135,1332.6572,18.0966,,17.44,9764043.0,36140806.0,63.181,27.5123,12.4787,15.0336,-4.8219,3.1523,,38.3
SDN,Sudan,2012,37632919966.6667,-17.0047,1019.2221,35.5591,,16.973,9794697.0,36923178.0,63.427,21.8562,6.8565,14.9997,-16.6319,6.1421,,40.7
SDN,Sudan,2013,43024018082.1918,1.9551,1138.6278,36.5223,,16.273,9839163.0,37785849.0,63.443,26.8585,9.5069,17.3516,-13.5321,3.9231,,43.1
SDN,Sudan,2014,49516748617.9775,4.6614,1275.4384,36.9066,,15.41,9935420.0,38823318.0,63.99,20.8451,7.6089,13.2362,-7.1601,2.527,,44.9
SDN,Sudan,2015,51726758676.7677,1.9102,1292.3796,16.9096,,14.39,10077759.0,40024431.0,64.375,18.3783,6.4229,11.9554,-10.5569,3.3414,12.0,48.0
SDN,Sudan,2016,42630376000.0,3.4676,1033.2159,17.7503,,13.656,10212220.0,41259892.0,64.677,15.2817,5.0045,10.2772,-9.8835,2.4953,14.1,50.5
SDN,Sudan,2017,41283617976.1905,0.7093,966.5057,32.3516,,13.0,10406873.0,42714306.0,65.146,17.8314,6.1121,11.7192,-11.1697,2.5804,18.6,53.0
SDN,Sudan,2018,32333780383.2924,-2.6809,731.0275,63.2925,,12.347,10606791.0,44230596.0,65.501,21.8679,7.6502,14.2177,-14.4694,3.5127,,55.3
SDN,Sudan,2019,32338079165.2893,-2.1783,709.9753,50.9941,,11.697,10724574.0,45548175.0,65.803,26.1196,8.453,17.6666,-14.7808,2.5523,,57.6
SDN,Sudan,2020,27034593750.0,-3.6298,577.7952,163.2578,,11.995,10720171.0,46789231.0,65.124,9.9551,5.1253,4.8298,-21.6065,2.6519,,59.7
SDN,Sudan,2021,34229513774.9936,-1.8685,712.122,359.093,,11.087,10843717.0,48066924.0,64.46,4.1275,2.2499,1.8777,-7.6547,1.5275,,61.8
SDN,Sudan,2022,51666875363.0963,-0.9578,1046.2408,138.8085,,7.53,10949089.0,49383346.0,65.695,2.6988,1.5712,1.1277,-8.5989,1.11,,63.2
SDN,Sudan,2023,39898289820.7951,-29.4333,797.2834,,,,,50042791.0,66.331,2.4737,1.1081,1.3656,,1.374,,66.0
SDN,Sudan,2024,49672435513.1126,-13.9643,984.6077,,,,,50448963.0,66.521,1.9954,0.7209,1.2745,,,,66.0
SDN,Sudan,2025,60162634574.4689,3.0643,1164.5399,,,,,51662147.0,,2.3819,1.103,1.2789,,,,
SEN,Senegal,2000,6013185003.9753,3.8872,603.2332,0.732,,2.638,2812633.0,9968260.0,57.615,48.6801,17.7641,30.9159,-5.5408,1.3577,0.404,37.7
SEN,Senegal,2001,6507824829.2625,4.3109,637.2135,2.9745,,2.674,2888398.0,10212942.0,58.158,49.7206,17.7007,32.0199,-3.7751,0.6928,0.9838,38.9
SEN,Senegal,2002,7006402319.7586,0.0687,669.4304,2.3373,,2.82,2969419.0,10466214.0,58.912,53.1443,19.6169,33.5274,-4.5434,1.1802,1.0065,36.8
SEN,Senegal,2003,8768721563.1821,5.594,817.888,-0.052,,2.781,3050718.0,10721176.0,59.474,50.8212,18.218,32.6032,-4.9897,0.9865,2.1014,41.9
SEN,Senegal,2004,10076816666.6196,4.6433,918.1021,0.5148,,2.775,3128510.0,10975704.0,60.308,53.6592,19.1017,34.5575,-5.0745,1.3653,4.386,36.8
SEN,Senegal,2005,11009033437.939,4.3102,979.8461,1.7113,2.2233,2.679,3207425.0,11235472.0,60.98,54.9032,19.8066,35.0966,-6.1415,1.5255,4.7867,47.1
SEN,Senegal,2006,11697918243.0035,2.3308,1017.202,2.1123,1.7993,2.755,3287202.0,11500094.0,61.801,54.1362,19.2521,34.8842,-7.3687,2.4777,5.6117,49.9
SEN,Senegal,2007,13994218412.9619,2.8271,1188.9388,5.8533,-1.7235,2.8,3335550.0,11770344.0,62.653,59.2713,20.5544,38.7169,-9.3791,2.5115,6.89,48.1
SEN,Senegal,2008,16853989627.548,3.7032,1398.7922,7.3472,-2.987,2.816,3383059.0,12048959.0,63.201,62.7618,20.8463,41.9155,-11.2221,2.704,7.12,49.7
SEN,Senegal,2009,16145867494.9405,2.7521,1308.694,-2.248,6.7811,2.807,3429881.0,12337389.0,63.751,52.3073,19.3939,32.9134,-5.3092,2.053,7.5,53.5
SEN,Senegal,2010,16121315909.0758,3.3909,1275.8836,1.2287,3.4535,2.795,3476083.0,12635413.0,64.221,52.4579,19.9812,32.4766,-3.6565,1.6878,8.0,56.5
SEN,Senegal,2011,17814283639.3119,1.3341,1374.6759,3.4032,1.3465,2.853,3527054.0,12958897.0,64.799,57.5769,21.3035,36.2733,-6.4453,1.9011,9.8,56.5
SEN,Senegal,2012,17660870411.5235,4.003,1326.838,1.4182,1.7091,3.896,3583550.0,13310495.0,65.229,61.9753,22.4744,39.5009,-8.6519,1.5637,10.8,56.5
SEN,Senegal,2013,18918667724.8817,2.4124,1379.832,0.7102,4.0533,5.012,3653241.0,13710849.0,65.638,60.6268,22.3497,38.277,-8.1923,1.6458,13.1,57.0
SEN,Senegal,2014,19797253440.2679,6.2241,1398.8914,-1.0903,6.9597,5.849,3737652.0,14152102.0,66.001,58.4425,21.7783,36.6642,-6.8029,2.0361,17.7,61.0
SEN,Senegal,2015,17774766696.1759,6.367,1218.0061,0.1352,4.0412,6.757,3825810.0,14593331.0,66.451,58.1103,22.6772,35.4331,-5.3162,2.3019,21.7,60.5
SEN,Senegal,2016,19040312333.1864,6.3561,1266.4396,0.8373,4.2983,4.455,4362873.0,15034521.0,66.724,54.1082,21.5609,32.5473,-4.1788,2.4811,25.6648,64.5
SEN,Senegal,2017,20965069572.7168,7.4075,1354.7701,1.3182,,4.078,4146271.0,15475002.0,67.059,57.8166,21.963,35.8535,-7.2801,2.8061,29.6431,61.7
SEN,Senegal,2018,23116701556.1381,6.2092,1452.5561,0.461,,3.453,4514053.0,15914498.0,67.379,61.7898,22.9491,38.8407,-9.5829,3.6677,35.3,66.0
SEN,Senegal,2019,23403995992.1354,4.6136,1431.1813,1.7601,,2.863,4904458.0,16352922.0,67.668,64.2363,24.9831,39.2531,-8.1095,4.5525,43.3797,70.4
SEN,Senegal,2020,24530513037.7518,1.3421,1461.0872,2.5431,,3.432,5080703.0,16789219.0,67.496,60.0469,20.7006,39.3463,-10.8532,7.524,53.3088,64.3
SEN,Senegal,2021,27520784129.7508,6.544,1598.1068,2.1803,,3.436,5361107.0,17220867.0,66.868,69.376,24.6396,44.7364,-12.09,9.4043,55.0404,68.0
SEN,Senegal,2022,27783332222.6759,3.8504,1574.0281,9.6968,,2.837,5578418.0,17651103.0,67.788,79.3974,26.6992,52.6983,-19.9486,10.5411,56.8283,67.9
SEN,Senegal,2023,30696331295.7826,4.2574,1698.0339,5.9395,,2.784,5755823.0,18077573.0,68.683,71.5943,23.1065,48.4878,-19.7803,15.6045,59.1874,74.2
SEN,Senegal,2024,32169996051.8502,6.4622,1738.7322,0.8045,,2.788,5930338.0,18501984.0,68.924,68.2364,25.4821,42.7542,,6.268,60.1178,82.9
SEN,Senegal,2025,37006536238.3731,6.6823,1954.7117,1.459,,2.735,6131225.0,18931966.0,,71.0687,32.4879,38.5808,,,,
SGP,Singapore,2000,96076539925.7409,9.0383,23852.839,1.3616,1.8966,3.7,2138100.0,4027887.0,77.9512,364.3645,188.3509,176.0136,11.0715,16.1489,36.0,100.0
SGP,Singapore,2001,89793790669.6515,-1.0709,21699.7415,0.9972,7.6007,3.76,2205923.0,4138012.0,78.2512,349.2921,182.8942,166.3979,14.4329,18.9399,41.6704,100.0
SGP,Singapore,2002,92538372869.6942,3.9234,22159.8374,-0.3917,6.2992,5.65,2200772.0,4175950.0,78.5512,349.746,184.0861,165.6599,14.8771,6.6537,47.0,100.0
SGP,Singapore,2003,97646401095.6369,4.5483,23730.384,0.5079,7.2359,5.93,2176377.0,4114826.0,79.039,377.2186,202.5862,174.6324,24.3021,17.4624,53.8379,100.0
SGP,Singapore,2004,115033593101.049,9.94,27608.08,1.6627,1.2894,5.84,2211220.0,4166664.0,79.4902,401.5237,213.9517,187.572,19.3111,21.2027,62.0,100.0
SGP,Singapore,2005,127807848728.398,7.3663,29961.3173,0.4251,3.3361,5.59,2301785.0,4265762.0,79.9902,420.4305,225.1597,195.2708,23.2605,15.1134,61.0,100.0
SGP,Singapore,2006,148627286361.351,9.0068,33768.4528,0.9657,3.4055,4.48,2426201.0,4401365.0,80.1415,425.3634,228.0376,197.3258,26.8934,26.3272,59.0,100.0
SGP,Singapore,2007,180941701357.97,9.0215,39432.886,2.1098,-0.554,3.9,2530038.0,4588599.0,80.4415,394.2885,212.7794,181.5091,27.1433,26.162,69.9,100.0
SGP,Singapore,2008,193617323539.203,1.8635,40008.572,6.6354,6.8563,3.96,2737323.0,4839396.0,80.7902,437.3267,228.9938,208.3329,15.0834,7.0233,69.0,100.0
SGP,Singapore,2009,194150283771.566,0.128,38926.8054,0.5891,2.3565,5.86,2837096.0,4987573.0,81.2415,358.1928,190.8449,167.3479,16.3931,12.0711,69.0,100.0
SGP,Singapore,2010,239807980591.24,14.5197,47236.6831,2.8288,4.2254,4.12,2936802.0,5076732.0,81.5415,369.6856,197.999,171.6866,22.9333,23.0695,71.0,100.0
SGP,Singapore,2011,279356499090.458,6.2149,53891.457,5.2512,4.1605,3.89,3012462.0,5183688.0,81.7439,379.0986,203.3277,175.7709,22.2185,17.596,71.0,100.0
SGP,Singapore,2012,295092888076.589,4.4355,55547.5553,4.5808,4.8606,3.72,3125729.0,5312437.0,81.9951,369.213,196.7196,172.4934,17.6433,18.7435,72.0,100.0
SGP,Singapore,2013,307576360584.992,4.8176,56967.4258,2.3644,5.8362,3.86,3179345.0,5399162.0,82.2463,367.0418,195.0778,171.964,15.7072,20.9345,80.9021,100.0
SGP,Singapore,2014,314863580758.455,3.9355,57564.8023,1.0332,5.6323,3.74,3266959.0,5469724.0,82.4951,360.4673,191.9535,168.5138,17.9502,21.8185,79.0292,100.0
SGP,Singapore,2015,307998545269.398,2.9768,55645.6069,-0.522,2.2102,3.79,3360400.0,5535002.0,82.7439,329.4714,178.3846,151.0868,18.693,22.6542,79.013,100.0
SGP,Singapore,2016,320759207438.623,3.911,57204.034,-0.5298,4.6038,4.08,3396546.0,5607283.0,82.8463,301.3389,163.7963,137.5425,18.0266,20.3059,84.4523,100.0
SGP,Singapore,2017,344795119213.571,4.3268,61436.1326,0.5768,2.2245,4.2,3388507.0,5612253.0,83.0951,315.4014,170.9735,144.4279,18.4886,29.5741,84.4523,100.0
SGP,Singapore,2018,377976367877.038,3.1866,67032.8226,0.4388,1.5035,3.613,3390276.0,5638676.0,83.2976,325.7258,177.713,148.0128,15.6764,22.7862,88.1656,100.0
SGP,Singapore,2019,376827390962.044,1.1588,66068.7003,0.5678,5.5952,3.1,3454121.0,5703569.0,83.5951,324.2701,176.819,147.451,15.4537,28.1758,88.9493,100.0
SGP,Singapore,2020,351226533656.292,-3.6108,61772.5036,-0.1721,7.6149,4.1,3431193.0,5685807.0,83.5439,331.0806,181.18,149.9006,17.6975,22.5844,92.0043,100.0
SGP,Singapore,2021,441110903524.645,10.1411,80884.8565,2.3161,-5.2069,4.64,3385810.0,5453566.0,83.0927,326.5333,181.1593,145.374,19.2528,32.2625,96.9247,100.0
SGP,Singapore,2022,514252535238.749,4.0103,91227.697,6.131,,3.591,3459003.0,5637022.0,82.8951,330.2469,185.0107,145.2363,18.9227,28.0306,95.9539,100.0
SGP,Singapore,2023,511181761243.76,1.4503,86382.59,4.8337,,3.444,3622441.0,5917648.0,83.0976,323.7012,180.43,143.2712,16.3916,24.6071,94.2852,100.0
SGP,Singapore,2024,572877260178.427,5.3435,94896.5621,2.3895,,2.737,3689424.0,6036860.0,83.3463,313.2994,174.6559,138.6435,17.2011,23.5787,94.3776,100.0
SGP,Singapore,2025,603869516998.738,5.0259,98813.9788,0.903,,2.818,3760133.0,6111175.0,,320.306,177.8515,142.4545,16.7132,26.3447,,
SLB,Solomon Islands,2000,419842674.2277,-14.277,953.1719,7.8896,4.5228,2.446,211276.0,440469.0,67.116,58.5523,27.0998,31.4526,-9.7587,0.4774,0.4813,4.7
SLB,Solomon Islands,2001,409508552.98,-7.9566,911.7919,6.9258,0.0846,2.642,217971.0,449125.0,67.237,45.1101,17.5351,27.575,-15.8333,-2.1043,0.4686,7.6
SLB,Solomon Islands,2002,346406738.8852,-2.8,756.8903,10.9296,-1.1495,2.698,224078.0,457671.0,67.35,45.1275,21.5158,23.6117,-19.5076,0.0421,0.5019,10.5
SLB,Solomon Islands,2003,417666638.6,6.5235,895.9842,8.2695,-12.6196,2.286,229154.0,466154.0,67.479,55.9586,21.9997,33.9589,-9.5579,-0.2417,0.5556,13.4
SLB,Solomon Islands,2004,468000121.3134,7.6836,986.071,6.9858,6.0119,2.026,233973.0,474611.0,67.628,62.8119,24.8807,37.9312,-4.0431,-0.6421,0.6497,16.3
SLB,Solomon Islands,2005,552881356.6975,7.3591,1144.4923,7.3307,-1.3122,1.879,238676.0,483080.0,67.79,66.5711,27.2986,39.2725,-16.3149,0.0991,0.8443,19.2
SLB,Solomon Islands,2006,617257457.7585,4.1373,1255.6245,11.22,-0.1613,1.916,243560.0,491594.0,67.968,69.7894,27.0632,42.7262,-6.8331,7.1781,1.6463,14.4
SLB,Solomon Islands,2007,695291217.9822,3.6397,1390.1487,7.666,-1.1837,1.978,248361.0,500156.0,67.845,83.7476,32.148,51.5996,-11.5306,12.3665,2.0,12.9
SLB,Solomon Islands,2008,776335523.4704,6.2259,1525.8467,17.3201,1.4756,1.998,252792.0,508790.0,68.336,87.3526,34.7309,52.6217,-10.2527,9.6836,3.0,28.1
SLB,Solomon Islands,2009,805557289.4592,2.8649,1554.7067,7.0927,5.0479,2.02,257843.0,518141.0,68.397,71.885,29.1564,42.7286,-7.3971,6.031,4.0,21.2
SLB,Solomon Islands,2010,898128551.2892,9.7082,1685.1454,1.0515,12.4708,1.617,265141.0,532968.0,68.669,96.1486,35.1514,60.9972,-16.0507,18.4741,5.0,35.4
SLB,Solomon Islands,2011,1063898226.7189,7.4302,1924.058,7.3427,8.3232,1.292,275534.0,552945.0,68.824,107.2475,50.1518,57.0957,-1.7645,11.2842,6.0,39.1
SLB,Solomon Islands,2012,1185217634.3739,2.4659,2066.2574,5.912,6.3316,0.984,286978.0,573606.0,68.961,104.8234,49.911,54.9124,2.2266,2.0149,6.9974,42.9
SLB,Solomon Islands,2013,1285905957.6412,5.2374,2161.3863,5.3914,8.2287,0.694,298607.0,594945.0,69.007,99.6075,45.9325,53.6749,-2.9976,4.1554,8.0,44.7
SLB,Solomon Islands,2014,1335576762.8497,1.1895,2164.9529,5.1659,6.9828,0.73,311186.0,616908.0,68.984,93.4534,42.3363,51.1171,-3.7111,1.574,9.0,50.5
SLB,Solomon Islands,2015,1307908813.5996,1.6758,2045.4772,-0.5745,6.8894,0.736,324142.0,639415.0,69.323,88.1885,40.3606,47.8279,-2.7581,2.4637,10.0005,55.1
SLB,Solomon Islands,2016,1379486290.7143,5.5549,2082.6238,0.5125,9.7218,0.736,336997.0,662379.0,69.501,85.5498,39.7287,45.8212,-3.5378,2.7071,11.0009,58.2
SLB,Solomon Islands,2017,1469790526.3972,3.0755,2143.5767,0.4887,7.9138,0.727,350561.0,685672.0,69.652,82.1975,38.6791,43.5183,-4.275,2.9177,15.1484,62.9
SLB,Solomon Islands,2018,1615473250.2526,2.7459,2278.1991,3.4615,2.6805,0.722,364564.0,709101.0,69.806,88.495,42.1264,46.3686,-2.9598,1.5471,20.8594,65.8
SLB,Solomon Islands,2019,1619150563.9208,1.7493,2223.6589,1.6349,9.2399,0.746,376244.0,728147.0,69.981,82.9986,36.497,46.5016,-9.511,2.025,22.4888,69.4
SLB,Solomon Islands,2020,1536143427.8296,-3.3813,2063.3278,2.9635,12.1696,0.868,382865.0,744498.0,69.258,60.2204,27.9385,32.2819,-1.6313,0.5846,24.1984,72.9
SLB,Solomon Islands,2021,1558312103.8423,-0.228,2043.4441,-0.1154,5.8045,0.879,396138.0,762591.0,68.89,67.4201,26.5555,40.8645,-5.0177,1.7916,26.0379,76.3
SLB,Solomon Islands,2022,1466670929.6233,-2.5845,1877.781,5.5181,,1.475,409847.0,781066.0,70.409,74.8355,28.132,46.7036,-14.9,2.7763,28.0173,76.0
SLB,Solomon Islands,2023,1506124566.404,2.8411,1882.6439,5.8859,,1.443,422325.0,800005.0,70.528,101.1345,36.2593,64.8752,-11.8315,5.2383,28.6724,81.3
SLB,Solomon Islands,2024,1583964703.7506,2.9976,1933.5554,4.3218,,1.444,435148.0,819198.0,70.694,111.353,40.5685,70.7845,-4.1813,2.0813,29.0407,81.5
SLB,Solomon Islands,2025,1749572442.9502,3.6172,2086.1896,3.3646,,1.431,448502.0,838645.0,,,,,,,,
SLE,Sierra Leone,2000,635866403.7761,6.6527,143.7437,,22.2392,4.137,1605291.0,4423611.0,44.834,57.53,18.1348,39.3951,-17.6585,6.1335,0.1183,7.7
SLE,Sierra Leone,2001,1681473893.7666,-6.3455,358.3157,,-53.6416,4.235,1701956.0,4692716.0,45.448,35.9382,7.9536,27.9845,-5.8208,0.5849,0.1603,8.5
SLE,Sierra Leone,2002,1933863910.7323,26.5241,388.9951,,27.1697,3.909,1802396.0,4971435.0,46.174,38.9169,8.6677,30.2492,-3.7867,0.5385,0.1762,9.2
SLE,Sierra Leone,2003,2142618045.9313,9.4836,413.8176,,6.0092,3.879,1877134.0,5177687.0,46.784,46.4464,14.0852,32.3612,-3.8653,0.4021,0.1902,9.9
SLE,Sierra Leone,2004,2237350687.4661,6.4788,417.75,,8.2045,3.42,1987007.0,5355717.0,47.485,46.172,16.6817,29.4903,-4.4262,2.7333,0.203,16.8
SLE,Sierra Leone,2005,2545275312.6051,4.3535,462.6333,,6.8323,3.734,2016468.0,5501712.0,48.306,47.548,17.8262,29.7218,-4.1229,3.5647,0.2154,11.3
SLE,Sierra Leone,2006,3263697466.7351,4.2831,580.268,,-1.6159,3.89,2036513.0,5624466.0,49.547,22.0889,9.511,12.5778,-2.9114,1.8038,0.2277,12.2
SLE,Sierra Leone,2007,3632957611.3515,3.7498,631.8899,11.65,15.5971,4.022,2056536.0,5749352.0,50.024,21.8068,9.0477,12.7591,-4.4078,2.6279,0.2398,13.0
SLE,Sierra Leone,2008,4157895298.1957,3.6861,705.359,8.2111,12.9304,4.132,2083057.0,5894722.0,50.693,21.2566,7.7635,13.4931,-5.4221,1.277,0.25,12.1
SLE,Sierra Leone,2009,3953403098.3711,1.5308,652.8458,7.469,14.8809,4.268,2113912.0,6055646.0,51.312,23.0753,8.0086,15.0667,-8.271,2.7933,0.26,14.6
SLE,Sierra Leone,2010,4262805966.7875,6.3557,685.0397,7.1857,1.7854,4.34,2145691.0,6222714.0,51.927,27.9541,9.8923,18.0618,-13.7303,5.5927,0.58,11.5
SLE,Sierra Leone,2011,4861632884.6798,8.1007,761.1464,6.7914,4.9049,4.388,2175687.0,6387251.0,52.594,43.7808,9.5936,34.1872,-39.3593,19.5506,0.9,14.2
SLE,Sierra Leone,2012,6141666509.363,10.5783,937.5044,6.5878,6.0384,4.378,2205067.0,6551080.0,53.159,53.3813,20.5918,32.7895,-19.705,11.7631,2.5,17.2
SLE,Sierra Leone,2013,7502762862.7266,14.6633,1117.4718,5.5241,13.4613,4.376,2234189.0,6714051.0,54.051,53.3628,18.9386,34.4242,-9.8243,5.7268,4.0,13.5
SLE,Sierra Leone,2014,7686138790.9087,-7.815,1117.7586,4.6393,2.9013,4.678,2263325.0,6876385.0,54.281,51.1188,20.2144,30.9044,-6.1504,4.8801,6.0573,18.8
SLE,Sierra Leone,2015,6788352974.7833,-4.3633,964.576,6.6894,14.5895,4.483,2300301.0,7037655.0,55.454,36.4824,10.485,25.9974,-14.7765,3.7187,6.3444,19.7
SLE,Sierra Leone,2016,6084297211.1022,6.4374,844.4164,10.8861,11.3761,4.182,2339207.0,7205328.0,56.937,43.0672,14.1122,28.955,-4.8301,2.2766,7.6801,20.3
SLE,Sierra Leone,2017,5749846528.4805,3.2079,779.186,18.2215,7.5903,3.656,2379454.0,7379299.0,57.761,41.5214,13.8506,27.6707,-11.8197,7.1954,9.2971,23.4
SLE,Sierra Leone,2018,6390514688.5282,2.8939,845.9145,16.0295,-0.0509,3.192,2419052.0,7554563.0,59.059,37.3775,11.2388,26.1386,-9.255,2.905,14.4223,26.1
SLE,Sierra Leone,2019,6523577590.3832,5.5027,843.7125,14.805,7.3248,3.204,2487971.0,7731991.0,59.593,37.562,9.6941,27.8678,-7.788,1.8668,15.7137,22.7
SLE,Sierra Leone,2020,6688307705.6422,-1.2533,845.2776,13.4469,4.1195,3.509,2538353.0,7912558.0,59.694,30.6131,9.8905,20.7226,-5.8373,0.7625,17.1208,26.3
SLE,Sierra Leone,2021,7166931483.2953,5.8969,885.3964,11.874,10.6044,3.551,2629616.0,8094602.0,60.26,42.1435,15.5476,26.5959,-7.2948,2.9859,18.6539,27.5
SLE,Sierra Leone,2022,7121125277.1816,5.3136,860.3711,27.2083,-6.021,3.137,2710522.0,8276807.0,61.275,45.0542,16.7805,28.2737,-6.3486,2.0362,21.5088,29.4
SLE,Sierra Leone,2023,6415852766.0923,5.71,758.3291,47.6429,-7.4432,3.092,2789202.0,8460512.0,61.786,55.2868,20.9637,34.3231,-7.8633,2.2742,23.7136,35.5
SLE,Sierra Leone,2024,6971127234.0724,4.2932,806.6547,28.6338,9.1706,3.103,2866950.0,8642022.0,61.964,40.5454,17.2656,23.2798,-14.119,1.747,25.105,39.2
SLE,Sierra Leone,2025,7464157904.4351,4.6087,846.2962,7.4875,18.2715,3.15,2934968.0,8819794.0,,49.0961,20.8911,28.205,,,,
SLV,El Salvador,2000,11784927700.0,1.1279,1982.8709,2.2713,,6.96,2300761.0,5943366.0,67.711,68.7101,26.8273,41.8828,-3.653,1.4714,1.1774,84.5
SLV,El Salvador,2001,12282533600.0,0.8796,2058.0446,3.7508,,6.96,2302106.0,5968060.0,67.965,65.8907,25.0093,40.8814,-1.2237,2.2707,1.5,87.1
SLV,El Salvador,2002,12664190300.0,1.5729,2115.4119,1.8655,,6.2,2301183.0,5986631.0,68.526,65.9191,25.5131,40.406,-3.1992,3.7113,1.9,87.5
SLV,El Salvador,2003,13243892200.0,1.5654,2207.8309,2.1204,,6.9,2376142.0,5998599.0,68.792,68.237,25.9234,42.3136,-5.3021,1.0662,2.5,87.0
SLV,El Salvador,2004,13724810900.0,0.8894,2285.6891,4.4519,,6.8,2336542.0,6004671.0,69.295,69.7823,25.9062,43.8761,-4.6767,2.6468,3.2,87.4
SLV,El Salvador,2005,14698000000.0,2.6808,2447.3914,4.6909,,7.22,2368100.0,6005578.0,69.336,69.7158,25.2666,44.4492,-4.2291,3.4776,4.2,87.5
SLV,El Salvador,2006,15999890000.0,4.337,2665.6181,4.0371,,6.57,2397018.0,6002319.0,69.612,73.4556,25.9397,47.5159,-4.7848,1.5071,5.5,89.2
SLV,El Salvador,2007,17011750000.0,1.8476,2830.6569,4.5781,,6.41,2437329.0,6009824.0,69.82,77.6211,25.567,52.054,-7.1513,9.1143,6.11,91.1
SLV,El Salvador,2008,17986890000.0,2.1544,2983.2483,6.7079,,5.88,2448227.0,6029297.0,70.138,80.666,26.7406,53.9254,-8.5183,5.0206,10.08,91.0
SLV,El Salvador,2009,17601620000.0,-2.1088,2910.1865,1.056,,7.33,2459601.0,6048279.0,70.359,66.0712,23.9512,42.12,-1.7737,2.0949,12.11,91.1
SLV,El Salvador,2010,18447920000.0,2.1542,3040.073,1.1793,,4.893,2471139.0,6068249.0,70.909,73.5373,26.9467,46.5906,-2.8882,-0.6134,15.9,91.6
SLV,El Salvador,2011,20283780000.0,3.8069,3330.6005,5.1289,,4.297,2492794.0,6090127.0,71.192,79.2766,28.9818,50.2949,-5.4811,0.6039,18.9,92.6
SLV,El Salvador,2012,21386150000.0,2.8226,3497.9126,1.7297,,3.843,2554561.0,6113975.0,71.42,77.6486,28.5711,49.0775,-5.7972,2.0112,20.3214,93.7
SLV,El Salvador,2013,21990960000.0,2.2356,3582.2669,0.7577,,3.693,2605139.0,6138839.0,71.225,80.4512,29.7249,50.7263,-6.9047,1.1149,23.1093,95.0
SLV,El Salvador,2014,22593470000.0,1.7087,3666.0125,1.1413,,4.154,2591567.0,6162955.0,71.144,78.1044,29.5529,48.5516,-5.3714,2.2409,24.7617,95.1
SLV,El Salvador,2015,23438240000.0,2.4,3790.3409,-0.7314,,3.998,2591980.0,6183676.0,70.952,76.5603,29.4862,47.0741,-3.2159,2.11,26.8026,95.4
SLV,El Salvador,2016,24191430000.0,2.5391,3901.3401,0.604,,4.418,2645808.0,6200800.0,70.908,72.8191,28.4586,44.3605,-2.274,1.982,28.9971,96.0
SLV,El Salvador,2017,24979190000.0,2.2476,4020.1267,1.0124,,4.385,2658834.0,6213533.0,71.007,74.3047,29.0298,45.2749,-1.8599,2.0169,33.8207,96.8
SLV,El Salvador,2018,26020850000.0,2.4124,4183.5462,1.0903,,4.006,2664932.0,6219807.0,71.384,75.6336,28.9344,46.6992,-3.3018,1.5862,43.8,97.0
SLV,El Salvador,2019,26881140000.0,2.4375,4320.1167,0.0753,,4.17,2732360.0,6222318.0,71.725,76.042,29.9559,46.0861,-0.4217,2.5902,50.4912,97.4
SLV,El Salvador,2020,24921190000.0,-7.8931,3997.1928,-0.3716,,5.008,2595893.0,6234673.0,70.244,66.4595,24.5268,41.9327,1.1103,1.551,54.6014,99.7
SLV,El Salvador,2021,29043140000.0,11.9048,4642.6074,3.4669,,4.327,2739437.0,6255782.0,69.941,81.8451,28.7815,53.0636,-4.3055,2.756,57.2638,97.9
SLV,El Salvador,2022,31870110000.0,2.9546,5074.6005,7.1986,,2.999,2806629.0,6280319.0,71.969,88.7011,32.4335,56.2676,-6.7264,0.0823,60.0561,100.0
SLV,El Salvador,2023,33565430000.0,3.3551,5319.7195,4.0455,,2.992,2904981.0,6309624.0,72.099,79.8123,28.7919,51.0204,-1.7419,2.3187,62.6199,98.3
SLV,El Salvador,2024,34879730000.0,2.5905,5503.1032,0.8538,,3.261,2951018.0,6338193.0,72.302,85.6826,32.6599,53.0227,-2.765,3.0132,66.4777,98.7
SLV,El Salvador,2025,36708110000.0,3.9059,5766.7257,0.2576,,3.303,2989409.0,6365503.0,,88.1581,32.0466,56.1115,-3.5416,2.0805,,
SMR,San Marino,2000,1007661290.9804,2.1794,37600.7049,,,,,26799.0,80.504,,,,,,48.7995,100.0
SMR,San Marino,2001,1059529731.1024,5.5783,39035.1004,,5.2545,,,27143.0,80.803,,,,,,50.3417,100.0
SMR,San Marino,2002,1148872076.4706,0.3108,41790.8434,,5.4335,,,27491.0,81.061,,,,,,50.8348,100.0
SMR,San Marino,2003,1462590387.0588,3.873,52529.9137,,4.9152,,,27843.0,81.33,,,,,,50.0035,100.0
SMR,San Marino,2004,1715341294.5946,4.5488,58232.0431,1.4308,5.0256,,,29457.0,81.592,,,,,,50.5663,100.0
SMR,San Marino,2005,1786513631.1284,2.4251,59877.7863,1.6855,5.4168,,,29836.0,81.926,,,,,,,100.0
SMR,San Marino,2006,1909765810.5882,3.8301,63270.7994,2.0953,4.6046,,,30184.0,82.258,,,,,,50.2087,100.0
SMR,San Marino,2007,2188653428.6275,7.1093,70124.425,2.4989,9.7471,,,31211.0,82.605,,,,,,50.3648,100.0
SMR,San Marino,2008,2403214435.9375,-0.5009,75902.1678,4.2932,4.9212,,,31662.0,82.894,,,,,,54.52,100.0
SMR,San Marino,2009,2064277984.375,-10.321,62429.0203,2.1996,4.6962,,,33066.0,83.224,,,,,,54.21,100.0
SMR,San Marino,2010,1881191950.0,-5.4737,56543.1906,2.5854,3.8964,,,33270.0,83.464,,,,,,,100.0
SMR,San Marino,2011,1813717694.5525,-8.3148,55601.4008,2.8998,5.7585,,,32620.0,83.713,,,,,,49.6,100.0
SMR,San Marino,2012,1604701051.1719,-7.0445,47945.8918,2.8273,3.2559,,,33469.0,83.943,,,,,,,100.0
SMR,San Marino,2013,1678741201.5686,-0.784,50807.8206,1.6044,4.5314,,,33041.0,84.175,,,,,,,100.0
SMR,San Marino,2014,1673910988.2353,-0.7024,51260.4804,1.113,5.6991,,,32655.0,84.394,,,,,,,100.0
SMR,San Marino,2015,1419400395.733,2.2915,43146.8035,0.1457,3.2565,,,32897.0,84.596,321.364,174.4527,146.9113,,,,100.0
SMR,San Marino,2016,1468342400.0825,2.3444,44359.4574,0.6441,1.683,,,33101.0,84.775,320.1461,173.0682,147.0779,,,55.0,100.0
SMR,San Marino,2017,1528621192.886,0.2583,45192.053,1.0141,2.2834,,,33825.0,84.933,313.8503,168.7787,145.0716,-0.3913,,60.1823,100.0
SMR,San Marino,2018,1655354328.7918,1.4939,47950.7076,1.1633,2.0563,,,34522.0,85.095,309.488,166.5975,142.8905,-1.8873,,,100.0
SMR,San Marino,2019,1616231696.0486,2.0657,46626.9999,0.4727,3.0431,,,34663.0,85.257,307.2648,163.9972,143.2675,2.0345,,67.8507,100.0
SMR,San Marino,2020,1544713784.6767,-6.6479,44426.626,-0.1334,3.3777,,,34770.0,82.65,304.9032,164.4787,140.4245,2.7824,,77.95,100.0
SMR,San Marino,2021,1855395712.2147,13.8978,54168.9744,1.6155,1.6603,,,34252.0,83.539,342.4702,184.3143,158.1559,5.396,6.7543,81.67,100.0
SMR,San Marino,2022,1831701022.8708,7.8984,54264.5837,5.3255,1.0095,,,33755.0,85.708,370.4361,197.4124,173.0237,13.5955,3.9236,97.3279,100.0
SMR,San Marino,2023,2027243193.5116,0.4019,59871.3288,5.9319,-1.6029,,,33860.0,85.706,340.9834,185.9928,154.9906,21.9929,-0.8935,97.3364,100.0
SMR,San Marino,2024,,,,1.2422,,,,33977.0,85.817,,,,,,97.3522,100.0
SMR,San Marino,2025,,,,2.2952,,,,34109.0,,,,,,,,
SOM,"Somalia, Fed. Rep.",2000,3412797450.2011,7.1103,386.1193,,,18.678,1586078.0,8838713.0,50.747,,,,,0.0079,0.02,2.1
SOM,"Somalia, Fed. Rep.",2001,2252847464.6861,7.1103,244.9148,,,18.665,1648683.0,9198493.0,50.829,,,,,0.0018,0.079,4.7
SOM,"Somalia, Fed. Rep.",2002,2192684134.5927,7.6303,229.5989,,,18.658,1709618.0,9550063.0,50.82,,,,,0.0064,0.1156,7.4
SOM,"Somalia, Fed. Rep.",2003,2836724351.5616,7.6303,286.273,,,18.648,1771377.0,9909157.0,50.721,,,,,-0.03,0.3762,9.8
SOM,"Somalia, Fed. Rep.",2004,3859592813.1026,7.1103,375.4103,,,18.653,1834004.0,10280998.0,50.685,,,,,-0.1241,1.0535,12.4
SOM,"Somalia, Fed. Rep.",2005,4683246454.1005,7.1103,439.9799,,,18.671,1892176.0,10644228.0,50.894,,,,,0.5125,1.0773,15.0
SOM,"Somalia, Fed. Rep.",2006,5026743282.0425,6.4864,457.9967,,,18.705,1941927.0,10975502.0,50.915,,,,,1.9098,1.1002,15.2
SOM,"Somalia, Fed. Rep.",2007,5430713728.8907,6.6944,479.6356,,,18.687,1996305.0,11322582.0,50.885,,,,,2.5963,1.1222,20.2
SOM,"Somalia, Fed. Rep.",2008,5913620292.9057,6.6944,507.0374,,,18.714,2055329.0,11663084.0,51.456,,,,,1.4712,1.1427,22.9
SOM,"Somalia, Fed. Rep.",2009,2948594552.4495,6.6944,246.5133,,,18.724,2110183.0,11961201.0,52.101,,,,,3.6628,1.1606,25.5
SOM,"Somalia, Fed. Rep.",2010,2687807003.7393,6.6944,219.2025,,,18.741,2166597.0,12261756.0,48.9,,,,,4.167,,52.3
SOM,"Somalia, Fed. Rep.",2011,2906000096.9325,6.6944,235.3259,,,18.761,2191973.0,12348830.0,32.453,,,,,3.51,1.25,52.0
SOM,"Somalia, Fed. Rep.",2012,4364670159.9958,6.6944,350.2619,,,18.771,2221994.0,12461160.0,49.138,88.5736,19.5524,69.0212,,2.4591,1.3767,51.8
SOM,"Somalia, Fed. Rep.",2013,5062881600.001,10.9593,393.3987,,,18.655,2298110.0,12869594.0,54.016,83.341,18.6179,64.7231,,5.0959,1.5,51.5
SOM,"Somalia, Fed. Rep.",2014,5728399719.9996,8.978,429.4317,,,18.595,2384281.0,13339491.0,54.442,81.701,19.1629,62.5381,,4.5562,1.63,51.4
SOM,"Somalia, Fed. Rep.",2015,6152149099.9994,10.4622,445.5831,,,18.495,2470187.0,13806963.0,55.056,76.4793,16.8716,59.6078,,4.9251,1.76,51.2
SOM,"Somalia, Fed. Rep.",2016,6613743069.9991,7.0349,460.9285,,,18.611,2569469.0,14348740.0,55.283,74.3616,16.136,58.2256,,4.9896,1.88,51.1
SOM,"Somalia, Fed. Rep.",2017,7621501710.0012,14.7358,510.94,,,18.455,2674985.0,14916629.0,52.19,68.6756,13.0465,55.6291,,4.8416,,52.1
SOM,"Somalia, Fed. Rep.",2018,7873000000.0,2.0543,509.4973,,,18.7,2775849.0,15452487.0,54.767,73.8219,14.2131,59.6088,,5.1823,,50.7
SOM,"Somalia, Fed. Rep.",2019,8656000000.0,2.8003,539.9548,,,18.828,2883798.0,16030971.0,57.249,70.2981,13.0661,57.232,,5.164,2.7314,49.2
SOM,"Somalia, Fed. Rep.",2020,8628000000.0,-2.7646,518.1611,,,19.414,2972858.0,16651191.0,57.095,75.6954,13.6532,62.0422,,6.1892,15.0237,49.9
SOM,"Somalia, Fed. Rep.",2021,9483000000.0,3.4472,549.057,,,19.662,3090758.0,17271431.0,55.703,79.0994,16.1552,62.9442,,6.3377,23.8748,49.3
SOM,"Somalia, Fed. Rep.",2022,10203000000.0,2.7182,573.1412,,,19.112,3211325.0,17801897.0,53.931,90.7576,17.6811,73.0765,,6.2335,27.6,48.9
SOM,"Somalia, Fed. Rep.",2023,10958000000.0,4.1752,596.886,,,18.96,3319369.0,18358615.0,58.816,103.121,21.9383,81.1827,,6.1736,26.1201,50.3
SOM,"Somalia, Fed. Rep.",2024,11967000000.0,4.1114,629.5389,,,18.949,3441587.0,19009151.0,58.967,130.3251,31.2108,99.1142,,6.3926,27.9402,54.4
SOM,"Somalia, Fed. Rep.",2025,12995200000.2658,2.9911,661.1739,,,18.948,3555419.0,19654739.0,,128.0634,29.2485,98.8149,,,,
SRB,Serbia,2000,7326373882.1104,6.0551,974.7255,71.1206,-0.2892,12.6,3502798.0,7516346.0,71.5829,21.109,8.2429,12.8661,,,,99.9
SRB,Serbia,2001,13599378661.9952,6.7785,1812.4209,95.0052,-24.6006,12.8,3480405.0,7503433.0,72.2341,53.8951,19.7188,34.1762,,,,99.8
SRB,Serbia,2002,17930583571.3055,6.541,2390.7346,19.4908,-13.2848,13.8,3463531.0,7500031.0,72.2854,54.3029,19.19,35.1129,,,,100.0
SRB,Serbia,2003,23593044417.5086,4.5597,3153.9011,9.8762,-8.8342,15.2,3442922.0,7480591.0,72.4366,58.2947,22.0593,36.2354,,,,99.7
SRB,Serbia,2004,26845632341.8075,6.6869,3597.088,11.0264,-4.3233,18.5,3415613.0,7463157.0,72.6829,72.2876,24.4802,47.8074,,,23.5,99.6
SRB,Serbia,2005,28334256180.8801,5.9035,3807.9742,16.12,-9.119,20.85,3388620.0,7440769.0,72.8341,71.9925,27.6041,44.3884,,,26.3,99.7
SRB,Serbia,2006,33298057361.7412,3.9007,4492.7137,11.724,-7.6631,20.85,3363954.0,7411569.0,73.3854,75.5292,28.9668,46.5625,,,27.2,99.6
SRB,Serbia,2007,44888028946.0854,7.8321,6081.0877,6.3917,-4.0782,18.06,3362194.0,7381579.0,73.6317,72.7166,26.2494,46.4672,-16.7617,9.8538,33.15,99.6
SRB,Serbia,2008,54220641201.6474,5.1609,7376.7352,12.411,-3.1657,13.67,3309218.0,7350222.0,73.8854,75.7432,27.3844,48.3588,-19.4339,7.4802,35.6,99.6
SRB,Serbia,2009,46955984409.7271,-3.1426,6414.0448,8.117,-1.4445,16.116,3186654.0,7320807.0,73.9854,63.5017,25.3446,38.1571,-5.9618,6.2382,38.1,99.6
SRB,Serbia,2010,43536629233.1424,1.611,5970.9266,6.1426,-0.1824,19.204,3096867.0,7291436.0,74.3366,73.7089,30.9882,42.7206,-6.1839,3.8893,40.9,99.7
SRB,Serbia,2011,51251098408.0924,0.0543,7082.2862,11.1374,,22.959,3083122.0,7236519.0,74.5366,75.7494,31.7236,44.0258,-9.928,9.6203,42.2,99.7
SRB,Serbia,2012,45103269969.4112,-0.444,6263.0409,7.3304,,24.0,3094915.0,7201497.0,74.8366,82.0767,34.4246,47.6521,-10.4794,2.8276,48.1,99.8
SRB,Serbia,2013,50455529604.0696,0.4516,7040.4181,7.6943,,22.154,3141511.0,7166553.0,75.1854,84.3323,38.2273,46.105,-5.5379,4.0814,53.4504,99.9
SRB,Serbia,2014,49114321280.3466,-1.8043,6886.6781,2.0824,,19.223,3153169.0,7131787.0,75.3366,88.3815,40.3232,48.0583,-5.3644,4.0712,62.0751,99.7
SRB,Serbia,2015,41297410634.9586,1.2957,5820.3216,1.3924,,17.66,3113181.0,7095383.0,75.2878,93.5281,43.3851,50.143,-3.3178,5.6738,65.317,99.9
SRB,Serbia,2016,42225495909.5633,2.9752,5982.3703,1.1223,,15.257,3203020.0,7058322.0,75.6878,97.6907,46.4537,51.237,-2.8183,5.5777,67.0568,99.9
SRB,Serbia,2017,45972834713.8077,2.3634,6548.0365,3.1311,,13.477,3222414.0,7020858.0,75.539,102.7404,48.1325,54.608,-5.0524,6.2964,70.3308,100.0
SRB,Serbia,2018,52787520248.9242,4.6494,7559.8617,1.9598,,12.733,3230350.0,6982604.0,75.8902,105.5637,48.6702,56.8935,-4.6585,7.7137,73.3607,100.0
SRB,Serbia,2019,53864693664.5568,4.7502,7755.633,1.8492,,10.395,3219618.0,6945235.0,75.9366,107.5773,48.961,58.6163,-6.5633,7.9249,77.4168,99.8
SRB,Serbia,2020,55874017668.998,-0.95,8098.7096,1.5755,,9.011,3157142.0,6899126.0,74.478,100.3245,46.1051,54.2194,-3.8959,6.2387,78.368,100.0
SRB,Serbia,2021,66159884072.5308,7.9491,9680.528,4.0851,,9.843,3290058.0,6834326.0,72.7805,112.3423,52.3404,60.0019,-4.0121,6.9531,81.1659,100.0
SRB,Serbia,2022,66809895701.2152,2.7035,10024.8191,11.9815,,8.439,3257209.0,6664449.0,75.2366,131.9133,60.7382,71.1751,-6.6712,6.9035,83.5383,100.0
SRB,Serbia,2023,81343999280.0179,3.7479,12281.7079,12.3719,,8.268,3295577.0,6623183.0,76.1415,114.4921,55.0746,59.4175,-2.3936,6.07,85.3575,100.0
SRB,Serbia,2024,90088366320.4062,3.9499,13677.7795,4.6705,,7.24,3339034.0,6586476.0,75.9683,111.725,53.5838,58.1413,-4.5565,6.2024,87.6907,100.0
SRB,Serbia,2025,99953324472.9042,2.0304,15262.0464,3.8904,,7.123,3321043.0,6549143.0,,112.9235,54.3131,58.6104,-4.8986,3.937,,
SSD,South Sudan,2000,,,,,,12.309,2445658.0,6032267.0,47.591,,,,,,,
SSD,South Sudan,2001,,,,,,12.278,2556225.0,6308391.0,48.55,,,,,,,
SSD,South Sudan,2002,,,,,,12.235,2664708.0,6596806.0,49.394,,,,,,,
SSD,South Sudan,2003,,,,,,12.234,2779920.0,6903127.0,52.324,,,,,,,
SSD,South Sudan,2004,,,,,,12.256,2919214.0,7233041.0,53.052,,,,,,,
SSD,South Sudan,2005,,,,,,12.266,3083622.0,7590143.0,53.965,,,,,,,
SSD,South Sudan,2006,,,,,,12.268,3265213.0,7976526.0,54.653,,,,,,,
SSD,South Sudan,2007,,,,,,12.266,3461706.0,8388788.0,55.425,,,,,,,0.8
SSD,South Sudan,2008,14586253383.0632,,1654.2115,,,12.298,3666157.0,8817647.0,56.28,97.2663,66.0271,31.2392,,,,1.3
SSD,South Sudan,2009,12231264525.0671,5.0416,1323.2207,5.0063,,12.438,3866780.0,9243556.0,56.848,94.8358,60.3143,34.5214,,,,3.0
SSD,South Sudan,2010,14602072410.9506,5.4934,1498.2703,1.1696,,12.473,4113362.0,9745953.0,57.485,90.9434,61.4345,29.509,,,,1.5
SSD,South Sudan,2011,14907308932.7534,-4.6403,1448.9844,46.8522,,12.585,4380416.0,10288109.0,57.674,93.2269,66.0761,27.1507,,,,2.8
SSD,South Sudan,2012,11931472169.4915,-46.0821,1109.2605,45.5259,-23.5358,12.803,4596350.0,10756240.0,58.241,71.6198,42.8321,28.7878,,1.3494,1.5,3.3
SSD,South Sudan,2013,18426469016.9492,13.1297,1650.1894,-0.0581,-16.8103,12.665,4775170.0,11166275.0,58.285,50.8112,9.7408,41.0705,,-4.3036,2.2,3.8
SSD,South Sudan,2014,13962212847.4576,3.3736,1242.7345,1.6743,61.8826,12.561,4763473.0,11235073.0,45.625,64.6345,38.3916,26.2429,-5.6595,0.0074,2.6,4.3
SSD,South Sudan,2015,11997800760.2242,-10.7934,1080.1472,52.7663,-3.3214,12.464,4667602.0,11107561.0,39.757,65.5513,36.6513,28.9,-4.169,0.0013,3.0,4.8
SSD,South Sudan,2016,,,,379.9996,-33.0092,12.854,4507100.0,10830102.0,36.72,,,,-5.767,,3.5,5.3
SSD,South Sudan,2017,,,,187.8516,-77.5613,12.983,4187095.0,10259154.0,35.351,,,,8.3068,,4.1,4.2
SSD,South Sudan,2018,,,,83.5015,-27.2879,12.853,4140093.0,10122977.0,51.905,,,,-9.0382,,4.8,6.3
SSD,South Sudan,2019,,,,87.2414,-25.098,12.656,4349614.0,10423384.0,58.129,,,,-4.1574,,6.671,6.8
SSD,South Sudan,2020,,,,29.6758,14.5513,14.246,4510898.0,10698467.0,57.648,,,,-35.0492,,,7.3
SSD,South Sudan,2021,,,,10.5167,-8.1535,13.95,4661528.0,10865780.0,57.047,,,,-0.1316,,,7.7
SSD,South Sudan,2022,,,,-6.6873,-52.1438,12.475,4793498.0,11021177.0,57.203,,,,-11.2234,,,8.4
SSD,South Sudan,2023,,,,2.3828,-52.9391,12.374,5070344.0,11483374.0,57.617,,,,7.9307,,,5.4
SSD,South Sudan,2024,,,,91.4408,-37.7123,,,11943408.0,57.738,,,,,,,5.4
SSD,South Sudan,2025,,,,,-54.9959,,,12188788.0,,,,,,,,
STP,Sao Tome and Principe,2000,76198394.8203,0.4484,529.0894,12.2089,,14.4,19926.0,144018.0,61.207,,,,-26.3531,4.987,4.6385,52.9
STP,Sao Tome and Principe,2001,75951133.3778,3.0645,518.8805,9.222,27.817,15.73,20311.0,146375.0,61.5,,,,-35.5296,3.9499,6.3109,51.5
STP,Sao Tome and Principe,2002,85171073.8777,3.3602,568.1026,10.1287,23.2273,17.63,20825.0,149922.0,61.826,,,,-31.225,4.2268,7.5807,52.5
STP,Sao Tome and Principe,2003,102085769.1234,8.2915,663.6962,9.7924,13.8354,16.36,21389.0,153814.0,62.158,,,,-27.754,3.3305,10.1618,53.6
STP,Sao Tome and Principe,2004,114582283.9164,3.5379,726.5609,13.2859,13.0013,16.12,21948.0,157705.0,62.56,,,,-32.3272,3.0554,13.3229,54.7
STP,Sao Tome and Principe,2005,136450662.3906,6.6146,844.1692,17.1522,10.1645,16.47,22509.0,161639.0,62.434,,,,-26.5288,11.4796,13.7595,55.8
STP,Sao Tome and Principe,2006,142775104.0816,8.8661,861.9707,23.077,14.0966,16.65,23073.0,165638.0,63.041,,,,-40.385,26.6264,14.182,56.9
STP,Sao Tome and Principe,2007,149146918.8886,3.6415,878.8858,18.5485,20.8001,16.021,23636.0,169700.0,63.336,,,,-43.1434,24.1564,14.5905,58.0
STP,Sao Tome and Principe,2008,188021165.0034,6.2288,1081.8685,31.9901,2.7725,15.421,24197.0,173793.0,63.448,72.8033,9.3241,63.4792,-49.7318,42.0928,15.48,59.1
STP,Sao Tome and Principe,2009,200668065.0317,3.3024,1128.2805,16.9575,15.0544,15.136,24756.0,177853.0,63.669,71.0282,8.6467,62.3815,-39.2592,7.7242,16.41,56.9
STP,Sao Tome and Principe,2010,190021192.4895,1.4485,1045.2096,13.3401,20.4829,14.628,25313.0,181802.0,63.867,84.6503,10.7877,73.8626,-46.0874,26.6286,18.75,61.4
STP,Sao Tome and Principe,2011,226455001.2431,1.9994,1219.8019,14.3272,13.6723,14.229,25865.0,185649.0,64.122,86.1123,11.0492,75.0631,-46.7031,14.1981,20.1612,62.6
STP,Sao Tome and Principe,2012,229371348.441,2.9429,1210.7926,10.6379,18.5035,13.59,26393.0,189439.0,64.505,83.203,10.8609,72.3422,-43.1049,9.797,21.5724,57.9
STP,Sao Tome and Principe,2013,267041747.5844,5.1197,1382.5758,8.1058,17.4656,12.476,26895.0,193148.0,64.93,83.4582,16.1171,67.3411,-30.4299,4.5545,23.0,65.0
STP,Sao Tome and Principe,2014,293119143.2468,4.9062,1489.6763,6.9985,17.7326,11.428,27401.0,196767.0,65.478,114.77,29.0267,85.7433,-35.4588,9.0373,24.41,68.6
STP,Sao Tome and Principe,2015,259999643.0474,1.5397,1298.1095,5.2459,17.9918,10.591,27918.0,200291.0,66.023,112.6596,33.7081,78.9514,-26.4207,10.74,25.82,67.3
STP,Sao Tome and Principe,2016,292267272.1969,5.1768,1434.8702,5.4305,11.7059,9.684,28447.0,203689.0,66.563,100.3955,31.9245,68.4709,-21.0403,7.9828,28.0,69.4
STP,Sao Tome and Principe,2017,322002845.2293,4.113,1555.7948,5.6903,14.9236,8.808,28984.0,206970.0,67.074,92.8974,27.1056,65.7917,-22.7156,10.6237,32.6164,74.3
STP,Sao Tome and Principe,2018,383717327.8305,4.3781,1825.5997,7.8686,10.0569,8.712,29532.0,210187.0,67.602,79.2003,21.0338,58.1665,-19.5798,6.176,37.9938,71.0
STP,Sao Tome and Principe,2019,412976082.6207,2.0143,1935.2932,7.7202,7.0082,8.835,30096.0,213392.0,68.043,67.5748,16.7196,50.8552,-21.7993,5.8579,44.2579,75.1
STP,Sao Tome and Principe,2020,471229484.6071,2.6249,2167.22,9.8193,8.7485,9.679,30200.0,217435.0,67.979,48.664,10.61,38.054,-12.6467,9.9977,51.5547,76.8
STP,Sao Tome and Principe,2021,524402455.5482,1.8993,2362.5883,8.1378,12.6679,9.563,31376.0,221961.0,68.026,57.9403,15.1023,42.8381,-18.1632,11.2509,54.9495,78.5
STP,Sao Tome and Principe,2022,540809499.1893,0.1687,2389.7373,18.0056,1.8341,8.964,32567.0,226305.0,69.237,64.992,19.6723,45.3197,-4.7321,10.282,58.5678,78.0
STP,Sao Tome and Principe,2023,690456806.6964,0.3723,2990.6606,21.2589,-4.7937,9.032,33407.0,230871.0,69.718,46.9746,14.2438,32.7308,3.0261,-3.7366,58.7013,81.3
STP,Sao Tome and Principe,2024,824992558.0454,1.4789,3502.6177,14.3519,0.146,9.057,34253.0,235536.0,69.905,44.2789,15.5622,28.7167,5.0304,-2.0221,59.1176,77.7
STP,Sao Tome and Principe,2025,981293586.9064,1.0285,4084.4006,11.0474,,9.132,35075.0,240254.0,,46.5686,13.2637,33.305,,,,
SUR,Suriname,2000,947671969.697,2.1,1988.2217,59.4017,-19.7476,12.873,150740.0,476643.0,64.409,,,,,-10.2567,2.5064,95.4
SUR,Suriname,2001,834279357.7982,4.2,1714.6485,38.5863,-9.8941,12.047,157213.0,486560.0,64.82,,,,,-3.2124,3.0644,95.3
SUR,Suriname,2002,1093574468.0851,2.8,2202.3407,15.5274,-11.1092,11.187,163639.0,496551.0,65.274,,,,,-6.7302,4.1616,95.2
SUR,Suriname,2003,1274190311.4187,6.3,2516.104,23.0022,-0.2278,10.336,170001.0,506414.0,65.778,,,,,-5.9724,4.7199,95.1
SUR,Suriname,2004,1484092538.4053,8.5,2887.7722,9.9863,6.7386,9.49,175179.0,513923.0,66.362,,,,,-2.5133,6.076,95.0
SUR,Suriname,2005,1793410397.3874,4.5,3453.4287,9.898,1.61,9.302,179276.0,519313.0,66.997,,,,-8.1799,1.5613,6.4031,94.9
SUR,Suriname,2006,2626380435.1788,5.7935,5002.658,11.2813,-16.8262,9.142,183522.0,524997.0,67.643,98.1682,52.7477,45.4205,8.3994,-6.2215,9.4996,91.0
SUR,Suriname,2007,2936612021.8579,5.1115,5530.1762,6.4263,6.8982,9.017,187926.0,531016.0,68.307,101.377,54.1248,47.2522,11.0501,-8.4008,14.11,94.7
SUR,Suriname,2008,3532969034.6084,4.1434,6576.0855,14.6671,-2.8749,8.854,192509.0,537245.0,68.873,109.1668,56.9086,52.2582,9.2189,-6.5497,21.06,94.7
SUR,Suriname,2009,3875409836.0656,3.0137,7129.5769,-0.1336,4.8518,8.72,197286.0,543568.0,69.323,87.9207,44.1248,43.7958,2.872,-2.4101,31.36,94.6
SUR,Suriname,2010,4368370997.9213,5.1688,7943.6048,6.9411,4.099,7.15,202286.0,549923.0,69.626,90.9614,52.5473,38.4141,14.8991,-5.8534,31.59,91.2
SUR,Suriname,2011,4422276621.787,5.8494,7949.8887,17.7118,-1.83,7.54,207535.0,556269.0,69.82,,,,9.753,3.2854,32.0,94.6
SUR,Suriname,2012,4980000000.0,2.6903,8851.2405,5.0069,0.9089,8.1,212991.0,562633.0,69.957,,,,3.2605,3.4025,34.6812,94.6
SUR,Suriname,2013,5145757575.7576,2.9334,9043.1928,1.9234,11.5552,6.6,218645.0,569020.0,70.11,,,,-3.8091,3.6295,37.4,94.6
SUR,Suriname,2014,5240606060.6061,0.2555,9108.1891,3.3834,10.5328,6.94,224478.0,575373.0,70.33,,,,-7.9445,-1.1387,40.08,94.6
SUR,Suriname,2015,5126237646.2207,-3.413,8813.6171,6.8939,7.4027,7.22,230457.0,581627.0,70.567,,,,-15.3414,3.5829,42.7638,95.0
SUR,Suriname,2016,3317421648.0992,-4.9117,5644.2061,55.4124,-8.5323,7.917,236541.0,587757.0,70.979,,,,-4.8376,6.9833,45.4,95.8
SUR,Suriname,2017,3591679430.9999,1.566,6049.5213,21.9969,-10.7067,7.905,240368.0,593713.0,71.247,,,,1.9255,2.6749,48.9452,96.6
SUR,Suriname,2018,3996198866.5745,4.9483,6665.7418,,8.1757,7.817,244674.0,599513.0,71.468,,,,-2.9707,3.2771,55.1021,97.4
SUR,Suriname,2019,4016040575.088,1.1676,6629.6678,,9.3035,7.755,248439.0,605768.0,71.773,,,,-11.1616,2.0956,62.0335,97.9
SUR,Suriname,2020,2911807496.2023,-15.9752,4755.3922,34.8898,-20.949,8.973,235893.0,612317.0,72.321,,,,8.9239,0.0357,,98.4
SUR,Suriname,2021,3107923197.9695,-2.4354,5029.8484,59.1197,-29.1138,8.706,241674.0,617896.0,68.943,,,,-3.2242,8.2314,,98.8
SUR,Suriname,2022,3791603200.0259,2.4062,6084.4388,52.446,-23.2057,7.973,245451.0,623164.0,73.254,,,,1.3509,6.7074,,99.0
SUR,Suriname,2023,3472693412.085,2.4166,5521.976,51.5873,-14.2203,7.699,249544.0,628886.0,73.631,,,,-3.685,13.9441,87.4,99.6
SUR,Suriname,2024,4416775112.7227,1.721,6961.7896,16.2296,1.7597,7.621,253976.0,634431.0,73.757,,,,-12.9142,15.0818,,99.0
SUR,Suriname,2025,4523657796.8642,1.7917,7069.8723,9.2055,1.334,7.834,257128.0,639850.0,,,,,-54.9165,45.064,,
SVK,Slovak Republic,2000,20626538612.3376,0.7892,3827.7251,12.0358,,18.546,2581927.0,5388720.0,73.0512,108.9393,53.3053,55.634,-3.3659,10.584,9.4268,100.0
SVK,Slovak Republic,2001,21377597034.604,2.9252,3974.368,7.3296,,19.148,2621280.0,5378867.0,73.4024,121.9311,57.2605,64.6706,-8.1508,7.1691,12.5283,100.0
SVK,Slovak Republic,2002,24768142566.4057,4.4173,4606.3879,3.1271,,18.541,2628367.0,5376912.0,73.6049,120.5992,57.0984,63.5008,-7.8931,17.0075,40.14,100.0
SVK,Slovak Republic,2003,33761723945.8299,4.8567,6283.1517,8.5541,,17.549,2661789.0,5373374.0,73.6049,125.9985,62.7758,63.2227,-0.8351,2.8707,43.04,100.0
SVK,Slovak Republic,2004,42960730480.0495,5.3895,7996.7408,7.5485,,18.206,2667677.0,5372280.0,73.9585,140.2225,69.3445,70.878,-10.1468,9.4586,52.89,100.0
SVK,Slovak Republic,2005,48823790951.4538,6.4849,9087.2036,2.7091,,16.276,2655652.0,5372807.0,73.9049,148.7055,72.6301,76.0753,-10.4972,8.0361,55.19,99.9
SVK,Slovak Republic,2006,57111148619.2975,8.9257,10629.1782,4.4833,,13.395,2651834.0,5373054.0,74.2049,164.9922,81.2803,83.7119,-9.5472,9.9831,56.08,99.9
SVK,Slovak Republic,2007,77019443089.3052,10.8186,14330.2065,2.7567,,11.16,2649679.0,5374622.0,74.2073,166.58,83.3772,83.2028,-6.0153,6.5675,61.8,100.0
SVK,Slovak Republic,2008,96685492864.2317,5.3634,17973.8436,4.5982,,9.514,2682509.0,5379233.0,74.7049,162.4645,80.2045,82.26,-6.4854,4.8,66.05,100.0
SVK,Slovak Republic,2009,89342984697.5246,-5.5053,16586.7528,1.6151,,12.023,2670723.0,5386406.0,74.9098,136.7144,68.0961,68.6183,-3.3811,1.7025,70.0,100.0
SVK,Slovak Republic,2010,91112160800.7668,6.7906,16899.4487,0.957,,14.387,2681599.0,5391428.0,75.1122,155.1085,77.0811,78.0274,-4.6203,2.3222,75.71,100.0
SVK,Slovak Republic,2011,99705104723.4341,2.5624,18469.4354,3.9193,,13.634,2684605.0,5398384.0,75.9585,169.1781,84.6331,84.545,-4.9238,5.4477,74.44,100.0
SVK,Slovak Republic,2012,94724394278.052,1.5692,17516.9691,3.6061,,13.966,2707969.0,5407579.0,76.1098,176.969,90.9089,86.0601,0.9389,1.8755,76.71,100.0
SVK,Slovak Republic,2013,99134277850.3418,0.7033,18312.7805,1.4005,,14.226,2715149.0,5413393.0,76.4122,180.9031,92.879,88.0241,2.9105,1.0127,77.8826,100.0
SVK,Slovak Republic,2014,101713075598.862,2.708,18770.929,-0.0762,,11.536,2743071.0,5418649.0,76.8122,176.7563,90.44,86.3163,1.7762,-0.3568,79.9843,100.0
SVK,Slovak Republic,2015,89178548717.3324,5.1769,16442.0761,-0.3252,,11.492,2738069.0,5423801.0,76.5634,179.426,90.6938,88.7322,-2.051,1.7049,77.6347,100.0
SVK,Slovak Republic,2016,90347173228.6356,1.9478,16636.0769,-0.52,,9.679,2756837.0,5430798.0,77.1659,182.7574,92.3117,90.4457,-1.4174,5.2777,80.4759,100.0
SVK,Slovak Republic,2017,95978130734.9766,2.8747,17645.5299,1.3119,,8.142,2751313.0,5439232.0,77.1659,186.6447,93.9524,92.6923,-1.7181,4.3999,81.6257,100.0
SVK,Slovak Republic,2018,106611673364.837,4.0621,19573.3717,2.514,,6.544,2742867.0,5446771.0,77.2659,188.733,94.9268,93.8061,-1.5926,2.1127,80.4489,100.0
SVK,Slovak Republic,2019,105843498304.094,2.2759,19406.059,2.6646,,5.761,2735233.0,5454147.0,77.6659,183.7226,91.8441,91.8785,-3.5126,2.1539,82.8537,100.0
SVK,Slovak Republic,2020,107732602896.441,-2.5855,19735.4858,1.9369,,6.719,2705756.0,5458827.0,76.8659,167.5342,84.2983,83.2358,-0.4371,-1.0598,89.9209,100.0
SVK,Slovak Republic,2021,120511265913.343,5.6559,22123.3342,3.1496,,6.894,2757031.0,5447247.0,74.6146,181.9795,90.7619,91.2176,-4.7928,2.2568,88.9256,100.0
SVK,Slovak Republic,2022,115792972358.209,0.5446,21317.7944,12.7741,,6.143,2791445.0,5431752.0,76.9659,204.0563,99.0675,104.9888,-9.6089,4.1687,89.0677,100.0
SVK,Slovak Republic,2023,133578518423.544,2.1126,24614.8735,10.5319,,5.843,2791584.0,5426740.0,78.1195,181.3909,91.4936,89.8973,-3.0185,0.3939,87.2131,100.0
SVK,Slovak Republic,2024,140934076532.375,1.9387,25992.6749,2.7576,,5.3,2776940.0,5422069.0,78.3707,171.2128,85.4835,85.7293,-4.6143,3.555,89.8251,100.0
SVK,Slovak Republic,2025,154530066506.895,0.8074,28543.6653,4.0004,,5.359,2761816.0,5413813.0,,170.3425,85.0946,85.2479,-3.6265,1.329,,
SVN,Slovenia,2000,20159190701.6789,3.4979,10135.7219,8.9117,,6.918,962184.0,1988925.0,75.4122,104.6203,50.4596,54.1608,-2.7159,0.6736,15.1103,100.0
SVN,Slovenia,2001,20668868706.8115,2.8287,10375.6256,8.3797,,5.682,971801.0,1992060.0,75.7585,105.5832,52.266,53.3172,0.1514,2.4249,30.1759,100.0
SVN,Slovenia,2002,23214593516.2095,3.2826,11639.1298,7.4808,,5.922,987254.0,1994530.0,76.0073,104.8805,52.9417,51.9388,1.0502,7.9683,27.8389,100.0
SVN,Slovenia,2003,29360575031.8177,3.195,14711.6749,5.5442,,6.479,964072.0,1995733.0,76.8585,103.28,51.4798,51.8002,-0.7347,1.8242,31.8548,100.0
SVN,Slovenia,2004,34156553313.4031,4.546,17103.8298,3.593,,6.012,1008932.0,1997012.0,77.2073,112.3999,55.471,56.9289,-2.613,2.2341,40.81,100.0
SVN,Slovenia,2005,35947936823.7781,3.8541,17969.7096,2.4515,,6.506,1017728.0,2000474.0,77.6122,121.1273,60.2413,60.886,-1.893,2.7006,46.81,100.0
SVN,Slovenia,2006,39260368837.0342,5.9088,19563.0051,2.4579,,5.95,1025310.0,2006868.0,78.0866,130.5179,65.2348,65.2831,-1.7709,1.7626,54.01,100.0
SVN,Slovenia,2007,47880266542.577,7.1392,23725.1596,3.6575,,4.818,1041672.0,2018122.0,78.561,137.6631,68.1644,69.4986,-4.2076,3.9359,56.74,100.0
SVN,Slovenia,2008,55509332322.3578,3.3722,27461.9764,5.6474,,4.371,1039794.0,2021316.0,78.7659,135.3871,66.6359,68.7512,-5.308,1.947,58.0,100.0
SVN,Slovenia,2009,49975540954.8465,-7.5906,24501.7897,0.8393,,5.858,1045805.0,2039669.0,78.9707,114.4823,57.9628,56.5195,-1.0293,-0.6943,64.0,100.0
SVN,Slovenia,2010,47793117240.9001,1.1121,23329.8418,1.8012,,7.236,1044156.0,2048583.0,79.422,128.6066,64.8408,63.7657,-0.6862,0.6678,70.0,100.0
SVN,Slovenia,2011,51199194599.3094,0.6554,24940.6285,1.8029,,8.166,1023430.0,2052843.0,79.9707,140.3324,70.7829,69.5494,-0.7722,1.7109,67.34,100.0
SVN,Slovenia,2012,46167053954.3367,-2.9155,22442.1418,2.5974,,8.841,1018089.0,2057159.0,80.1244,143.6564,73.5453,70.1111,1.4033,0.0726,68.35,100.0
SVN,Slovenia,2013,47867056858.8892,-0.8238,23236.9655,1.7692,,10.103,1014176.0,2059953.0,80.322,145.1688,74.9589,70.2098,3.5165,0.2173,72.6756,100.0
SVN,Slovenia,2014,49514466379.6057,2.7628,24013.0682,0.1993,,9.668,1017500.0,2061980.0,81.078,146.4717,76.6524,69.8193,5.3279,2.0588,71.5863,100.0
SVN,Slovenia,2015,42709468274.8137,2.3933,20697.2749,-0.5256,,8.962,1012244.0,2063531.0,80.7756,147.2184,77.6642,69.5542,4.1184,4.051,73.0987,100.0
SVN,Slovenia,2016,44290685824.0682,3.0344,21447.8378,-0.055,,8.0,998728.0,2065042.0,81.1756,148.2384,78.4366,69.8019,5.2922,3.2654,75.4985,100.0
SVN,Slovenia,2017,48153200134.6613,5.1744,23303.0777,1.4291,,6.564,1028260.0,2066388.0,81.0293,158.7021,83.882,74.8202,6.8206,2.4842,78.8854,100.0
SVN,Slovenia,2018,53689067639.9176,4.3791,25888.0481,1.7386,,5.108,1038040.0,2073894.0,81.378,162.6135,85.5686,77.0449,6.5207,2.8649,79.75,100.0
SVN,Slovenia,2019,53909922735.545,3.5053,25814.1687,1.6305,,4.446,1035062.0,2088385.0,81.5293,160.0443,84.3571,75.6872,6.4529,3.991,83.1084,100.0
SVN,Slovenia,2020,53384760135.1581,-4.085,25392.0651,-0.0549,,4.971,1031435.0,2102419.0,80.5317,147.549,78.2718,69.2772,7.674,0.9483,86.6013,100.0
SVN,Slovenia,2021,61540813361.8556,8.4169,29192.8402,1.9171,,4.744,1044095.0,2108079.0,80.6756,161.7887,83.6999,78.0888,3.3678,3.6061,89.004,100.0
SVN,Slovenia,2022,59899117741.0022,2.6685,28360.3041,8.8337,,4.011,1058958.0,2112076.0,81.2829,186.6471,94.3163,92.3308,-1.0307,3.6401,88.9125,100.0
SVN,Slovenia,2023,69255264238.3855,2.3758,32660.4754,7.4469,,3.652,1047279.0,2120461.0,81.9293,160.1597,83.4383,76.7214,4.4656,2.0903,90.3779,100.0
SVN,Slovenia,2024,72972015197.3859,1.7314,34301.0319,1.9656,,3.7,1051473.0,2127400.0,82.2854,155.6579,80.9174,74.7405,4.5509,2.5588,90.7636,100.0
SVN,Slovenia,2025,79648204979.3618,1.0599,37376.2216,2.3728,,3.175,1049047.0,2130986.0,,151.9154,78.6395,73.2759,3.5512,2.2608,,
SWE,Sweden,2000,262903560280.282,4.6311,29632.5891,0.8991,4.1354,5.466,4486411.0,8872109.0,79.6439,81.4722,43.2454,38.2267,4.4461,8.6792,45.6877,100.0
SWE,Sweden,2001,242497797484.776,1.3608,27259.3174,2.406,3.061,4.73,4557682.0,8895960.0,79.7951,80.5692,42.8995,37.6697,6.1716,7.5126,51.7657,100.0
SWE,Sweden,2002,267371907446.776,2.2777,29957.7777,2.1585,4.1024,4.965,4579075.0,8924958.0,79.8463,77.0853,41.1617,35.9236,4.6574,6.8749,70.57,100.0
SWE,Sweden,2003,334072443515.576,1.881,37292.242,1.9257,3.1122,5.555,4605791.0,8958229.0,80.0951,75.3282,40.3361,34.9921,5.8586,1.7983,79.13,100.0
SWE,Sweden,2004,384545442175.019,4.1796,42758.0049,0.3737,3.7523,6.693,4619761.0,8993531.0,80.4976,78.7359,42.7189,36.017,5.9557,4.383,83.89,100.0
SWE,Sweden,2005,391688455928.597,2.7931,43378.4077,0.4532,2.7465,7.81,4715768.0,9029572.0,80.5463,84.1679,45.3316,38.8363,6.0209,5.3059,84.83,100.0
SWE,Sweden,2006,422528394459.353,4.6761,46531.3762,1.3602,1.8989,7.066,4766168.0,9080505.0,80.7488,88.3303,47.5983,40.7319,8.1578,5.2192,87.76,100.0
SWE,Sweden,2007,490047789548.441,3.2249,53568.3058,2.2122,,6.161,4842914.0,9148092.0,80.9,89.5469,47.724,41.8229,8.1477,9.4161,82.01,100.0
SWE,Sweden,2008,514614100832.941,-0.9231,55817.176,3.437,,6.235,4903302.0,9219637.0,81.1,92.8084,49.0141,43.7943,7.9288,8.052,90.0,100.0
SWE,Sweden,2009,434311714442.499,-4.2556,46707.6425,-0.4945,,8.351,4912061.0,9298515.0,81.3512,81.9583,43.4591,38.4992,5.9676,2.0632,91.0,100.0
SWE,Sweden,2010,492750897239.447,5.7508,52542.5759,1.158,,8.61,4942519.0,9378126.0,81.4512,85.0915,44.877,40.2145,5.9251,0.1269,90.0,100.0
SWE,Sweden,2011,570538581144.45,3.1639,60379.4815,2.9612,,7.804,5002813.0,9449213.0,81.8024,86.3907,45.4141,40.9766,5.5103,1.2233,92.77,100.0
SWE,Sweden,2012,549739674655.127,-0.4144,57749.5615,0.8884,,7.976,5032178.0,9519374.0,81.7049,85.2981,44.8336,40.4645,5.533,0.7774,93.18,100.0
SWE,Sweden,2013,584125353119.18,1.1377,60843.9889,-0.0443,,8.052,5090081.0,9600379.0,81.9561,81.6403,42.7363,38.904,4.7055,0.2547,94.7836,100.0
SWE,Sweden,2014,577727767303.596,2.2958,59583.4584,-0.1796,,7.954,5132346.0,9696110.0,82.2537,83.823,43.4587,40.3642,3.4474,-1.0454,92.5236,100.0
SWE,Sweden,2015,501602351911.6,4.3882,51188.1652,-0.0468,,7.432,5177451.0,9799186.0,82.2049,84.1731,43.7115,40.4616,2.7169,1.9493,90.6102,100.0
SWE,Sweden,2016,513058312950.939,2.1312,51703.5088,0.9843,,6.99,5244169.0,9923085.0,82.3073,83.4519,42.9375,40.5144,2.0109,3.0153,89.6509,100.0
SWE,Sweden,2017,535172356784.769,1.8828,53210.2233,1.7945,,6.718,5331498.0,10057698.0,82.4098,86.0693,43.9177,42.1516,2.1898,4.5416,93.0063,100.0
SWE,Sweden,2018,549649344043.182,1.7703,54018.4554,1.9535,,6.365,5397382.0,10175214.0,82.5585,90.4087,45.9409,44.4679,2.0825,-0.1299,89.247,100.0
SWE,Sweden,2019,530894124494.418,2.6082,51648.9893,1.7842,,6.833,5458324.0,10278887.0,83.1098,92.7511,48.2887,44.4625,5.2154,2.9559,94.4934,100.0
SWE,Sweden,2020,544265668451.678,-1.9338,52568.5727,0.4974,,8.291,5463932.0,10353442.0,82.3561,84.4746,44.2874,40.1872,5.664,3.3638,94.5394,100.0
SWE,Sweden,2021,631693331300.776,5.2259,60647.5416,2.1632,,8.803,5504637.0,10415811.0,83.0561,91.1102,47.4842,43.626,6.2404,9.1787,94.6703,100.0
SWE,Sweden,2022,575071237640.921,1.2554,54836.8907,8.3693,,7.417,5586140.0,10486941.0,83.0585,107.1118,54.3121,52.7997,4.0228,9.3523,95.0097,100.0
SWE,Sweden,2023,578990915246.07,-0.2041,54950.2835,8.5486,,7.611,5661389.0,10536632.0,83.3098,107.6197,55.1959,52.4238,6.221,3.2251,95.7033,100.0
SWE,Sweden,2024,604827393488.582,1.0178,57222.7101,2.8358,,8.4,5680083.0,10569709.0,84.0634,105.9675,54.4971,51.4704,6.8577,5.0795,95.5293,100.0
SWE,Sweden,2025,668998664082.081,1.5432,63133.2127,0.6799,,8.694,5701347.0,10596620.0,,104.3352,53.2286,51.1066,6.055,2.8625,95.7663,
SWZ,Eswatini,2000,1697161557.8945,1.7602,1629.6704,12.2085,-6.856,24.547,312687.0,1041414.0,47.627,,,,-2.7024,5.3417,0.9262,20.4
SWZ,Eswatini,2001,1502870485.8812,1.4122,1429.8563,5.9421,4.5493,25.24,318309.0,1051064.0,46.344,,,,0.5989,1.9516,1.2816,26.9
SWZ,Eswatini,2002,1393945030.6511,4.0886,1315.7363,12.0197,5.6347,25.771,323143.0,1059441.0,45.38,,,,2.3822,6.6678,1.8162,25.9
SWZ,Eswatini,2003,2149632433.277,4.5387,2015.2174,7.29,8.2716,26.259,327249.0,1066700.0,44.632,,,,4.1589,-2.8,2.4371,28.7
SWZ,Eswatini,2004,2710331785.2499,3.6171,2525.564,3.4453,7.1087,26.716,330788.0,1073159.0,43.906,,,,2.6307,2.5673,3.2287,31.4
SWZ,Eswatini,2005,3097946371.0631,5.9923,2871.0688,4.774,4.2007,27.221,333903.0,1079022.0,43.958,,,,-3.3134,-1.48,3.697,34.2
SWZ,Eswatini,2006,3215307900.7477,6.7288,2964.9587,5.3046,7.3571,27.693,336690.0,1084436.0,44.563,,,,-6.1153,3.7642,3.6965,35.2
SWZ,Eswatini,2007,3391122887.1748,4.3177,3109.111,8.0761,7.5821,28.24,340070.0,1090705.0,45.16,,,,-1.9328,1.1056,4.1,39.8
SWZ,Eswatini,2008,3235921170.5095,1.4406,2946.8607,12.6575,4.1081,27.891,344385.0,1098091.0,45.853,,,,-7.1459,3.2674,6.85,42.6
SWZ,Eswatini,2009,3525213502.4312,1.4331,3189.7968,7.4482,1.1003,27.488,348706.0,1105153.0,46.913,,,,-11.7529,1.8639,8.94,38.6
SWZ,Eswatini,2010,4360714358.8871,3.8244,3922.7404,4.5092,6.6154,26.856,352683.0,1111650.0,48.331,,,,-8.9047,3.111,11.04,45.6
SWZ,Eswatini,2011,4722912047.3226,1.8397,4225.0605,6.1074,3.3406,26.105,356349.0,1117833.0,49.057,,,,-5.9649,2.09,18.13,51.2
SWZ,Eswatini,2012,4747813067.2601,4.0905,4224.5479,8.9396,-0.4092,25.226,359714.0,1123863.0,50.714,,,,5.0537,0.5577,20.7818,54.3
SWZ,Eswatini,2013,4463396204.0199,4.0946,3949.9431,5.6213,2.1581,24.556,363011.0,1129990.0,52.11,85.2035,41.8071,43.3964,10.9114,1.8325,24.7,57.5
SWZ,Eswatini,2014,4285065665.0317,2.0574,3771.0723,5.6813,2.7309,23.931,366547.0,1136299.0,53.491,91.62,45.3207,46.2993,11.9505,0.6017,25.0,65.0
SWZ,Eswatini,2015,3908217914.2182,1.7043,3419.8228,4.9512,3.529,23.431,370293.0,1142813.0,54.941,88.2621,44.8588,43.4033,13.6462,0.8059,25.643,64.1
SWZ,Eswatini,2016,3722306116.7287,2.9492,3238.1761,7.8473,3.2645,22.718,373981.0,1149507.0,56.228,89.3585,45.2869,44.0716,7.9902,0.7214,28.57,63.4
SWZ,Eswatini,2017,4462640651.4922,3.521,3853.0996,6.2214,5.5317,24.543,376955.0,1158195.0,57.574,86.8801,43.1563,43.7238,6.1129,-1.2918,35.3316,73.5
SWZ,Eswatini,2018,4643751059.282,0.0654,3972.6545,4.8151,6.795,26.471,380669.0,1168929.0,58.707,85.4928,40.8721,44.6207,1.3078,0.6704,39.381,74.0
SWZ,Eswatini,2019,4617018958.6909,6.4319,3913.1458,2.598,8.0027,28.222,384496.0,1179874.0,59.85,86.6408,44.7615,41.8793,3.8151,2.7717,43.9339,77.0
SWZ,Eswatini,2020,4134677809.501,-2.9518,3466.5694,,2.6561,32.978,385559.0,1192729.0,59.862,84.014,43.6032,40.4108,6.5529,0.9381,49.013,80.0
SWZ,Eswatini,2021,4807069277.2011,4.2362,3984.0023,,7.1278,34.153,393966.0,1206593.0,58.228,89.9314,44.6126,45.3188,2.6069,2.3479,53.9953,82.9
SWZ,Eswatini,2022,4746660273.5083,0.3861,3894.162,,-0.3386,36.472,406038.0,1218917.0,63.028,92.5716,44.4954,48.0762,-2.9699,0.2813,57.3437,82.3
SWZ,Eswatini,2023,4621191261.8421,3.5326,3755.5211,,4.5068,34.61,418086.0,1230506.0,64.123,99.7246,48.501,51.2236,2.1358,0.6088,61.3333,86.4
SWZ,Eswatini,2024,4858885840.7724,3.0316,3909.5589,,9.454,34.643,424113.0,1242822.0,64.264,107.4806,53.7559,53.7247,1.6122,1.5545,63.4031,89.3
SWZ,Eswatini,2025,5160679612.8173,4.1939,4108.2522,,,34.202,430869.0,1256174.0,,,,,,,,
SXM,Sint Maarten (Dutch part),2000,,,,,,,,30773.0,74.409,,,,,,,100.0
SXM,Sint Maarten (Dutch part),2001,,,,,,,,30726.0,74.525,,,,,,,99.9
SXM,Sint Maarten (Dutch part),2002,,,,,,,,30960.0,74.585,,,,,,,99.9
SXM,Sint Maarten (Dutch part),2003,,,,,,,,31327.0,74.588,,,,,,,99.8
SXM,Sint Maarten (Dutch part),2004,,,,,,,,31690.0,74.618,,,,,,,99.8
SXM,Sint Maarten (Dutch part),2005,,,,,,,,32057.0,74.681,,,,,,,99.7
SXM,Sint Maarten (Dutch part),2006,,,,0.3006,,,,32428.0,74.779,,,,,,,99.7
SXM,Sint Maarten (Dutch part),2007,,,,4.4325,,,,32791.0,74.812,,,,,,,99.7
SXM,Sint Maarten (Dutch part),2008,,,,-0.4179,,,,33145.0,74.852,,,,,,,99.7
SXM,Sint Maarten (Dutch part),2009,854972067.0391,,25528.4126,5.9576,,,,33491.0,74.796,,,,,,,99.7
SXM,Sint Maarten (Dutch part),2010,892290502.7933,3.2,26403.8144,1.3386,,,,33794.0,74.821,,,,,,,100.0
SXM,Sint Maarten (Dutch part),2011,936089385.4749,4.6,27317.5179,4.5848,,,,34267.0,74.868,,,,-0.4822,-5.179,,100.0
SXM,Sint Maarten (Dutch part),2012,985865921.7877,1.3905,28149.0998,4.0152,,,,35023.0,75.125,,,,9.3957,1.3702,,100.0
SXM,Sint Maarten (Dutch part),2013,1022905027.933,1.3067,28529.7325,2.5286,,,,35854.0,75.391,,,,0.4221,4.6297,,100.0
SXM,Sint Maarten (Dutch part),2014,1361811508.3799,1.5804,37134.9124,1.8868,,,,36672.0,75.735,,,,-8.1361,3.5034,,100.0
SXM,Sint Maarten (Dutch part),2015,1417888715.0838,0.1058,37839.6284,0.33,,,,37471.0,75.899,,,,1.2849,1.9586,,100.0
SXM,Sint Maarten (Dutch part),2016,1427017206.7039,0.9678,37308.6148,0.1117,,,,38249.0,75.952,,,,-1.8627,2.9119,,100.0
SXM,Sint Maarten (Dutch part),2017,1353212122.905,-7.5352,34701.3058,2.192,,,,38996.0,75.455,,,,3.4811,4.7478,,100.0
SXM,Sint Maarten (Dutch part),2018,1259200446.9274,-6.857,31708.311,,,,,39712.0,75.693,,,,5.9302,-3.8052,,100.0
SXM,Sint Maarten (Dutch part),2019,1407880446.9274,10.965,34861.4695,,,,,40385.0,75.68,,,,-11.7225,5.2468,,100.0
SXM,Sint Maarten (Dutch part),2020,1236428100.5587,-13.3168,30150.8998,,,,,41008.0,75.002,,,,-23.4917,1.7929,,100.0
SXM,Sint Maarten (Dutch part),2021,1353071061.4525,4.5776,32548.4367,,,,,41571.0,74.505,,,,-23.019,1.9818,,100.0
SXM,Sint Maarten (Dutch part),2022,1592564636.8715,13.9,37793.1284,,,,,42139.0,76.18,,,,-3.5781,1.0726,,100.0
SXM,Sint Maarten (Dutch part),2023,1686525977.6536,3.8,39451.8229,,,,,42749.0,76.371,,,,-6.9191,2.6841,,100.0
SXM,Sint Maarten (Dutch part),2024,1797836648.0447,3.0,41472.587,,,,,43350.0,76.528,,,,,2.0644,,100.0
SXM,Sint Maarten (Dutch part),2025,1887728480.4469,3.4,42978.1317,,,,,43923.0,,,,,,,,
SYC,Seychelles,2000,654212394.2716,4.2532,8063.655,6.2688,9.3678,,,81131.0,72.778,151.3024,74.3225,76.98,-6.561,3.7185,7.3956,94.1
SYC,Seychelles,2001,662064155.9207,-2.2712,8153.2986,5.9696,4.2094,,,81202.0,73.2537,179.8849,82.5138,97.3712,-23.1185,9.7785,11.0151,94.4
SYC,Seychelles,2002,742134837.5092,1.2128,8864.1692,0.175,6.7312,,,83723.0,71.0878,156.9299,76.6793,80.2506,-13.6457,6.4298,14.3042,96.1
SYC,Seychelles,2003,750847230.0993,-5.8871,9070.2846,3.3026,4.407,,,82781.0,71.0293,168.8442,87.5284,81.3159,-1.2468,7.7813,14.5925,94.9
SYC,Seychelles,2004,893012218.1818,-2.8505,10827.6716,3.8573,-11.7767,,,82475.0,72.661,149.5409,72.8817,76.6592,-6.7545,4.2569,24.2721,95.2
SYC,Seychelles,2005,977899381.8182,9.0058,11802.1118,0.9072,9.2679,,,82858.0,72.1317,171.1017,77.1075,93.9942,-17.8003,8.2554,25.4133,95.5
SYC,Seychelles,2006,1081441283.318,9.4061,12782.9939,-0.3535,8.4852,,,84600.0,72.2171,177.5669,83.081,94.4859,-12.3694,12.9971,34.952,99.0
SYC,Seychelles,2007,1077308813.8294,8.8761,12669.3027,5.3206,-0.1672,,,85033.0,73.1439,174.9285,86.8437,88.0847,-18.0086,16.3299,38.38,96.1
SYC,Seychelles,2008,979597394.2935,-2.7259,11265.4376,36.9648,-15.2498,,,86956.0,73.1634,208.843,98.1354,110.7076,-26.8424,18.3571,40.44,96.5
SYC,Seychelles,2009,850901620.4333,-2.4794,9747.0918,31.7544,-10.0129,,,87298.0,73.0829,221.9338,105.3869,116.5469,-22.266,19.7733,,96.8
SYC,Seychelles,2010,981616542.3285,4.5051,10934.7949,-2.4046,15.1434,,,89770.0,73.1976,198.1627,91.367,106.7957,-21.8405,16.2788,41.0,97.0
SYC,Seychelles,2011,1058918707.2612,9.5098,12110.0937,2.5593,10.0189,,,87441.0,72.7244,210.0754,97.9608,112.1146,-28.4521,13.5271,43.164,98.1
SYC,Seychelles,2012,1089407839.1971,3.1107,12337.1555,7.1104,1.5881,,,88303.0,74.2756,222.1783,103.0472,119.131,-14.8074,56.2883,47.076,98.3
SYC,Seychelles,2013,1333160407.3852,1.2537,14821.2921,4.3389,6.2917,,,89949.0,73.1195,196.5177,94.703,101.8147,-11.8972,4.2972,50.4,98.0
SYC,Seychelles,2014,1387577870.0816,4.0637,15188.1902,1.3858,4.8971,,,91359.0,73.2293,213.3545,99.1807,114.1737,-22.3702,7.809,51.2547,100.0
SYC,Seychelles,2015,1432403352.1294,8.914,15333.1052,4.0419,13.4968,,,93419.0,74.2951,187.475,90.0846,97.3904,-17.8847,7.3927,54.2596,100.0
SYC,Seychelles,2016,1568513348.1446,12.1175,16566.9946,-1.0155,14.9962,,,94677.0,74.3098,180.8662,85.3503,95.5159,-2.6138,4.3574,56.5147,100.0
SYC,Seychelles,2017,1675370641.0142,6.9542,17480.3652,2.8568,9.6829,,,95843.0,74.3,197.4422,93.9096,103.5327,-2.2037,11.7772,62.5531,100.0
SYC,Seychelles,2018,1784313926.7681,4.9395,18440.234,3.7029,8.5661,,,96762.0,72.8415,185.7075,87.0444,98.6631,-2.3413,17.1031,69.2366,100.0
SYC,Seychelles,2019,1868690096.7345,5.5143,19141.5119,1.8071,12.4616,,,97625.0,74.0463,173.4078,82.3563,91.0516,-2.8424,13.7576,76.6342,100.0
SYC,Seychelles,2020,1382551751.5691,-11.7399,14041.4754,1.2027,6.06,,,98462.0,77.2366,153.4833,66.5467,86.9366,-12.5302,5.7903,79.2517,100.0
SYC,Seychelles,2021,1487173794.8053,0.5523,14982.9111,9.7691,6.2356,,,99258.0,73.3976,183.7708,80.2639,103.5069,-10.77,7.5281,81.9953,100.0
SYC,Seychelles,2022,1999888599.2547,9.8805,16682.6991,2.626,5.6847,,,119878.0,74.5098,191.5788,90.9534,100.6255,-7.0828,9.4919,84.8338,100.0
SYC,Seychelles,2023,2171547935.3816,5.1798,18130.5297,-1.0353,8.0238,,,119773.0,75.4195,183.8421,85.5061,98.336,-7.1231,11.0385,86.0013,100.0
SYC,Seychelles,2024,2228608684.2991,3.3467,18364.526,0.3117,6.6839,,,121354.0,76.2951,175.873,80.5779,95.2951,-7.4578,10.1469,87.818,100.0
SYC,Seychelles,2025,2387022853.4858,5.798,19449.3836,0.2976,7.0658,,,122730.0,,172.2873,79.6188,92.6686,,,,
SYR,Syrian Arab Republic,2000,18937031609.7969,0.6756,1138.1872,-3.8462,,9.587,4923495.0,16637888.0,70.856,65.2851,36.1162,29.1689,5.6028,1.4258,0.1817,93.4
SYR,Syrian Arab Republic,2001,20078599626.0129,3.7934,1177.5381,3.0,,11.63,4998848.0,17051338.0,71.296,67.8997,37.1776,30.7221,6.0811,0.5478,0.3538,93.1
SYR,Syrian Arab Republic,2002,20786986579.9105,7.8586,1189.9812,-0.1305,,10.94,5072868.0,17468332.0,71.742,71.2389,39.5286,31.7103,6.9274,0.5532,2.0931,86.6
SYR,Syrian Arab Republic,2003,21828144686.0394,0.5908,1220.1791,5.7968,,10.28,5144334.0,17889296.0,72.188,61.547,32.2078,29.3392,3.4451,0.733,3.398,92.6
SYR,Syrian Arab Republic,2004,25086910447.9968,6.9025,1368.1126,4.4331,,9.513,5239465.0,18336875.0,72.494,78.1151,40.4491,37.666,2.3578,1.0962,4.3216,92.3
SYR,Syrian Arab Republic,2005,28858937499.1801,6.2155,1533.9002,7.2403,,8.81,5339779.0,18814091.0,72.797,80.1331,41.0424,39.0907,1.0361,1.7326,5.6481,92.0
SYR,Syrian Arab Republic,2006,33751812958.6391,5.046,1718.7847,10.0241,,8.17,5571945.0,19637022.0,73.04,74.2052,39.0114,35.1938,2.7252,1.9525,7.8326,99.5
SYR,Syrian Arab Republic,2007,40465331020.308,5.6747,1937.612,3.9077,,8.42,5847208.0,20884125.0,73.256,76.3793,38.5944,37.785,1.1357,3.0692,11.5,91.5
SYR,Syrian Arab Republic,2008,52557913397.4638,4.4766,2429.1248,15.7453,,10.94,6012322.0,21636564.0,73.368,74.228,37.5621,36.6659,0.898,2.7886,14.0,91.3
SYR,Syrian Arab Republic,2009,54111721043.8087,5.9123,2462.2013,2.9209,,8.14,6009823.0,21976969.0,73.496,59.9438,29.0594,30.8844,-1.9026,4.7486,17.3,91.1
SYR,Syrian Arab Republic,2010,61390833272.6687,5.1915,2730.6149,4.3974,,8.61,6130225.0,22482421.0,73.542,64.0102,32.1668,31.8434,-0.5984,2.3932,20.7,92.7
SYR,Syrian Arab Republic,2011,67539433544.3077,2.8502,2952.1437,4.7532,,8.626,6346859.0,22878098.0,72.259,50.6961,19.3693,31.3268,,1.1907,22.5,91.5
SYR,Syrian Arab Republic,2012,43190318032.5627,-26.3389,1897.6612,36.7023,,13.8,5662953.0,22759763.0,66.206,35.3687,7.7146,27.6541,,,24.3001,90.7
SYR,Syrian Arab Republic,2013,21361254634.9336,-26.3003,985.8927,40.0318,,14.5,5074803.0,21666917.0,65.146,44.7053,7.778,36.9272,,,26.2,90.4
SYR,Syrian Arab Republic,2014,21502061466.067,-10.3103,1060.5911,10.9271,,14.782,4607761.0,20273659.0,65.492,54.2644,7.0158,47.2486,,,28.09,90.2
SYR,Syrian Arab Republic,2015,16466861435.0236,-4.1797,847.7315,38.4611,,14.244,4353793.0,19424618.0,63.265,51.0862,14.2911,36.7951,,,29.9798,90.0
SYR,Syrian Arab Republic,2016,12597854088.3602,-6.4057,656.349,47.7052,,13.798,4329700.0,19193834.0,65.19,67.1119,21.6801,45.4318,,,31.8696,89.8
SYR,Syrian Arab Republic,2017,16369842725.4718,-0.7233,851.502,18.0753,,13.603,4403603.0,19224668.0,65.651,61.0509,19.3397,41.7112,,,32.7,89.6
SYR,Syrian Arab Republic,2018,21497779247.9835,1.3932,1098.0667,0.941,,13.505,4590870.0,19577845.0,67.371,50.6591,14.917,35.7421,,,33.77,86.0
SYR,Syrian Arab Republic,2019,22583046644.6891,1.2207,1109.5393,13.4176,,13.369,4920535.0,20353534.0,70.97,41.9995,13.0101,28.9894,,,,89.2
SYR,Syrian Arab Republic,2020,12501503673.2425,0.9549,593.9118,,,15.179,4944498.0,21049429.0,71.944,43.1916,13.1893,30.0024,,,,89.0
SYR,Syrian Arab Republic,2021,14892885528.1402,1.7897,688.5661,,,14.887,5237189.0,21628839.0,72.418,59.002,14.9508,44.0512,,,,88.8
SYR,Syrian Arab Republic,2022,23737634644.3994,-0.2025,1056.7826,,,13.245,5706897.0,22462173.0,72.79,35.4372,6.7772,28.6601,,,,89.0
SYR,Syrian Arab Republic,2023,,,,,,13.27,6103412.0,23594623.0,72.12,,,,,,,88.4
SYR,Syrian Arab Republic,2024,,,,,,13.359,6464691.0,24672760.0,72.56,,,,,,,89.3
SYR,Syrian Arab Republic,2025,,,,,,13.569,6764801.0,25620427.0,,,,,,,,
TCA,Turks and Caicos Islands,2000,,,,,,,,18730.0,73.972,,,,,,,95.6
TCA,Turks and Caicos Islands,2001,358744800.0,,18325.7458,,,,,19576.0,74.409,,,,,,,94.9
TCA,Turks and Caicos Islands,2002,366707900.0,,17803.9472,,,,,20597.0,74.843,,,,,,,95.2
TCA,Turks and Caicos Islands,2003,409753600.0,,18859.189,,,,,21727.0,75.262,,,,,,,95.4
TCA,Turks and Caicos Islands,2004,485598800.0,,21246.0098,,,,,22856.0,75.63,,,,,,,95.7
TCA,Turks and Caicos Islands,2005,578645800.0,,24122.3028,,,,,23988.0,75.954,,,,,,,96.0
TCA,Turks and Caicos Islands,2006,721891500.0,,28734.2873,,,,,25123.0,76.197,,,,,,,96.2
TCA,Turks and Caicos Islands,2007,773490000.0,,29443.8523,,,,,26270.0,76.427,,,,,,,96.6
TCA,Turks and Caicos Islands,2008,862684000.0,8.2719,31453.8229,,,,,27427.0,76.084,,,,,,,96.9
TCA,Turks and Caicos Islands,2009,703176000.0,-19.5502,24596.8938,,,,,28588.0,76.672,,,,,,,100.0
TCA,Turks and Caicos Islands,2010,686788000.0,0.9849,23093.8498,,,,,29739.0,76.784,,,,,,,100.0
TCA,Turks and Caicos Islands,2011,842941000.0,4.6205,27327.4006,,,,,30846.0,76.87,,,,,,,100.0
TCA,Turks and Caicos Islands,2012,832848000.0,-2.6666,25923.6157,,,,,32127.0,76.969,,,,,,,93.1
TCA,Turks and Caicos Islands,2013,863328000.0,1.0709,25653.8199,,,,,33653.0,77.1,,,,,,,100.0
TCA,Turks and Caicos Islands,2014,956605000.0,8.7113,27292.582,,,,,35050.0,77.212,,,,11.2747,-7.2687,,100.0
TCA,Turks and Caicos Islands,2015,1078274000.0,11.3148,29457.0141,,,,,36605.0,77.321,,,,14.2411,-6.4815,,100.0
TCA,Turks and Caicos Islands,2016,1202078000.0,7.2512,31373.5613,,,,,38315.0,77.437,,,,20.5545,1.3801,,100.0
TCA,Turks and Caicos Islands,2017,1197958000.0,74.588,30014.231,,,,,39913.0,77.505,,,,2.923,1.8421,,100.0
TCA,Turks and Caicos Islands,2018,1314329000.0,6.7526,31625.6166,,,,,41559.0,77.596,,,,13.1405,3.2128,,100.0
TCA,Turks and Caicos Islands,2019,1371838000.0,4.9817,31780.5217,,,,,43166.0,77.691,,,,,1.9654,,100.0
TCA,Turks and Caicos Islands,2020,918387000.0,-33.8171,20690.9161,,,,,44386.0,77.499,,,,,3.3122,,99.4
TCA,Turks and Caicos Islands,2021,1236459000.0,29.6294,27329.2885,,,,,45243.0,77.234,,,,,2.3204,,100.0
TCA,Turks and Caicos Islands,2022,1434119000.0,14.0871,31280.5418,,,,,45847.0,77.918,,,,,2.4405,,99.9
TCA,Turks and Caicos Islands,2023,1638653000.0,13.7311,35470.2152,,,,,46198.0,78.008,,,,,1.9931,,100.0
TCA,Turks and Caicos Islands,2024,1745378000.0,5.6368,37506.7798,,,,,46535.0,78.181,,,,,2.5209,,100.0
TCA,Turks and Caicos Islands,2025,,,,,,,,46855.0,,,,,,,,
TCD,Chad,2000,1388506771.5876,-0.8797,163.1217,3.8226,,0.796,3012805.0,8512093.0,47.937,51.5712,16.8901,34.6811,,8.2947,0.0357,3.1
TCD,Chad,2001,1710843377.0012,11.6581,194.323,12.4313,,0.792,3080169.0,8804124.0,48.306,64.3219,14.6658,49.6561,,26.8795,0.0459,3.4
TCD,Chad,2002,1997005708.8158,8.4912,219.0614,5.1918,,0.769,3158872.0,9116192.0,48.36,126.3508,12.6899,113.6609,,46.2752,0.1661,3.8
TCD,Chad,2003,2742815071.5744,14.7217,289.0876,-1.7526,,0.725,3273492.0,9487833.0,48.609,83.3789,24.633,58.7459,,25.9829,0.3203,4.1
TCD,Chad,2004,4422855660.8259,33.6294,445.8508,-5.3554,,0.672,3419145.0,9920036.0,48.687,101.7686,51.0089,50.7597,,10.5541,0.3609,3.5
TCD,Chad,2005,8655892392.9292,17.3325,838.0921,7.8904,,0.663,3541960.0,10328092.0,48.86,77.5775,44.5923,32.9851,,-1.1477,0.3993,4.8
TCD,Chad,2006,9709626596.1303,-0.5428,906.8973,8.0363,,0.716,3639849.0,10706424.0,48.747,77.0816,44.7758,32.3058,,-2.8674,0.581,5.1
TCD,Chad,2007,10865385131.5172,4.2002,980.4835,-8.9747,,0.839,3732926.0,11081660.0,49.21,75.106,43.4688,31.6372,,-2.9604,0.8472,5.5
TCD,Chad,2008,13385593990.3378,3.0812,1166.3688,10.297,,0.922,3836518.0,11476296.0,49.503,69.0678,40.0714,28.9964,,3.4823,1.19,5.9
TCD,Chad,2009,12317614053.6841,-1.4083,1035.6372,9.9524,,0.943,3946011.0,11893754.0,49.828,64.8598,32.8772,31.9826,,3.0436,1.5,6.3
TCD,Chad,2010,14058506663.7252,13.6738,1141.8007,-2.0779,,0.911,4047417.0,12312575.0,50.107,63.7312,34.4384,29.2928,,2.2264,1.7,6.4
TCD,Chad,2011,16685349673.9957,4.4954,1308.1422,2.0292,,0.92,4160410.0,12754997.0,50.426,57.5438,32.6627,24.8811,,1.6895,1.9,9.0
TCD,Chad,2012,17892228569.8861,9.0618,1354.3434,7.5166,,0.886,4278285.0,13210998.0,50.765,54.3852,33.398,20.9872,,3.2405,2.1,7.8
TCD,Chad,2013,17865316886.3315,2.8382,1304.8874,0.2227,,0.955,4404538.0,13691079.0,51.051,51.5308,30.1515,21.3793,,2.9118,2.5,8.1
TCD,Chad,2014,18144336903.7175,2.0628,1278.7898,1.682,,0.984,4535967.0,14188678.0,51.141,40.8116,23.139,17.6726,,-3.7232,2.9,8.4
TCD,Chad,2015,14559599499.5011,3.3042,993.9907,4.3771,,1.032,4641464.0,14647621.0,51.32,48.5115,27.9085,20.603,,3.8438,3.5,7.7
TCD,Chad,2016,13026289835.7789,-4.1225,861.8318,-0.7924,,1.091,4749824.0,15114655.0,51.603,43.958,22.608,21.35,,1.8784,5.8,9.2
TCD,Chad,2017,13349041408.7152,-1.6175,854.4612,-1.5371,,1.132,4877629.0,15622759.0,51.875,43.2901,23.1856,20.1044,,2.7222,6.3519,10.9
TCD,Chad,2018,15327000248.8701,5.7411,948.6566,4.2746,,1.135,5014610.0,16156531.0,52.447,46.7384,25.8448,20.8937,,3.007,6.9563,10.1
TCD,Chad,2019,14905517742.8454,5.3828,893.3364,-0.9719,,1.077,5188719.0,16685223.0,52.993,46.6777,24.9685,21.7093,,3.8015,7.6182,8.4
TCD,Chad,2020,14932897821.2387,-0.3936,866.9478,4.4641,,1.695,5321517.0,17224679.0,53.082,40.6428,21.2868,19.356,,3.7347,8.3431,10.9
TCD,Chad,2021,16871937697.5854,0.2934,946.3585,-0.7728,,1.53,5534858.0,17828273.0,53.136,43.9465,26.2833,17.6632,,4.1791,9.6537,11.3
TCD,Chad,2022,17828508289.6049,4.1297,966.0365,5.788,,1.081,5803315.0,18455316.0,54.528,47.9884,31.7353,16.253,,3.444,11.1703,11.7
TCD,Chad,2023,18352937976.2179,3.9986,949.9911,10.8364,,1.059,6143264.0,19319064.0,55.069,46.8626,29.1016,17.7611,,4.9765,12.0359,12.0
TCD,Chad,2024,19906706689.7582,4.9521,980.6683,8.8995,,1.053,6524704.0,20299123.0,55.238,44.5559,27.6856,16.8704,,5.1213,12.6269,13.4
TCD,Chad,2025,21472835225.4338,5.5899,1022.3356,-3.912,,1.057,6746477.0,21003705.0,,46.1321,29.4141,16.7181,,,,
TGO,Togo,2000,2106848752.2775,-0.7835,440.4204,1.8626,,4.162,1577391.0,4783722.0,54.587,48.808,20.1567,28.6513,-6.6445,2.507,0.8,17.0
TGO,Togo,2001,2093498674.4968,0.8234,426.8836,3.9196,,4.108,1629238.0,4904144.0,54.757,51.3942,20.5095,30.8846,-8.0859,3.4687,0.9,19.6
TGO,Togo,2002,2410199032.431,3.8266,479.4384,3.0598,,4.087,1682600.0,5027130.0,55.044,51.6096,21.4381,30.1714,-5.8178,2.3984,1.0,21.3
TGO,Togo,2003,2987984050.9932,6.7202,579.7282,-0.93,,3.957,1737526.0,5154112.0,55.312,55.39,23.2296,32.1604,-5.4314,1.5319,1.2,23.0
TGO,Togo,2004,3191561508.6909,-0.9787,604.3113,0.3931,,3.992,1792289.0,5281320.0,55.608,57.8711,23.5744,34.2967,-6.494,2.5056,1.5,24.8
TGO,Togo,2005,3221910408.4652,-4.6663,595.2002,6.7829,2.7199,4.149,1844261.0,5413154.0,55.931,61.4543,25.1826,36.2716,-6.3309,2.9797,1.8,26.5
TGO,Togo,2006,3320907721.7451,2.6501,596.2492,2.229,5.2723,4.229,1892711.0,5569664.0,56.154,61.6129,25.0477,36.5652,-5.3132,2.7522,2.0,27.9
TGO,Togo,2007,3759962853.2648,-1.1751,654.0837,0.9457,-0.2021,3.822,1939204.0,5748443.0,56.395,61.7741,24.6221,37.152,-5.746,1.6598,2.2,30.0
TGO,Togo,2008,4578847112.7069,4.0356,771.3512,8.6948,-3.7498,3.279,1984891.0,5936138.0,56.663,62.3077,25.3265,36.9811,-4.8672,1.1115,2.4,31.8
TGO,Togo,2009,4721888275.2694,5.4538,770.1729,3.7136,1.804,2.847,2029803.0,6130946.0,56.94,62.2104,25.8614,36.349,-3.7566,0.9806,2.6,33.7
TGO,Togo,2010,4746386893.2255,5.8543,750.3234,1.4459,5.2115,2.379,2075723.0,6325788.0,57.24,66.7975,27.7254,39.072,-4.2117,2.6349,3.0,30.8
TGO,Togo,2011,5422439152.1091,5.8233,834.1467,3.5635,2.3695,1.982,2126742.0,6500582.0,57.624,77.7323,31.4946,46.2377,-5.5713,13.4388,3.5,39.7
TGO,Togo,2012,5413541649.149,6.3027,813.6115,2.5772,3.2322,2.029,2183322.0,6653718.0,57.953,75.7132,32.9892,42.724,-5.433,2.2446,4.0,39.1
TGO,Togo,2013,6021729629.8245,5.8243,885.6985,1.8254,3.5445,2.084,2243862.0,6798848.0,58.356,82.1478,34.1111,48.0367,-9.4394,3.0489,4.5,41.0
TGO,Togo,2014,6393314707.8546,5.6332,921.5397,0.1909,4.8353,2.141,2309473.0,6937644.0,58.776,70.9157,29.1389,41.7768,-7.1711,0.845,5.7,45.7
TGO,Togo,2015,5755457836.0187,5.468,813.8947,2.585,2.8879,2.204,2380396.0,7071502.0,59.23,69.1281,26.7106,42.4175,-8.0102,4.4803,7.12,44.7
TGO,Togo,2016,6071167584.1951,4.2149,843.1142,1.2854,3.7821,2.968,2455743.0,7200884.0,59.677,66.445,26.7315,39.7135,-7.1918,-0.7628,11.31,46.8
TGO,Togo,2017,6387424239.8801,4.0079,872.0764,-0.9819,,3.744,2533890.0,7324386.0,60.145,58.2089,25.3021,32.9068,-1.513,1.3865,12.3602,48.0
TGO,Togo,2018,7029215766.4637,4.7952,942.4808,0.9278,,2.9,2602312.0,7458206.0,60.608,57.5737,24.33,33.2437,-2.6298,-2.5746,15.5,50.0
TGO,Togo,2019,6992942458.9942,4.9195,917.718,0.6747,,2.036,2646782.0,7619925.0,61.061,56.3399,23.9067,32.4331,-0.7929,4.9435,20.7273,52.5
TGO,Togo,2020,7486031561.8688,2.159,961.2198,1.6993,,2.231,2653176.0,7788054.0,61.14,55.066,23.0703,31.9957,-0.277,-0.7909,29.0237,54.1
TGO,Togo,2021,8541668141.262,5.1356,1076.2952,4.1862,,2.344,2695442.0,7936176.0,61.337,56.3776,23.1343,33.2433,,-1.5948,30.3384,55.7
TGO,Togo,2022,8646453099.4124,6.2944,1071.6154,7.9676,,1.965,2744142.0,8068616.0,62.292,61.5751,25.0092,36.5659,,-2.0043,35.6075,57.2
TGO,Togo,2023,9723300576.7267,6.1976,1182.3295,5.4893,,1.942,2804353.0,8223850.0,62.74,59.9292,24.5821,35.3471,,0.8201,37.5702,59.2
TGO,Togo,2024,10643440332.2445,6.5265,1266.0878,2.8626,,1.948,2880204.0,8406558.0,62.935,,,,,0.7869,39.4832,61.1
TGO,Togo,2025,11889949067.4697,6.3103,1383.8997,0.4332,,1.995,2960760.0,8591626.0,,,,,,,,
THA,Thailand,2000,126392224253.794,4.4552,2005.9769,1.592,6.4169,2.389,35011504.0,63007815.0,71.205,121.298,64.8403,56.4577,7.3685,2.6631,3.689,82.1
THA,Thailand,2001,120296476180.402,3.4442,1889.9343,1.6269,5.2526,2.6,35644475.0,63651141.0,71.52,120.268,63.2507,57.0173,4.2403,4.2122,5.5563,90.4
THA,Thailand,2002,134300904400.022,6.149,2089.7518,0.6973,,1.82,36072920.0,64266437.0,71.775,114.9697,60.6458,54.324,3.4655,2.4882,7.5313,91.0
THA,Thailand,2003,152280615245.887,7.1892,2347.54,1.8043,,1.54,36488833.0,64868166.0,72.101,116.6928,61.5226,55.1703,3.1336,3.4359,9.299,91.6
THA,Thailand,2004,172895685154.658,6.2893,2641.5627,2.7591,0.9499,1.51,37013784.0,65452047.0,72.1,127.4119,65.9719,61.44,1.596,3.3895,10.6773,92.2
THA,Thailand,2005,189318408468.595,4.1876,2867.7038,4.5404,-0.3542,1.35,37537474.0,66017420.0,72.894,137.8539,68.4027,69.4511,-4.0365,4.3396,15.026,92.8
THA,Thailand,2006,221758296021.621,4.9678,3331.3204,4.6375,1.1128,1.22,37757576.0,66567687.0,73.341,134.0869,68.6753,65.4116,1.0438,4.0213,17.1607,99.1
THA,Thailand,2007,262942621455.053,5.4352,3918.5282,2.2415,3.487,1.18,38463790.0,67102394.0,73.779,129.8732,68.8723,61.001,5.9267,3.2836,20.03,94.1
THA,Thailand,2008,291382982430.951,1.7257,4309.1351,5.4685,0.6545,1.18,38958286.0,67619830.0,74.221,140.437,71.4164,69.0206,0.3195,2.9382,18.2,94.8
THA,Thailand,2009,281710630187.319,-0.6906,4135.4399,-0.8457,4.5723,1.49,39417409.0,68121080.0,74.669,119.2694,64.4386,54.8308,7.8766,2.2759,20.1,99.0
THA,Thailand,2010,341104766329.17,7.5134,4973.8629,3.2476,0.2431,0.622,39244294.0,68579447.0,75.012,127.2505,66.4862,60.7643,3.3673,4.3232,22.4,99.7
THA,Thailand,2011,370818739623.622,0.8401,5373.6233,3.8119,1.2767,0.66,40584009.0,69007208.0,75.302,139.6754,70.8549,68.8205,2.5422,0.6671,23.6699,99.3
THA,Thailand,2012,397558325278.579,7.2428,5725.528,3.0095,3.2168,0.58,40844641.0,69436098.0,75.59,137.6749,68.9512,68.7237,-1.2323,3.2446,26.46,99.1
THA,Thailand,2013,420333654592.547,2.6875,6018.0824,2.1862,3.2243,0.249,39678084.0,69845114.0,75.96,132.4623,67.1711,65.2911,-2.1015,3.7913,28.94,99.4
THA,Thailand,2014,407339040197.651,0.9845,5801.1979,1.8946,3.4578,0.576,39964948.0,70216367.0,76.279,130.9055,68.3941,62.5114,2.8583,1.2215,34.8861,99.5
THA,Thailand,2015,401296238228.084,3.134,5688.8534,-0.8981,3.981,0.597,40014953.0,70540795.0,76.563,124.8397,67.6367,57.203,6.9158,2.2247,39.3161,99.6
THA,Thailand,2016,413366349747.508,3.4352,5833.5772,0.1862,1.7851,0.688,39822992.0,70859841.0,76.769,120.5752,67.0709,53.5043,10.5084,0.8434,47.505,99.9
THA,Thailand,2017,456356813536.764,4.1777,6413.0918,0.6644,2.4697,0.83,39720340.0,71160187.0,76.989,120.8914,66.6728,54.2186,9.631,1.8155,52.8919,99.9
THA,Thailand,2018,506754208404.485,4.2229,7099.7765,1.0668,2.6798,0.765,40193292.0,71376079.0,77.19,120.8419,64.8381,56.0038,5.6199,2.7128,56.8175,99.8
THA,Thailand,2019,543976691793.886,2.1146,7605.6966,0.7055,3.0389,0.716,39952678.0,71522271.0,77.197,109.6895,59.5189,50.1706,7.0485,1.0173,66.6524,99.9
THA,Thailand,2020,500274927778.532,-6.0931,6983.0341,-0.8461,4.6429,1.099,40252215.0,71641484.0,77.331,97.6624,51.3388,46.3236,4.1442,-0.8583,77.8437,100.0
THA,Thailand,2021,506049783824.94,1.5586,7055.1876,1.231,1.2604,1.215,40439671.0,71727332.0,77.606,117.1315,58.4211,58.7104,-2.1418,3.0411,85.2696,100.0
THA,Thailand,2022,495691837308.033,2.6378,6910.01,6.0759,-1.4357,0.94,40754371.0,71735329.0,75.291,132.8135,65.3338,67.4796,-3.4287,2.3916,87.9772,99.9
THA,Thailand,2023,517013369475.121,2.2488,7210.5413,1.2291,2.9949,0.733,41287040.0,71702435.0,76.412,128.7924,65.5136,63.2788,1.64,1.9975,89.5353,100.0
THA,Thailand,2024,529385520941.539,2.9486,7386.6362,0.3983,3.6184,0.781,41014040.0,71668011.0,76.564,135.7249,69.6726,66.0523,2.1948,2.7017,90.8672,100.0
THA,Thailand,2025,577009981112.015,2.4425,8056.5636,-0.1336,4.8548,0.781,40871242.0,71619863.0,,138.4137,71.1481,67.2656,2.7629,3.2652,,
TJK,Tajikistan,2000,860541842.2637,8.3243,136.9257,,,4.15,1995679.0,6284735.0,63.542,175.3512,86.7521,88.5991,,2.7359,0.0486,98.5
TJK,Tajikistan,2001,1080772551.2943,9.5808,168.6763,38.5919,,3.75,2062032.0,6407377.0,64.197,146.6573,68.141,78.5163,,0.8786,0.0513,98.6
TJK,Tajikistan,2002,1221106220.2868,10.8,186.9516,12.25,-3.8789,3.95,2130435.0,6531669.0,64.898,138.684,62.8092,75.8747,-1.2394,2.9536,0.0555,99.0
TJK,Tajikistan,2003,1555318261.4172,11.0,233.5812,16.3035,-8.1505,3.85,2199613.0,6658575.0,65.874,137.6696,63.9308,73.7388,-0.3063,2.0349,0.0646,100.0
TJK,Tajikistan,2004,2076176869.4109,10.3,305.7452,7.142,2.4551,3.45,2183109.0,6790547.0,66.604,128.3382,58.7453,69.5929,-2.7475,13.1022,0.0775,98.5
TJK,Tajikistan,2005,2312352020.6689,6.7,333.9272,7.0919,12.5742,3.45,2160857.0,6924720.0,66.531,126.9947,54.2419,72.7528,-12.8099,2.356,0.2987,99.3
TJK,Tajikistan,2006,2830213848.6203,7.0,401.0184,10.0109,2.5545,3.65,2131688.0,7057566.0,66.997,141.1539,58.1562,82.9977,-13.1584,11.9647,3.7724,98.6
TJK,Tajikistan,2007,3719524540.8619,7.8,516.9972,13.1491,-3.3622,2.874,2095011.0,7194477.0,67.405,145.5281,45.8592,99.6689,-32.0963,9.6778,7.1976,98.6
TJK,Tajikistan,2008,5161299725.2767,7.9,703.3274,20.4705,-3.565,4.942,2051949.0,7338403.0,67.924,114.4801,34.0148,80.4654,-20.5139,9.4281,8.78,98.6
TJK,Tajikistan,2009,4979472364.4534,3.9,664.7957,6.4482,9.3552,7.028,2005435.0,7490230.0,68.248,85.9781,24.471,61.5071,-14.4085,2.9935,10.07,99.0
TJK,Tajikistan,2010,5642221099.177,6.5,737.3389,6.4453,9.7259,7.037,2035779.0,7652141.0,68.37,73.493,14.939,58.554,-10.2988,1.665,11.55,98.8
TJK,Tajikistan,2011,6522756255.012,7.4,833.602,12.4315,8.063,7.04,2064762.0,7824785.0,68.698,79.7842,16.4477,63.3366,-6.3366,2.2365,13.03,98.9
TJK,Tajikistan,2012,7633036903.0763,7.5,952.4528,5.8312,8.2461,7.022,2096722.0,8014084.0,69.13,83.1759,17.2773,65.8987,-8.927,3.167,14.51,99.1
TJK,Tajikistan,2013,8448411318.2542,7.4,1028.197,5.0096,19.9754,7.019,2133789.0,8216724.0,69.579,71.7437,11.0881,60.6556,-10.4729,3.3514,16.0,99.0
TJK,Tajikistan,2014,9112605459.3284,6.7,1081.544,6.1044,18.8653,7.024,2171321.0,8425552.0,69.697,54.6072,9.1701,45.4371,-3.4727,3.584,17.49,99.1
TJK,Tajikistan,2015,8271431485.0748,6.0193,956.9163,5.7146,17.7512,7.033,2207719.0,8643840.0,69.665,49.9378,9.8027,40.1351,-5.7677,5.4889,18.98,98.0
TJK,Tajikistan,2016,6992416096.8902,6.9,788.7105,6.0046,24.2704,7.036,2243295.0,8865631.0,69.982,55.7246,13.2003,42.5243,-5.2324,3.4554,20.47,99.3
TJK,Tajikistan,2017,7536402852.858,7.1,829.4571,,18.0694,7.035,2252648.0,9085946.0,70.524,53.7861,14.9285,38.8576,2.1094,2.4657,21.96,99.3
TJK,Tajikistan,2018,7764999999.4536,7.6,834.2884,,24.096,7.028,2253700.0,9307333.0,70.737,55.8461,14.3755,41.4706,-4.8897,2.8443,32.6,99.3
TJK,Tajikistan,2019,8300813599.3084,7.4,871.0224,,19.189,7.026,2253843.0,9529966.0,70.962,56.045,14.9799,41.0651,-2.2322,2.5637,22.6863,99.4
TJK,Tajikistan,2020,8133963550.6574,4.4,834.3117,,,7.576,2279405.0,9749310.0,68.605,55.7491,17.3243,38.4248,4.3492,1.3098,27.5441,99.5
TJK,Tajikistan,2021,8937805347.1396,9.4,896.7481,,,7.687,2344147.0,9966908.0,69.594,71.8259,24.1819,47.644,8.2294,0.9403,36.7056,99.6
TJK,Tajikistan,2022,10713525200.3998,8.0,1052.1795,,,7.051,2442377.0,10182222.0,71.562,65.4355,16.3531,49.0824,15.2574,1.6243,48.9143,100.0
TJK,Tajikistan,2023,12244169292.7998,8.3,1178.4799,,,7.037,2513014.0,10389799.0,71.79,65.6347,17.1918,48.4429,4.7698,1.1481,54.4155,100.0
TJK,Tajikistan,2024,14425113699.7925,8.4,1362.0256,,,7.041,2588617.0,10590927.0,71.927,59.0899,11.2126,47.8773,6.4237,2.0195,55.7934,99.9
TJK,Tajikistan,2025,17660626562.4832,8.4,1637.2543,,,6.931,2647875.0,10786734.0,,,,,17.0983,0.4861,,
TKM,Turkmenistan,2000,2904663310.9825,5.4691,633.8355,,,11.73,1532537.0,4582677.0,64.931,103.5803,55.2365,48.3439,,4.51,0.1333,99.6
TKM,Turkmenistan,2001,3534772732.3975,4.3438,756.035,,,10.898,1574830.0,4675409.0,65.325,81.9859,41.4922,40.4937,,4.8094,0.1752,99.6
TKM,Turkmenistan,2002,4462029108.7235,0.2572,935.5408,,,10.141,1635700.0,4769465.0,65.593,63.7047,35.4111,28.2935,,6.1855,0.3021,99.6
TKM,Turkmenistan,2003,5977440582.8017,3.2688,1228.9487,,,9.289,1682934.0,4863865.0,65.854,63.2018,32.6067,30.5951,,3.7809,0.4252,99.6
TKM,Turkmenistan,2004,6838351088.4669,5.0004,1379.2301,,,8.419,1721750.0,4958093.0,66.055,59.32,29.6938,29.6261,,5.1723,0.7541,99.5
TKM,Turkmenistan,2005,8103901996.3702,13.034,1604.0162,,,7.495,1725300.0,5052257.0,66.275,53.9723,30.687,23.2854,,5.1605,0.9973,99.5
TKM,Turkmenistan,2006,10276674364.8961,10.9733,1996.5931,,,6.601,1737301.0,5147105.0,66.574,52.4473,35.1162,17.3311,,7.1122,1.3196,99.8
TKM,Turkmenistan,2007,12664165103.1895,11.0593,2414.9607,,,5.719,1749550.0,5244046.0,67.02,56.2778,36.7778,19.5,,6.7592,1.4064,99.6
TKM,Turkmenistan,2008,19271523178.8079,14.7,3605.504,,,4.852,1749892.0,5345029.0,67.584,94.7241,57.3742,37.3499,,6.6264,1.75,99.6
TKM,Turkmenistan,2009,20214385964.9123,6.1,3707.9785,,,4.0,1782810.0,5451592.0,68.155,104.9522,47.083,57.8692,,22.5236,1.95,99.7
TKM,Turkmenistan,2010,22583157894.7368,9.2,4058.5394,,,4.0,1805247.0,5564356.0,68.608,97.2464,52.6356,44.6109,,16.0841,3.0,100.0
TKM,Turkmenistan,2011,29233333333.3333,14.7183,5143.6193,,,4.003,1811049.0,5683417.0,68.87,118.0955,70.3699,47.7257,,11.6,5.0,99.8
TKM,Turkmenistan,2012,35164210526.3158,11.0508,6053.8748,,,3.994,1829449.0,5808546.0,68.961,119.177,69.801,49.3759,,8.9,7.1958,99.9
TKM,Turkmenistan,2013,39197543859.6491,10.1628,6599.6453,,,3.993,1850783.0,5939341.0,68.968,109.4812,59.0707,50.4104,,7.3,9.6,99.9
TKM,Turkmenistan,2014,43524210526.3158,10.3497,7164.1454,,,4.005,1871909.0,6075283.0,69.001,102.7609,55.8163,46.9446,,8.8,12.2,100.0
TKM,Turkmenistan,2015,35799714285.7143,6.4525,5759.4979,,,4.016,1901921.0,6215770.0,69.061,73.228,33.978,39.25,,8.5,14.9968,100.0
TKM,Turkmenistan,2016,33313947368.4211,6.2291,5238.0083,,,4.026,1931509.0,6360041.0,69.142,58.2932,21.8624,36.4308,,6.7334,17.9903,100.0
TKM,Turkmenistan,2017,33352261306.5327,6.4514,5125.5492,,,4.035,1959102.0,6507061.0,69.19,47.3984,20.5343,26.8641,,6.2543,,100.0
TKM,Turkmenistan,2018,26036313868.6131,6.206,3911.9856,,,4.036,1985757.0,6655524.0,69.272,41.6379,28.5805,13.0574,,6.1708,,100.0
TKM,Turkmenistan,2019,29700000000.0,6.3317,4365.1153,,,4.035,2011076.0,6803944.0,69.405,37.6561,24.6892,12.9668,,6.2412,,99.9
TKM,Turkmenistan,2020,27350527267.6636,5.8707,3935.3775,,,4.489,1985797.0,6949912.0,68.846,29.9542,16.9175,13.0367,,5.2512,,100.0
TKM,Turkmenistan,2021,26334182093.7903,6.1512,3713.2011,,,4.458,2025036.0,7092043.0,69.353,33.4125,20.7809,12.6315,,4.8885,,100.0
TKM,Turkmenistan,2022,37583913148.2791,6.2349,5198.1895,,,4.017,2084340.0,7230193.0,69.913,37.8107,25.1759,12.6348,,2.4905,,100.0
TKM,Turkmenistan,2023,39020211239.6728,6.3188,5298.4642,,,4.007,2113074.0,7364438.0,70.073,34.1794,21.6753,12.5041,,3.5323,,100.0
TKM,Turkmenistan,2024,44249447717.2312,6.2824,5904.2577,,,4.02,2164626.0,7494498.0,70.201,28.7345,17.5726,11.162,,3.717,,100.0
TKM,Turkmenistan,2025,49828621355.6516,6.3,6540.1788,,,4.267,2202574.0,7618847.0,,28.1661,14.4706,13.6954,,,,
TLS,Timor-Leste,2000,366924300.0,58.0781,492.4577,,,3.529,298005.0,745088.0,58.097,175.6485,10.6181,165.0304,,,,17.8
TLS,Timor-Leste,2001,477359300.0,16.3477,587.7007,,,3.386,323297.0,812249.0,58.772,166.7434,8.972,157.7714,,,,25.6
TLS,Timor-Leste,2002,469455500.0,-6.7007,533.9825,,,3.371,352942.0,879159.0,59.477,180.4037,7.8044,172.5993,,,0.0,24.1
TLS,Timor-Leste,2003,490439100.0,-2.1823,534.9012,7.1652,,3.54,369584.0,916878.0,60.13,122.312,6.8661,115.4459,,0.9214,,27.7
TLS,Timor-Leste,2004,440772000.0,0.4,474.4208,3.2375,,3.668,374867.0,929074.0,60.743,107.3308,7.4744,99.8564,,,,30.4
TLS,Timor-Leste,2005,462268000.0,2.9846,487.4646,1.1117,,3.611,381649.0,948311.0,61.272,74.6713,7.1365,67.5348,,0.1964,0.099,33.5
TLS,Timor-Leste,2006,453792400.0,-4.1161,464.667,3.9362,,3.634,393299.0,976597.0,61.881,98.8757,9.2293,89.6464,119.2073,1.8683,0.5,36.7
TLS,Timor-Leste,2007,542795400.0,10.2654,540.1546,10.3009,,3.523,401624.0,1004889.0,62.396,128.7609,9.997,118.7639,216.8781,1.6019,1.0,36.6
TLS,Timor-Leste,2008,648523600.0,11.3948,628.1532,9.0642,,3.434,410153.0,1032429.0,62.858,135.2508,9.3464,125.9043,311.7461,6.1213,1.5,43.1
TLS,Timor-Leste,2009,726937800.0,10.147,686.5793,0.6697,,3.289,419267.0,1058782.0,63.265,157.6864,9.1663,148.5201,176.7629,6.5968,2.0,46.3
TLS,Timor-Leste,2010,881909300.0,9.3315,813.0602,6.766,,3.301,428797.0,1084679.0,63.66,134.4005,8.5646,125.8359,189.5183,3.4394,3.0,38.0
TLS,Timor-Leste,2011,1042534600.0,5.9586,939.0452,13.4998,-0.4674,3.385,439563.0,1110207.0,64.022,140.7663,6.4058,134.3606,225.0329,4.7057,4.0,52.7
TLS,Timor-Leste,2012,1160555000.0,4.8606,1022.619,11.8003,5.6993,3.47,451161.0,1134885.0,64.384,128.5005,7.1228,121.3777,235.7506,3.4796,7.0,56.0
TLS,Timor-Leste,2013,1395727400.0,3.1044,1204.5684,11.0849,-3.6253,3.57,463844.0,1158695.0,64.719,79.6341,5.5846,74.0495,171.2394,4.002,11.0,59.2
TLS,Timor-Leste,2014,1447535200.0,4.4725,1224.7496,0.7263,13.6944,3.618,476704.0,1181903.0,65.027,82.7358,4.5718,78.164,76.4167,2.3423,17.5,62.4
TLS,Timor-Leste,2015,1590282400.0,2.48,1319.593,0.5528,5.8711,3.678,490678.0,1205131.0,65.326,60.0769,3.0503,57.0266,14.1369,2.7036,18.6,67.3
TLS,Timor-Leste,2016,1640464600.0,3.0099,1335.5439,-1.3385,13.8873,4.657,505233.0,1228312.0,65.61,60.3106,3.1564,57.1542,-32.4954,0.334,21.2,76.5
TLS,Timor-Leste,2017,1584878400.0,-3.1824,1266.1777,0.5572,13.5283,4.254,522211.0,1251703.0,65.898,58.6348,2.409,56.2257,-21.3947,0.4238,24.2,79.5
TLS,Timor-Leste,2018,1555988600.0,-0.4665,1219.466,2.6365,15.0237,3.765,538790.0,1275959.0,66.204,64.8192,2.9315,61.8877,-12.2846,3.0801,27.6,85.2
TLS,Timor-Leste,2019,2032550400.0,24.2129,1562.3646,0.9588,9.6971,3.148,548771.0,1300945.0,66.496,70.6142,21.2143,49.3999,22.1598,-7.7945,28.0046,90.6
TLS,Timor-Leste,2020,2162619200.0,31.7257,1630.8694,0.4955,41.2938,2.808,559412.0,1326053.0,66.919,84.7503,36.6662,48.0841,22.5398,-16.2053,32.0127,96.0
TLS,Timor-Leste,2021,3625024300.0,5.3698,2684.9267,3.6979,-30.1232,2.344,579432.0,1350139.0,66.199,99.86,63.5128,36.3472,54.7594,-6.5936,35.042,100.0
TLS,Timor-Leste,2022,3208599900.0,-20.5225,2343.2496,7.0053,-0.3264,1.537,593922.0,1369295.0,67.368,97.6211,55.6119,42.0092,15.2239,1.6725,,99.7
TLS,Timor-Leste,2023,2079767200.0,-18.1359,1502.4115,8.4204,39.8424,1.525,606149.0,1384286.0,67.689,89.3046,22.9231,66.3816,-9.259,5.875,,100.0
TLS,Timor-Leste,2024,1865608515.4132,-9.1007,1331.9705,2.0628,12.0828,1.523,620365.0,1400638.0,67.904,95.4485,10.5576,84.891,-32.4156,12.0854,,94.3
TLS,Timor-Leste,2025,1902180257.8274,6.9754,1340.964,0.4283,15.8459,1.592,635489.0,1418517.0,,,,,-36.8713,13.313,,
TON,Tonga,2000,204848487.8065,3.7541,1995.0767,6.3276,,3.966,37080.0,102677.0,69.635,61.5082,15.2142,46.2941,,4.4972,2.4344,85.6
TON,Tonga,2001,181117230.4065,1.4925,1753.5167,8.2903,,4.368,37280.0,103288.0,69.8,62.4066,13.3668,49.0397,-7.2609,4.212,2.8254,86.3
TON,Tonga,2002,182764280.8285,4.4292,1759.4805,10.3591,,4.683,37417.0,103874.0,70.03,73.8374,18.2563,55.5811,-3.4662,2.5673,2.9073,87.0
TON,Tonga,2003,202246591.2155,0.0518,1936.041,11.6386,,5.18,37506.0,104464.0,70.228,73.2161,19.3878,53.8282,-6.3402,0.0901,2.9858,87.6
TON,Tonga,2004,230678011.422,-1.9679,2195.4489,10.9734,,3.878,37561.0,105071.0,70.433,73.9737,19.5645,54.4092,-3.2682,2.3989,3.9524,88.3
TON,Tonga,2005,261823805.4332,-0.6577,2477.7262,8.6657,,2.542,37586.0,105671.0,70.56,76.208,17.8418,58.3662,-9.2933,2.2937,4.9078,89.0
TON,Tonga,2006,292232703.3068,-2.1657,2750.3478,6.1491,,1.09,37584.0,106253.0,70.71,66.355,14.5602,51.7948,-8.1088,3.7598,5.8539,92.3
TON,Tonga,2007,298519623.3421,-2.4643,2797.0656,5.8422,,1.21,37650.0,106726.0,70.887,68.2299,12.2199,56.01,-16.4954,5.8904,7.1799,90.5
TON,Tonga,2008,344438844.3335,4.8628,3218.453,10.447,,1.279,37771.0,107020.0,71.041,72.6564,15.9898,56.6666,-18.2075,6.2472,8.1108,91.2
TON,Tonga,2009,312415028.4461,-5.1292,2914.2377,1.4269,,1.419,37845.0,107203.0,70.949,74.3407,13.6212,60.7195,-30.0389,0.0791,10.0,92.0
TON,Tonga,2010,366887374.9897,0.8244,3416.0836,3.5349,,1.501,37875.0,107400.0,71.319,70.7977,12.5006,58.2971,-23.8321,1.2704,16.0,92.8
TON,Tonga,2011,414143828.4944,6.7037,3849.9938,6.2708,,1.594,37835.0,107570.0,71.437,78.8579,16.2529,62.6049,-20.2517,1.8451,25.0,92.2
TON,Tonga,2012,471122971.305,0.9198,4384.1706,1.1475,5.411,1.638,37695.0,107460.0,71.546,77.9723,17.0563,60.916,-14.82,-0.1786,30.0,92.8
TON,Tonga,2013,451788498.2636,0.3939,4219.2467,0.7756,11.9183,1.75,37481.0,107078.0,71.65,82.7316,20.3036,62.4279,-9.4735,1.3877,32.754,95.1
TON,Tonga,2014,440997734.9287,1.9905,4136.5901,2.5109,8.5992,1.914,37216.0,106609.0,71.721,74.7304,16.927,57.8034,-6.2656,3.0026,35.9544,95.9
TON,Tonga,2015,437525538.903,1.1137,4123.9035,-1.054,2.8848,2.022,36946.0,106095.0,71.851,81.3902,16.9581,64.4321,-10.9246,3.3735,38.6513,100.0
TON,Tonga,2016,420828254.5416,6.5987,3987.9862,2.5782,4.8109,2.048,36638.0,105524.0,71.951,87.7772,24.5056,63.2716,-8.2478,3.9506,39.95,97.0
TON,Tonga,2017,459976847.1081,3.2023,4365.9293,7.5171,2.1754,2.137,36431.0,105356.0,72.066,88.0435,22.1761,65.8674,-7.6003,-3.4071,46.2008,98.2
TON,Tonga,2018,493530766.9306,0.5278,4675.0478,5.0321,1.9967,2.248,36363.0,105567.0,72.169,86.104,21.2114,64.8926,-7.249,4.703,48.8079,99.0
TON,Tonga,2019,506031247.6066,-0.2852,4788.8335,1.1795,1.4813,2.165,36164.0,105669.0,72.292,88.0454,22.2333,65.8121,-7.7758,-1.2071,51.563,98.4
TON,Tonga,2020,506571486.5764,1.8062,4792.3587,-0.3497,7.8444,2.712,35568.0,105704.0,72.379,81.8495,19.7051,62.1444,-6.6304,0.755,54.4737,99.9
TON,Tonga,2021,519306339.3498,-0.9349,4922.8016,5.6405,5.6049,2.111,35255.0,105490.0,72.13,68.5462,11.0814,57.4647,-9.5454,0.0498,57.549,100.0
TON,Tonga,2022,556514556.3928,-2.1285,5298.0194,10.9714,-1.2273,2.002,34733.0,105042.0,72.635,70.1273,10.7634,59.3639,-8.4566,0.5232,61.6074,100.0
TON,Tonga,2023,591139733.6238,2.7901,5651.5936,6.3511,0.2877,1.652,34073.0,104597.0,72.895,79.6239,14.744,64.8799,-7.9341,0.4436,64.1314,100.0
TON,Tonga,2024,647488243.8473,1.7165,6215.3899,3.1819,-0.4529,1.965,33779.0,104175.0,73.07,77.5795,16.8991,60.6803,-6.7207,-1.8656,67.4417,100.0
TON,Tonga,2025,679218218.578,2.8,6547.1865,5.5928,4.4725,2.008,33628.0,103742.0,,,,,,,,
TTO,Trinidad and Tobago,2000,8154342116.1031,6.9014,6178.5898,3.5554,3.9778,12.1,616212.0,1319774.0,68.629,,,,6.675,8.333,7.7214,91.3
TTO,Trinidad and Tobago,2001,8824849191.0357,4.1685,6657.4147,5.5367,12.5228,10.88,626695.0,1325567.0,68.874,,,,4.714,9.4608,15.3846,96.3
TTO,Trinidad and Tobago,2002,9008298228.6027,7.9367,6762.9308,4.1501,18.6396,10.39,636894.0,1332011.0,69.232,,,,0.8481,11.1875,21.9987,96.5
TTO,Trinidad and Tobago,2003,11305459802.0683,14.441,8445.0465,3.8111,0.6228,10.48,658376.0,1338709.0,69.454,,,,8.71,7.1496,25.9718,96.7
TTO,Trinidad and Tobago,2004,13280291989.5755,7.9501,9871.0342,3.7215,0.3933,8.33,679474.0,1345380.0,69.879,,,,13.5001,7.5156,27.0243,96.8
TTO,Trinidad and Tobago,2005,15982389018.4041,6.2089,12346.4373,6.8745,-3.7215,7.95,670234.0,1294494.0,70.185,,,,24.2851,5.8796,28.9767,95.0
TTO,Trinidad and Tobago,2006,18369361094.3886,13.2081,14152.6607,8.3296,9.0321,6.27,677046.0,1297944.0,70.437,,,,38.7864,4.8053,30.0037,100.0
TTO,Trinidad and Tobago,2007,21641620049.9352,4.7542,16606.6754,7.8944,-0.8885,5.54,677808.0,1303188.0,70.797,,,,23.8728,3.8352,32.3,100.0
TTO,Trinidad and Tobago,2008,27871587349.5413,3.3917,21298.9945,12.0303,-9.1726,4.63,681951.0,1308587.0,71.117,,,,30.4935,10.0489,34.8,100.0
TTO,Trinidad and Tobago,2009,19172165225.5015,-4.3917,14634.0565,6.9781,54.6777,5.28,676038.0,1310106.0,71.404,,,,8.5164,3.6986,44.3,99.0
TTO,Trinidad and Tobago,2010,22157920592.3669,3.3232,16815.4247,10.5492,-3.0611,4.033,670134.0,1317714.0,71.809,,,,18.83,2.4795,48.5,100.0
TTO,Trinidad and Tobago,2011,25433007437.1605,-0.2944,19151.087,5.1071,-6.7057,3.425,665988.0,1328019.0,72.232,,,,18.5128,0.1614,55.2,97.5
TTO,Trinidad and Tobago,2012,27147349937.4689,6.7107,20332.139,9.2603,7.3382,3.718,679786.0,1335194.0,72.513,,,,14.2427,-7.0149,57.5,100.0
TTO,Trinidad and Tobago,2013,28560537057.1548,3.3682,21304.9777,5.1998,5.409,2.683,684094.0,1340557.0,72.785,,,,19.5071,-3.9564,59.9,100.0
TTO,Trinidad and Tobago,2014,29474180005.1333,3.6709,21908.3015,5.6844,8.5566,2.477,690101.0,1345343.0,72.898,,,,14.0954,2.244,62.4,100.0
TTO,Trinidad and Tobago,2015,26841141793.2143,-0.4063,19887.2328,4.6612,18.8995,2.428,684099.0,1349667.0,72.882,,,,7.6642,0.6588,65.1,100.0
TTO,Trinidad and Tobago,2016,23624322192.6274,-7.5364,17449.1539,3.0707,9.5033,3.207,676403.0,1353895.0,72.935,,,,-3.2864,-0.0999,67.8,100.0
TTO,Trinidad and Tobago,2017,23830750900.6899,-4.8727,17566.1,1.8804,1.1143,3.389,673740.0,1356633.0,72.984,,,,5.9133,-1.9759,70.6,100.0
TTO,Trinidad and Tobago,2018,23883058083.2171,-0.9454,17571.4987,1.0186,7.9654,3.497,672830.0,1359193.0,72.658,,,,6.8075,-2.9317,72.7603,100.0
TTO,Trinidad and Tobago,2019,23477745791.6977,0.4677,17212.6129,1.0005,11.9274,3.523,671805.0,1363985.0,72.836,,,,4.3452,0.7836,74.9867,100.0
TTO,Trinidad and Tobago,2020,20888515184.2239,-8.7888,15283.6271,0.599,9.2902,4.206,651175.0,1366725.0,72.645,,,,-6.4936,5.0553,77.2813,100.0
TTO,Trinidad and Tobago,2021,24222963262.7213,-0.7167,17712.5674,2.0592,-8.1178,4.446,641986.0,1367558.0,71.111,,,,10.8546,-3.8591,84.3658,100.0
TTO,Trinidad and Tobago,2022,28341164301.126,0.8613,20750.5202,5.8284,-7.2779,4.383,651121.0,1365805.0,73.331,,,,10.1709,4.137,81.6976,100.0
TTO,Trinidad and Tobago,2023,25036993423.3664,1.4665,18308.4536,4.6293,23.5661,3.361,664410.0,1367510.0,73.49,,,,11.5487,-5.9849,81.9681,98.7
TTO,Trinidad and Tobago,2024,25633544529.4849,2.5092,18733.411,0.5269,7.6351,3.318,654403.0,1368333.0,73.617,,,,2.5181,-1.7678,82.1599,100.0
TTO,Trinidad and Tobago,2025,25942749718.4685,-0.7878,18967.2705,0.9945,,3.329,651715.0,1367764.0,,,,,4.8123,-3.0621,,
TUN,Tunisia,2000,21473528160.7782,4.71,2199.0447,2.9623,,14.94,3270136.0,9764935.0,72.604,82.6391,39.73,42.9091,-3.8256,3.496,2.7507,94.8
TUN,Tunisia,2001,22065832448.8623,3.7963,2235.7198,1.9833,,14.4,3319983.0,9869677.0,72.822,89.5522,42.8168,46.7354,-3.8089,2.0462,4.298,97.3
TUN,Tunisia,2002,23141616604.5242,1.3226,2320.7724,2.721,,14.55,3367629.0,9971515.0,73.07,85.3422,40.7848,44.5573,-3.2239,3.4151,5.2529,97.8
TUN,Tunisia,2003,27453902261.4629,4.7024,2725.8643,2.7126,,14.51,3412860.0,10071632.0,73.304,82.3903,39.4836,42.9068,-2.6608,1.965,6.4908,98.4
TUN,Tunisia,2004,31183885241.4396,6.2358,3067.4194,3.6323,,14.23,3455889.0,10166163.0,73.519,86.9253,42.1981,44.7273,-1.4166,1.8989,8.5288,99.0
TUN,Tunisia,2005,32272186694.8043,3.4865,3146.8261,2.0178,,12.872,3495960.0,10255472.0,73.712,90.2512,44.9323,45.319,-0.9274,2.2084,9.6551,99.2
TUN,Tunisia,2006,34376664600.5898,5.2441,3322.5693,3.2253,,12.51,3585831.0,10346410.0,73.888,93.9409,46.0285,47.9124,-1.8017,9.4247,12.9864,99.4
TUN,Tunisia,2007,38915353866.757,6.7095,3726.9167,2.9669,,12.365,3653322.0,10441702.0,74.039,104.0594,51.0782,52.9812,-2.3562,3.894,17.1,99.4
TUN,Tunisia,2008,44859439902.2191,4.2378,4255.0501,4.345,,12.444,3722463.0,10542635.0,74.192,114.3437,55.6528,58.6908,-3.8147,5.7974,27.53,99.4
TUN,Tunisia,2009,43455740497.3061,3.0435,4080.0903,3.6649,,13.29,3800334.0,10650681.0,74.32,93.0169,45.0398,47.9771,-2.8391,3.5099,34.07,99.5
TUN,Tunisia,2010,46206091937.9628,2.9711,4291.8612,3.339,,13.049,3870527.0,10765980.0,74.438,100.151,47.9597,52.1913,-4.5545,2.8881,36.8,99.5
TUN,Tunisia,2011,48123325825.0739,-2.0466,4420.6477,3.24,,18.334,3932836.0,10886035.0,74.471,100.1064,46.0547,54.0517,-7.0356,0.8991,39.1,99.5
TUN,Tunisia,2012,47311401812.6733,4.2167,4297.2678,4.6118,,17.63,4026524.0,11009647.0,74.599,101.5507,45.9128,55.6379,-7.8657,3.2852,41.4416,99.5
TUN,Tunisia,2013,48685446413.953,2.4299,4369.7935,5.3162,,15.934,4026064.0,11141361.0,74.674,98.955,44.8897,54.0653,-7.9668,2.1744,43.8,99.7
TUN,Tunisia,2014,50271812920.612,3.0903,4458.979,4.6256,,14.259,4050207.0,11274288.0,74.784,96.1071,42.9475,53.1596,-8.8779,2.0384,46.16,99.8
TUN,Tunisia,2015,45779494041.9295,0.9678,4014.9477,4.4374,,15.159,4077612.0,11402264.0,74.875,87.2485,38.3998,48.8487,-8.5709,2.12,46.5,99.9
TUN,Tunisia,2016,44360072680.4476,1.1172,3847.8035,3.6294,,15.557,4133705.0,11528674.0,75.007,87.0927,38.2953,48.7974,-8.5289,1.4034,49.6,100.0
TUN,Tunisia,2017,42163530590.9462,2.2526,3619.0325,5.3088,,15.33,4149640.0,11650498.0,75.177,95.8092,41.7208,54.0884,-10.0144,1.9233,55.5002,100.0
TUN,Tunisia,2018,42686504459.801,2.607,3628.1037,7.3076,,15.459,4284730.0,11765514.0,75.37,103.8718,45.4857,58.3861,-10.7946,2.3225,64.1908,99.8
TUN,Tunisia,2019,41905642418.825,1.5501,3528.8721,6.7201,,17.153,4418079.0,11875081.0,75.599,102.3326,45.9503,56.3823,-8.0491,1.9449,66.7,100.0
TUN,Tunisia,2020,42491780918.361,-8.9751,3548.6536,5.6342,,17.651,4082144.0,11974057.0,75.004,84.3333,37.9918,46.3415,-6.0123,1.4663,68.5564,99.9
TUN,Tunisia,2021,47073234359.1819,4.736,3906.9393,5.7064,,16.632,4089131.0,12048622.0,72.893,93.6334,41.7802,51.8532,-5.8846,1.1629,68.3155,99.9
TUN,Tunisia,2022,44929920092.7955,2.7523,3707.2928,8.3065,,15.3,4232595.0,12119334.0,76.05,116.0958,51.3259,64.7699,-8.8343,1.4316,,100.0
TUN,Tunisia,2023,48205328303.3398,0.184,3951.1168,9.329,,15.106,4220581.0,12200431.0,76.508,112.1289,53.0394,59.0895,-2.3037,1.4635,,100.0
TUN,Tunisia,2024,51412122479.8468,1.6144,4187.6408,7.2066,,15.341,4241942.0,12277109.0,76.711,106.2985,50.0017,56.2969,-1.508,1.4775,76.5,100.0
TUN,Tunisia,2025,57502836548.0878,2.4931,4656.6382,5.151,,15.108,4268286.0,12348573.0,,101.4462,46.6517,54.7945,,,,
TUR,Turkiye,2000,274748463178.502,6.9853,4199.3799,54.9154,,6.495,22804910.0,65425961.0,71.931,42.3747,19.9334,22.4413,-3.6106,0.3574,3.7617,99.9
TUR,Turkiye,2001,202195080239.036,-5.4594,3052.2257,54.4002,,8.381,23207086.0,66245128.0,72.271,49.9448,27.2971,22.6477,1.8596,1.6578,5.1895,99.9
TUR,Turkiye,2002,240778008473.845,6.4355,3591.0863,44.9641,,10.358,23537756.0,67048795.0,72.605,48.1026,25.2651,22.8375,-0.26,0.4494,11.38,99.8
TUR,Turkiye,2003,315392899922.379,5.7991,4649.6367,21.6024,,10.542,23365651.0,67831730.0,72.906,46.3682,23.1947,23.1735,-2.3951,0.5396,12.33,99.8
TUR,Turkiye,2004,410156784495.948,9.9254,5979.6054,8.5983,,10.838,22775376.0,68592617.0,73.223,48.9935,23.8544,25.139,-3.4616,0.679,14.58,99.7
TUR,Turkiye,2005,508314210212.544,9.1116,7331.8543,8.1792,,10.636,23212611.0,69329557.0,73.51,46.3088,22.1188,24.19,-4.1274,1.9734,15.46,99.7
TUR,Turkiye,2006,559668118237.002,7.0676,7990.0825,9.5972,,10.227,23497202.0,70045349.0,73.804,48.9457,22.6757,26.27,-5.5679,3.6066,18.24,99.7
TUR,Turkiye,2007,685228481017.03,5.1082,9766.9173,8.7562,,10.285,23635212.0,70158112.0,74.129,48.0275,22.1876,25.8399,-5.3918,3.2175,28.63,99.7
TUR,Turkiye,2008,775415944332.866,0.9201,10913.4079,10.4441,,10.965,24405474.0,71051678.0,74.38,50.7613,23.9214,26.8399,-5.0845,2.56,34.37,99.7
TUR,Turkiye,2009,653894449921.288,-4.8827,9076.9247,6.251,,14.026,25413653.0,72039206.0,74.679,47.0391,23.7579,23.2813,-1.737,1.3129,36.4,99.7
TUR,Turkiye,2010,782545664268.333,8.5422,10698.9699,8.5664,,11.879,26452690.0,73142150.0,74.964,46.9433,21.5899,25.3534,-5.7025,1.1627,39.82,100.0
TUR,Turkiye,2011,844192507380.795,10.98,11373.6356,6.4719,,9.789,27575358.0,74223629.0,74.823,53.6516,23.4904,30.1612,-8.8135,1.9169,43.0657,100.0
TUR,Turkiye,2012,885327622479.052,4.8076,11776.7593,8.8916,,9.21,28126488.0,75175827.0,75.552,53.3278,24.9658,28.3619,-4.721,1.5524,45.13,100.0
TUR,Turkiye,2013,962167643588.925,8.4883,12635.557,7.4931,,9.713,29149709.0,76147624.0,76.171,53.0684,24.4033,28.6651,-5.1269,1.4096,46.25,100.0
TUR,Turkiye,2014,942343431928.654,4.6008,12209.3862,8.8546,,9.901,29521920.0,77181884.0,76.452,54.3068,25.8173,28.4894,-3.4075,1.4153,51.0374,100.0
TUR,Turkiye,2015,865460050683.656,5.8056,11064.6495,7.6709,,10.304,30550902.0,78218479.0,76.539,51.8749,25.2808,26.5941,-2.4674,2.2258,53.745,100.0
TUR,Turkiye,2016,870818016909.84,3.3237,10984.3643,7.7751,,10.899,31514194.0,79277962.0,76.595,48.8702,23.6322,25.238,-2.5453,1.5887,58.3477,100.0
TUR,Turkiye,2017,863874522365.276,7.8259,10756.3878,11.1443,,10.919,32535361.0,80312698.0,77.037,56.1357,26.5395,29.5962,-4.0678,1.2953,64.6846,100.0
TUR,Turkiye,2018,788356985773.667,3.4682,9684.1182,16.3325,,10.956,33302540.0,81407204.0,77.454,62.8251,31.7279,31.0973,-1.8523,1.5792,71.0428,100.0
TUR,Turkiye,2019,775853144222.613,1.3016,9395.2338,15.1768,,13.73,33686201.0,82579440.0,77.737,62.5785,33.0299,29.5486,1.9352,1.2254,73.9767,100.0
TUR,Turkiye,2020,733628247119.077,1.8031,8798.1179,12.279,,13.148,31770146.0,83384680.0,76.525,60.3899,28.74,31.6498,-4.2228,1.0253,77.6696,100.0
TUR,Turkiye,2021,839938668172.134,11.8111,9981.764,19.5965,,11.969,33490693.0,84147318.0,75.722,69.6089,35.0536,34.5553,-0.7406,1.5089,81.4084,100.0
TUR,Turkiye,2022,926097476913.818,5.4412,10897.8398,72.3088,,10.465,35081594.0,84979913.0,77.591,79.8983,38.1412,41.7571,-4.9976,1.4884,83.4372,100.0
TUR,Turkiye,2023,1141242864657.45,5.0451,13375.0947,53.8594,,9.388,35554975.0,85325965.0,77.156,65.6832,31.9136,33.7696,-3.6337,0.9338,85.9607,100.0
TUR,Turkiye,2024,1359123768774.12,3.3276,15892.7157,58.5065,,8.8,36409307.0,85518661.0,77.421,54.5988,27.5682,27.0306,-0.766,0.8607,87.3079,100.0
TUR,Turkiye,2025,1597293229287.0,3.6046,18599.4421,34.8812,,8.52,36882225.0,85878556.0,,49.9347,24.8498,25.0849,,,89.7702,
TUV,Tuvalu,2000,14881202.5786,-0.925,1559.2207,,,,,9544.0,63.536,,,,,,5.2416,94.6
TUV,Tuvalu,2001,14139705.251,0.6956,1475.0371,,,,,9586.0,63.709,,,,-55.2183,-0.0658,5.7,94.8
TUV,Tuvalu,2002,16639799.8873,8.3173,1729.1697,,,,,9623.0,63.825,,,,0.1502,-0.0588,6.3,94.6
TUV,Tuvalu,2003,19584879.5718,-4.3508,2020.101,,,,,9695.0,63.897,,,,-32.1133,-0.056,6.9,95.1
TUV,Tuvalu,2004,22878877.913,-1.8881,2330.774,,,,,9816.0,63.989,,,,-30.8619,-0.0511,7.6,95.3
TUV,Tuvalu,2005,22846519.1722,-3.7466,2298.4426,,,,,9940.0,64.096,,,,-18.724,-0.05,8.3,95.5
TUV,Tuvalu,2006,24274966.4338,1.301,2413.9784,,,,,10056.0,64.247,,,,26.9795,-0.0436,9.1,95.7
TUV,Tuvalu,2007,28547819.713,6.9055,2803.7537,,,,,10182.0,64.402,,,,-15.2874,-0.0387,10.0,96.7
TUV,Tuvalu,2008,31602915.0009,6.5792,3062.0013,,,,,10321.0,64.516,,,,-11.7349,5.3406,11.2,96.2
TUV,Tuvalu,2009,27851666.174,-5.6199,2662.4287,,,,,10461.0,64.693,,,,-60.7029,6.2871,12.8,96.5
TUV,Tuvalu,2010,32425361.805,-2.4683,3054.9615,,,,,10614.0,64.834,,,,-43.2185,1.4039,14.6,96.7
TUV,Tuvalu,2011,39665361.1329,7.5201,3679.5326,0.5006,,,,10780.0,64.96,,,,-60.1589,-0.3002,16.5,97.0
TUV,Tuvalu,2012,38912985.1802,-2.8528,3558.8975,,,,,10934.0,65.079,,,,16.5199,3.4051,18.7,97.7
TUV,Tuvalu,2013,38767554.5425,3.805,3524.0028,,,,,11001.0,65.171,,,,2.8351,0.8693,21.2,97.6
TUV,Tuvalu,2014,38643167.2951,1.6672,3518.1325,,,,,10984.0,65.278,,,,-0.4814,0.7763,24.1,97.9
TUV,Tuvalu,2015,36755290.7767,9.379,3352.6672,,,,,10963.0,65.365,,,,-33.6509,0.8162,27.3,98.1
TUV,Tuvalu,2016,41306141.6251,4.7765,3779.1529,,,,,10930.0,65.51,,,,29.8764,0.7263,31.0,97.3
TUV,Tuvalu,2017,45288858.1637,3.268,4166.7916,,,,,10869.0,65.683,,,,2.0723,0.6624,35.2,98.7
TUV,Tuvalu,2018,48026990.1943,1.3867,4467.2114,,,,,10751.0,65.871,,,,60.9075,0.6223,,99.0
TUV,Tuvalu,2019,53527720.0598,13.4465,5058.8527,,,,,10581.0,66.109,,,,-22.421,0.5583,,99.7
TUV,Tuvalu,2020,52302514.994,-3.0303,5029.5716,,,,,10399.0,66.357,,,,16.1759,0.1912,,99.4
TUV,Tuvalu,2021,61597447.1614,0.0,6042.5198,,,,,10194.0,65.824,,,,28.2644,0.3238,,99.7
TUV,Tuvalu,2022,54104146.3198,-10.9375,5414.7464,,,,,9992.0,66.852,,,,-0.2715,0.3686,,100.0
TUV,Tuvalu,2023,50491930.9244,3.5088,5143.8397,,,,,9816.0,67.105,,,,40.0273,0.3293,,100.0
TUV,Tuvalu,2024,56752265.8012,3.3898,5883.5026,,,,,9646.0,67.259,,,,,0.4547,,100.0
TUV,Tuvalu,2025,57345434.7235,1.6393,6041.4491,,,,,9492.0,,,,,,,,
TZA,Tanzania,2000,13371767081.7428,4.5208,401.6982,5.924,12.3625,3.129,16421275.0,34260139.0,53.244,23.9891,10.8128,13.1763,-3.203,3.4655,0.1172,8.7
TZA,Tanzania,2001,13563990022.3641,6.0708,396.6387,5.1475,14.541,2.994,16876892.0,35198299.0,54.124,28.0301,13.837,14.1931,-4.1558,4.0495,0.1713,9.7
TZA,Tanzania,2002,14129651895.6911,7.0932,402.649,5.3178,8.547,3.023,17384896.0,36121304.0,54.94,27.4992,14.2816,13.2176,-0.324,2.7996,0.2225,10.7
TZA,Tanzania,2003,15211487708.7684,6.6728,422.1836,5.3036,5.6247,3.053,17913256.0,37089555.0,55.929,30.4488,15.0931,15.3557,-1.1452,2.0932,0.677,11.1
TZA,Tanzania,2004,16673062473.3981,7.5038,450.3853,4.7358,6.7873,3.105,18459197.0,38109668.0,56.836,33.6098,16.0456,17.5642,-2.8992,2.6542,0.8776,11.4
TZA,Tanzania,2005,18395383647.4975,7.4763,483.3349,5.0346,8.29,3.193,19021824.0,39182076.0,57.675,36.9593,16.9834,19.9759,-5.9393,5.0856,1.1,13.8
TZA,Tanzania,2006,18619859795.2852,6.5322,475.7467,7.251,9.6124,3.299,19602335.0,40294902.0,58.512,42.7682,18.415,24.3532,-5.9187,2.1646,1.3,14.9
TZA,Tanzania,2007,21860434823.4808,6.7685,543.1983,7.0255,6.3896,3.023,20013223.0,41435512.0,59.26,48.0584,19.8306,28.2278,-7.844,2.6601,1.6,15.9
TZA,Tanzania,2008,27947821397.9272,5.6864,675.9772,10.2784,-1.2018,2.775,20409553.0,42570728.0,59.896,49.0265,19.4646,29.5619,-9.2211,4.9494,1.9,11.5
TZA,Tanzania,2009,29400573553.6075,5.2691,693.8235,12.1422,5.4922,2.5,20740296.0,43633982.0,60.494,43.5326,18.1943,25.3383,-6.1561,3.2402,2.4,11.2
TZA,Tanzania,2010,32012892919.37,6.3365,736.5302,6.2002,4.6747,3.03,21118881.0,44758488.0,61.127,47.6404,19.6075,28.0329,-6.9059,5.664,2.9,14.8
TZA,Tanzania,2011,34657140096.4836,7.6722,775.3928,12.691,2.4643,3.47,21614611.0,46029367.0,61.618,56.1661,21.6343,34.5318,-12.6408,3.5472,3.2,14.2
TZA,Tanzania,2012,39650394362.9287,4.5002,861.9699,16.0011,4.5914,3.223,22152965.0,47374260.0,62.286,54.3689,22.3721,31.9968,-9.4938,4.5388,3.95,15.3
TZA,Tanzania,2013,45648857242.315,6.7816,963.0571,7.8707,5.6486,2.93,22738784.0,48824128.0,62.788,48.6316,19.0128,29.6188,-10.9268,4.5724,4.4,16.4
TZA,Tanzania,2014,49986726460.6805,6.7325,1022.7484,6.1316,9.6557,2.125,23349936.0,50351512.0,63.364,45.356,18.0692,27.2868,-9.9757,2.8329,7.0,23.5
TZA,Tanzania,2015,47413919817.124,6.1606,939.1273,5.5882,7.9129,2.009,24221886.0,52020962.0,63.928,40.7577,17.1049,23.6528,-5.5224,3.1763,10.0,26.2
TZA,Tanzania,2016,49774409374.4538,6.8671,953.0107,5.1748,7.8963,1.931,25187717.0,53824013.0,64.404,35.4205,16.35,19.0705,-2.446,1.7359,13.5042,32.8
TZA,Tanzania,2017,53274884532.7886,6.7273,986.674,5.3187,14.7094,1.854,26154191.0,55652890.0,64.963,33.1126,15.6635,17.4491,-2.7732,1.7601,14.4634,32.1
TZA,Tanzania,2018,57003712892.0858,5.5027,1023.1063,3.4945,13.986,1.792,27078758.0,57437145.0,65.488,32.6426,14.7391,17.9035,-4.0502,1.7044,15.4907,34.9
TZA,Tanzania,2019,61026731925.9213,5.8,1063.3225,3.4643,14.3629,1.735,27975993.0,59174891.0,66.007,33.0186,16.0367,16.9818,-2.1961,1.9946,16.5909,37.7
TZA,Tanzania,2020,66068737786.0639,1.992,1117.4153,3.2903,9.6375,1.792,28601375.0,60972798.0,66.771,27.963,13.5039,14.4591,-2.2076,1.4285,19.4814,39.9
TZA,Tanzania,2021,70655628147.8986,4.3214,1159.8566,3.6909,,1.876,29917681.0,62830412.0,66.131,29.9152,14.12,15.7952,-3.3604,1.6849,22.8754,42.7
TZA,Tanzania,2022,75749121846.9703,4.566,1207.5206,4.3503,,1.573,30944597.0,64711821.0,66.879,35.0035,15.4137,19.5897,-7.2373,1.8978,26.8606,45.8
TZA,Tanzania,2023,79030935638.1317,5.0695,1224.0022,3.7992,,1.565,31961730.0,66617606.0,66.995,38.212,17.1954,21.0166,-3.7461,2.0864,28.4319,48.3
TZA,Tanzania,2024,79235713444.9777,5.5263,1192.6067,3.0569,,1.557,32994873.0,68560157.0,67.212,41.3081,19.7325,21.5756,-3.0034,2.1677,31.1621,52.4
TZA,Tanzania,2025,90143496090.4411,5.8529,1318.8192,3.327,,1.572,34052654.0,70545865.0,,38.9716,18.9847,19.9869,,,,
UGA,Uganda,2000,6193246837.0969,3.1419,258.0503,3.392,10.6216,3.531,8905138.0,24000150.0,49.64,32.749,10.6514,22.0976,-5.7934,2.5948,0.1637,7.4
UGA,Uganda,2001,5840503868.5157,5.1837,236.0212,1.8651,17.3345,3.522,9169767.0,24745676.0,50.576,35.33,11.5181,23.8119,-5.2321,2.5939,0.2379,8.6
UGA,Uganda,2002,6178563591.1205,8.7327,241.9847,-0.2875,22.9956,3.5,9453754.0,25532870.0,51.443,36.2778,11.2133,25.0645,-2.4601,2.9885,0.3841,7.8
UGA,Uganda,2003,6606884275.2309,6.4733,250.7154,8.6805,10.329,3.6,9755443.0,26352124.0,52.414,36.5857,11.3867,25.199,-0.5818,3.0603,0.4648,10.5
UGA,Uganda,2004,7939487547.7738,6.8072,292.3819,3.7213,4.3392,2.699,10044159.0,27154515.0,53.699,35.4601,12.6969,22.7632,-0.0211,3.7209,0.72,11.6
UGA,Uganda,2005,9239221763.0579,6.3326,330.4054,8.4487,21.7656,1.9,10334763.0,27963289.0,54.926,38.9943,14.1797,24.8146,0.5795,4.1108,1.7422,8.9
UGA,Uganda,2006,9977647682.9695,10.7847,346.5183,7.3107,15.909,2.264,10633845.0,28794003.0,56.118,43.6333,15.2754,28.3579,-3.189,6.4571,2.5294,9.0
UGA,Uganda,2007,11902564494.8833,8.4124,401.3891,6.1385,10.9806,2.667,10950905.0,29653430.0,57.248,46.7774,16.7251,30.0523,-4.7288,6.6566,3.672,14.8
UGA,Uganda,2008,14440404132.2047,8.7088,472.8427,12.0509,13.243,3.035,11284786.0,30539553.0,58.253,56.2583,24.2801,31.9781,-8.4751,5.0474,3.88,15.9
UGA,Uganda,2009,25127805566.6584,6.8015,798.9471,13.0173,-34.7434,3.6,11635163.0,31451151.0,59.157,47.0639,18.6136,28.4503,-4.1708,3.3492,4.1,10.0
UGA,Uganda,2010,26673441430.7857,5.6376,823.4881,3.9766,13.7612,3.623,12002316.0,32390802.0,59.959,38.2692,13.8245,24.4448,-6.0351,2.039,4.3,12.1
UGA,Uganda,2011,27871725241.4723,9.3917,835.6201,16.5643,11.3735,3.523,13558282.0,33354543.0,60.791,39.7552,12.8557,26.8995,-7.4888,3.2086,4.6,14.6
UGA,Uganda,2012,27305915910.7877,3.8375,795.2229,12.679,21.4881,3.551,12226045.0,34337438.0,61.579,43.5021,15.4917,28.0104,-6.0631,4.4144,4.8,20.5
UGA,Uganda,2013,28915786516.6123,3.5869,818.2854,4.9052,19.0146,1.91,15284266.0,35337042.0,62.353,43.1092,16.513,26.5961,-6.0572,3.7903,5.1,13.9
UGA,Uganda,2014,32612397257.4458,5.1063,896.0548,3.0757,15.6774,2.357,14471843.0,36395539.0,63.057,36.0144,14.9482,21.0662,-6.6416,3.2459,5.4,20.4
UGA,Uganda,2015,32387183730.1002,5.1879,862.9346,5.5897,16.5547,2.681,14730557.0,37531446.0,63.831,37.6893,12.8773,24.812,-5.1603,2.2776,5.7,18.5
UGA,Uganda,2016,29203988696.2626,4.781,752.6966,5.7064,18.2334,3.002,15021481.0,38799152.0,64.494,31.2094,12.4272,18.7822,-2.8539,2.1425,5.9,26.7
UGA,Uganda,2017,30744473841.424,3.1314,765.2183,5.2097,15.8908,3.428,15308568.0,40177388.0,65.174,36.8371,16.6611,20.1759,-4.8828,2.6109,7.4179,32.4
UGA,Uganda,2018,32927025619.6795,6.3039,792.1657,2.616,14.7479,3.249,16685865.0,41565831.0,65.775,36.6384,15.0871,21.5514,-6.3298,3.2051,9.3263,41.9
UGA,Uganda,2019,35353061003.4359,6.4387,822.1712,2.8676,,3.057,18014065.0,42999637.0,66.354,39.3611,17.1091,22.252,-7.4442,3.6857,11.7258,41.3
UGA,Uganda,2020,37600368241.6657,2.9513,845.7665,3.3133,,3.819,18996710.0,44457152.0,66.41,37.0007,15.4148,21.5859,-9.5696,3.1688,7.4,42.1
UGA,Uganda,2021,40529788748.6737,3.5366,882.7917,2.2046,,3.416,20121421.0,45910930.0,66.45,41.7136,15.781,25.9326,-8.8945,4.0667,10.0,45.2
UGA,Uganda,2022,45565333210.9108,4.588,963.0673,7.1958,,2.885,21087767.0,47312719.0,67.675,34.5053,12.022,22.4833,-8.919,6.4807,9.6369,47.1
UGA,Uganda,2023,48768955863.3175,5.337,1002.3091,5.3509,,2.754,21821722.0,48656601.0,68.252,33.3417,11.6017,21.74,-7.4328,6.1382,9.287,51.5
UGA,Uganda,2024,53911907079.0485,6.0556,1077.9128,3.3234,,2.74,22581703.0,50015092.0,68.487,42.6528,16.7576,25.8952,-7.7752,6.0417,8.9498,55.3
UGA,Uganda,2025,61985829288.1496,6.3318,1206.3045,3.5808,,2.746,23393999.0,51384894.0,,50.199,21.4396,28.7594,,,,
UKR,Ukraine,2000,32375083934.8241,5.9,653.2943,28.2031,11.0015,11.707,23286247.0,49556660.0,67.786,115.7357,60.2971,55.4387,4.1452,1.8378,0.7162,99.1
UKR,Ukraine,2001,39309580983.2282,8.8,800.4907,11.9588,20.0335,11.061,23187781.0,49106855.0,67.675,99.9261,50.649,49.2771,3.3681,2.0148,1.2388,99.2
UKR,Ukraine,2002,43956163612.0433,5.3396,903.0119,0.7574,19.0926,10.136,23106162.0,48677281.0,67.699,95.9947,50.1187,45.8759,7.2345,1.5766,1.8739,99.3
UKR,Ukraine,2003,52010355753.0461,9.5166,1076.4816,5.1797,8.9961,9.057,23020786.0,48315136.0,67.638,102.5902,52.5431,50.0471,5.5777,2.7379,3.1481,99.3
UKR,Ukraine,2004,67220154164.3166,11.7954,1401.0181,9.0481,1.8129,8.59,22913408.0,47979507.0,67.472,109.9817,58.6968,51.2849,10.2811,2.5513,3.4895,99.4
UKR,Ukraine,2005,89238865118.5263,3.0712,1875.3351,13.5696,-6.3837,7.18,22748573.0,47585556.0,67.517,94.6476,47.7297,46.9178,2.8396,8.7496,3.7498,99.9
UKR,Ukraine,2006,111884752475.248,7.5714,2366.4941,9.0525,0.2757,6.81,22601904.0,47278694.0,67.49,89.1811,43.2186,45.9624,-1.447,5.0087,4.5061,99.5
UKR,Ukraine,2007,148733861386.139,8.2158,3160.3276,12.8388,-7.2802,6.351,22737531.0,47062798.0,67.715,88.0466,41.2899,46.7566,-3.5305,6.8532,6.55,99.8
UKR,Ukraine,2008,188110390659.515,2.2435,4017.8066,25.2265,-8.9347,6.363,22645052.0,46819175.0,68.262,94.1719,43.2599,50.912,-6.7944,5.6881,11.0,99.8
UKR,Ukraine,2009,121552153444.124,-15.1365,2607.0876,15.8812,7.3101,8.84,22544725.0,46623731.0,69.159,87.4762,42.9288,44.5473,-1.4282,3.9234,17.9,99.9
UKR,Ukraine,2010,141209170427.233,4.092,3039.6323,9.3729,1.9311,8.1,22447916.0,46456003.0,70.188,95.7297,46.4565,49.2732,-2.1358,4.5684,23.3,100.0
UKR,Ukraine,2011,169333835201.554,5.4453,3656.698,7.9557,1.5461,7.851,22352316.0,46307853.0,70.711,104.8051,49.4062,55.3989,-6.0431,4.2561,28.7083,100.0
UKR,Ukraine,2012,182591753827.949,0.1523,3951.3423,0.5687,9.6401,7.529,22263021.0,46210056.0,71.09,102.6228,47.3828,55.24,-7.8508,4.4772,35.27,99.9
UKR,Ukraine,2013,190498811460.028,0.0454,4129.897,-0.2389,11.8306,7.17,22165599.0,46126770.0,71.474,94.0017,42.8974,51.1043,-8.6709,2.3669,40.9541,100.0
UKR,Ukraine,2014,133503871861.723,-10.0789,3054.9082,12.0719,1.5671,9.27,22030438.0,45972380.0,71.803,100.6918,48.593,52.0988,-3.4426,0.6344,46.236,100.0
UKR,Ukraine,2015,91030967789.0717,-9.773,2094.4739,48.6999,-12.2829,9.14,21887026.0,45784896.0,72.686,107.8066,52.5977,55.2089,5.5311,-0.2175,48.8846,100.0
UKR,Ukraine,2016,93355869403.9223,2.441,2158.4612,13.9127,1.8276,9.35,21762800.0,45616832.0,73.389,105.5212,49.2986,56.2226,-1.9988,4.4218,53.001,100.0
UKR,Ukraine,2017,112090505081.739,2.36,2604.2876,14.4383,-4.6805,9.5,21646057.0,45436041.0,73.993,104.035,48.1249,55.9101,-3.0984,3.2831,58.8895,100.0
UKR,Ukraine,2018,130891088293.55,3.4884,3059.0518,10.9519,3.1251,8.799,21532531.0,45208907.0,73.569,99.1998,45.2352,53.9646,-4.914,3.8009,62.5532,100.0
UKR,Ukraine,2019,153883047509.577,3.1995,3619.8616,7.8867,10.6937,8.194,21427188.0,44957458.0,73.92,90.5112,41.2317,49.2795,-2.68,3.7665,70.1248,100.0
UKR,Ukraine,2020,156617722013.342,-3.7528,3709.7693,2.7325,3.6243,9.475,20851194.0,44680014.0,73.283,79.1565,38.8216,40.3348,2.7123,0.1941,75.0379,100.0
UKR,Ukraine,2021,199765859570.935,3.4456,4775.9458,9.3631,-9.2245,9.834,20538715.0,44298640.0,71.631,82.698,40.6883,42.0096,-2.7317,3.9817,79.2183,100.0
UKR,Ukraine,2022,161989520721.19,-28.7586,4199.6709,20.1836,-12.086,,,41048766.0,72.658,87.3965,35.4451,51.9514,4.5225,0.1364,80.4743,100.0
UKR,Ukraine,2023,181221517868.744,5.5347,5139.5981,12.849,1.8664,,,37732836.0,73.422,77.5096,28.3005,49.2091,-5.1545,2.5229,81.5806,100.0
UKR,Ukraine,2024,190833835445.1,3.2481,5391.6226,6.502,6.8046,,,37860221.0,74.692,79.6885,29.672,50.0165,-7.9603,2.1055,82.4749,100.0
UKR,Ukraine,2025,214233312784.397,1.8215,5865.8848,12.7303,4.5655,,,38980376.0,,77.1803,25.3335,51.8467,,,,
URY,Uruguay,2000,22823270892.1094,-1.9299,6987.701,4.7638,42.4969,12.627,1486319.0,3266206.0,74.693,36.7137,16.6981,20.0156,-2.4813,1.1516,10.5391,97.6
URY,Uruguay,2001,20898761742.2386,-3.8441,6382.761,4.3593,43.2064,15.052,1526779.0,3274251.0,74.987,36.3095,16.8047,19.5049,-2.3811,1.4853,11.1214,97.7
URY,Uruguay,2002,13606515722.5864,-7.732,4149.7614,13.9725,93.9151,16.648,1492289.0,3278867.0,74.979,40.0291,20.6217,19.4074,2.8071,1.3218,11.4195,97.8
URY,Uruguay,2003,12045638351.8507,0.8053,3671.1233,19.3797,36.3813,16.661,1475293.0,3281186.0,75.086,51.7592,27.4324,24.3268,-0.7244,3.3433,15.9371,97.9
URY,Uruguay,2004,13686329890.1191,5.0042,4168.6607,9.1576,12.3283,12.98,1489512.0,3283148.0,75.319,61.4767,32.1123,29.3644,0.0228,2.5771,17.0631,98.0
URY,Uruguay,2005,17362857683.8545,7.4601,5284.2568,4.6993,12.8446,12.009,1495508.0,3285771.0,75.829,58.8777,30.404,28.4737,0.2435,4.7609,20.0882,98.0
URY,Uruguay,2006,19741420739.8901,4.0986,6001.3329,6.3976,1.7089,10.844,1563527.0,3289506.0,75.888,61.9716,30.2975,31.6741,-1.9851,7.6405,29.4,98.5
URY,Uruguay,2007,23797773024.3992,6.5415,7222.054,8.1146,-1.2467,9.403,1617437.0,3295153.0,76.15,59.2104,29.0905,30.12,-0.9264,5.7095,34.0,98.7
URY,Uruguay,2008,31119602538.8322,7.1761,9423.9656,7.8771,3.2554,8.025,1630866.0,3302177.0,76.275,65.2081,30.203,35.0051,-5.556,6.883,39.3,98.8
URY,Uruguay,2009,32708319077.5179,4.2435,9881.3957,7.0622,6.1388,7.74,1659322.0,3310091.0,76.67,53.3944,27.0992,26.2952,-1.1657,4.8996,41.8,99.1
URY,Uruguay,2010,41950361211.9581,7.8034,12641.0577,6.6987,4.3305,7.158,1657841.0,3318580.0,76.691,51.699,26.343,25.356,-1.7422,5.223,46.4,99.3
URY,Uruguay,2011,50342406067.0777,5.1621,15132.2676,8.0928,-0.0852,6.307,1712840.0,3326825.0,76.614,53.247,26.4221,26.8249,-2.6113,5.3436,51.4047,99.2
URY,Uruguay,2012,54232266358.7811,3.5382,16259.5941,8.0978,1.6326,6.451,1702318.0,3335401.0,76.691,55.0612,25.9196,29.1415,-3.7551,11.7902,54.4538,99.6
URY,Uruguay,2013,61337621933.7857,4.6375,18335.2595,8.5751,3.1512,6.444,1702341.0,3345337.0,76.953,49.7178,23.3531,26.3647,-3.2872,1.609,57.69,99.6
URY,Uruguay,2014,61496186973.902,3.2388,18322.4277,8.8774,4.8208,6.547,1739488.0,3356334.0,77.194,49.0876,23.5427,25.545,-2.9894,6.6431,61.4625,99.7
URY,Uruguay,2015,57680327998.6689,0.3707,17125.9017,8.6663,5.4487,7.488,1724536.0,3368017.0,77.285,45.3282,22.4779,22.8504,-0.255,4.6342,64.5708,99.7
URY,Uruguay,2016,57480787465.2716,1.6898,17009.7584,9.6394,7.4006,7.841,1725328.0,3379283.0,77.351,48.4705,26.9317,21.5389,0.8251,-0.8971,66.4,99.7
URY,Uruguay,2017,65006039809.739,1.7404,19184.6626,6.2181,7.7151,7.89,1721302.0,3388438.0,77.618,46.378,25.9312,20.4468,0.0113,4.1327,70.3224,99.8
URY,Uruguay,2018,65344577415.7535,0.1648,19249.9405,7.6065,4.3484,8.336,1718627.0,3394534.0,77.527,47.7913,26.4216,21.3698,-0.4598,2.6422,80.7268,99.8
URY,Uruguay,2019,62222324964.633,0.9284,18315.735,7.882,3.0491,8.836,1721844.0,3397206.0,77.503,49.7449,27.9054,21.8395,1.2908,2.357,83.3515,99.9
URY,Uruguay,2020,53559354501.4278,-7.3573,15757.5342,9.7564,0.4587,10.413,1665492.0,3398968.0,78.381,47.7318,26.1883,21.5436,-0.6413,1.8175,85.471,100.0
URY,Uruguay,2021,60739061281.1628,5.8443,17881.812,7.7479,-3.2621,9.328,1721005.0,3396695.0,75.434,58.3151,32.9446,25.3705,-2.4335,8.504,87.6444,100.0
URY,Uruguay,2022,71240669088.0587,4.6062,21009.2884,9.1044,4.6008,7.877,1733922.0,3390913.0,76.468,60.2027,32.8913,27.3113,-3.5174,12.3671,89.873,100.0
URY,Uruguay,2023,79208725899.5531,0.7617,23378.64,5.8691,7.5365,8.355,1779292.0,3388081.0,78.138,52.3273,27.9812,24.3461,-2.9541,-6.6256,90.9259,100.0
URY,Uruguay,2024,82322859144.2816,3.3258,24308.4955,4.8491,5.4926,8.209,1799101.0,3386588.0,78.287,51.4582,28.2349,23.2233,-0.7568,-4.782,91.9911,100.0
URY,Uruguay,2025,85347696277.6859,1.7847,25215.8238,4.6503,5.491,7.516,1806025.0,3384688.0,,49.7171,27.0714,22.6457,-0.4383,1.3101,,
USA,United States,2000,10250952000000.0,4.0776,36329.9703,3.3769,6.8138,3.992,147139887.0,282162411.0,76.6366,25.103,10.6928,14.4102,-3.9209,3.4058,43.0792,100.0
USA,United States,2001,10581929000000.0,0.9555,37133.6204,2.8262,4.5671,4.731,148213470.0,284968955.0,76.8366,22.9672,9.7034,13.2637,-3.7241,1.6301,49.0808,100.0
USA,United States,2002,10929108000000.0,1.7004,37997.7424,1.586,3.0732,5.783,149241895.0,287625193.0,76.9366,22.2864,9.1314,13.155,-4.1733,1.0161,58.7854,100.0
USA,United States,2003,11456450000000.0,2.7956,39490.3024,2.2701,2.1066,5.989,149992325.0,290107933.0,77.0366,22.6273,9.0357,13.5916,-4.559,1.0222,61.6971,100.0
USA,United States,2004,12217196000000.0,3.8478,41724.6412,2.6772,1.6077,5.529,151218126.0,292805298.0,77.4878,24.4481,9.6287,14.8193,-5.2049,1.7487,64.7583,100.0
USA,United States,2005,13039197000000.0,3.4835,44123.3996,3.3927,2.9609,5.084,153120588.0,295516599.0,77.4878,25.6386,9.9821,15.6565,-5.746,1.0917,67.9681,100.0
USA,United States,2006,13815583000000.0,2.7845,46301.9876,3.2259,4.7279,4.623,155267046.0,298379912.0,77.6878,26.9753,10.6414,16.3339,-5.911,2.1603,68.9312,100.0
USA,United States,2007,14474228000000.0,2.0039,48050.2274,2.8527,5.1999,4.622,156588966.0,301231207.0,77.9878,28.012,11.4638,16.5482,-5.0887,2.3947,75.0,100.0
USA,United States,2008,14769862000000.0,0.1136,48570.0594,3.8391,3.101,5.784,158272885.0,304093966.0,78.039,29.8678,12.4258,17.4419,-4.7159,2.3094,74.0,100.0
USA,United States,2009,14478067000000.0,-2.5765,47194.9501,-0.3555,2.6171,9.254,158353162.0,306771529.0,78.3902,24.7595,10.9322,13.8273,-2.6228,1.1126,71.0,100.0
USA,United States,2010,15048971000000.0,2.6952,48642.6312,1.64,2.0103,9.633,158330168.0,309378227.0,78.5415,28.2199,12.3414,15.8785,-2.8706,1.7545,71.69,100.0
USA,United States,2011,15599732000000.0,1.5644,50024.8812,3.1568,1.1629,8.949,158537150.0,311839461.0,78.6415,30.8425,13.5635,17.279,-2.9186,1.6891,69.7295,100.0
USA,United States,2012,16253970000000.0,2.2891,51708.3941,2.0693,1.3625,8.069,159682753.0,314339099.0,78.7415,30.6818,13.6441,17.0378,-2.5724,1.5402,74.7,100.0
USA,United States,2013,16880683000000.0,2.1178,53297.3863,1.4648,1.5222,7.375,160132463.0,316726282.0,78.7415,29.9413,13.5535,16.3878,-2.0109,1.7069,71.4,100.0
USA,United States,2014,17608138000000.0,2.5238,55153.394,1.6222,1.4826,6.168,160876331.0,319257560.0,78.8415,29.9066,13.5082,16.3984,-2.1012,1.4303,73.0,100.0
USA,United States,2015,18295019000000.0,2.9456,56849.4698,0.1186,2.3105,5.28,161927418.0,321815121.0,78.6902,27.6882,12.4111,15.2771,-2.2326,2.7955,74.5542,100.0
USA,United States,2016,18804913000000.0,1.8195,57976.6282,1.2616,2.5372,4.869,163886456.0,324353340.0,78.539,26.4526,11.8882,14.5644,-2.107,2.5227,85.5444,100.0
USA,United States,2017,19612102000000.0,2.4576,60047.7191,2.1301,2.2653,4.355,165597316.0,326608609.0,78.539,27.1253,12.1775,14.9479,-1.8744,1.9418,87.2749,100.0
USA,United States,2018,20656516000000.0,2.9665,62875.6661,2.4426,2.5547,3.896,167002008.0,328529577.0,78.639,27.4454,12.2871,15.1582,-2.1252,1.0395,88.4989,100.0
USA,United States,2019,21539982000000.0,2.5838,65227.9566,1.8122,3.5731,3.669,168920514.0,330226227.0,78.7878,26.2585,11.7892,14.4693,-2.0518,1.467,89.4303,100.0
USA,United States,2020,21375281000000.0,-2.0814,64465.2971,1.2336,2.1702,8.055,166565253.0,331578104.0,76.9805,23.1399,10.1231,13.0169,-2.7766,0.6412,90.3447,100.0
USA,United States,2021,23725645000000.0,6.152,71441.232,4.6979,-1.2557,5.349,167182400.0,332100166.0,76.3293,25.2327,10.8267,14.4061,-3.619,2.0145,91.2684,100.0
USA,United States,2022,26054614000000.0,2.5242,78008.6896,8.0028,,3.65,169483435.0,333996304.0,77.4341,26.9079,11.6541,15.2538,-3.8118,1.6001,92.7285,100.0
USA,United States,2023,27811517000000.0,2.9344,82586.7848,4.1163,,3.638,172274620.0,336755052.0,78.3854,24.9293,11.0507,13.8786,-3.3368,1.3014,93.5256,100.0
USA,United States,2024,29298013000000.0,2.7932,86169.6642,2.9495,,4.022,174166487.0,340003797.0,78.8902,25.016,10.9747,14.0413,-4.0456,1.0139,94.6938,100.0
USA,United States,2025,30769700000000.0,2.1614,90026.5163,,,4.198,174833917.0,341784857.0,,,,,-3.627,1.3017,,
UZB,Uzbekistan,2000,13760513969.314,3.835,555.1492,,,12.301,8934705.0,24787054.0,65.456,44.054,24.6627,19.3913,,0.5429,0.4843,99.6
UZB,Uzbekistan,2001,11401421329.1974,4.1638,454.4158,,,11.279,9139223.0,25090283.0,65.853,56.7763,29.6751,27.1012,,0.7262,0.5976,99.6
UZB,Uzbekistan,2002,9687788512.8018,3.9735,381.4093,,,10.256,9338915.0,25399980.0,66.376,58.9545,30.9204,28.0341,,0.674,1.0819,99.7
UZB,Uzbekistan,2003,10134453435.4603,4.2326,394.164,,,9.22,9530656.0,25711259.0,66.852,70.4593,38.2376,32.2217,,0.815,1.9126,99.5
UZB,Uzbekistan,2004,12030023547.8807,7.449,462.1715,,,8.152,9733524.0,26029350.0,67.203,76.5957,41.7899,34.8058,,1.468,2.5937,99.5
UZB,Uzbekistan,2005,14307509838.8053,6.95,542.8358,,,7.092,9926694.0,26356975.0,67.481,69.5253,37.809,31.7162,8.0215,1.4922,3.3435,99.4
UZB,Uzbekistan,2006,17330833852.919,7.4514,649.1182,,,6.035,10115555.0,26699043.0,67.905,67.4713,36.5137,30.9576,9.9828,1.1953,6.3883,99.5
UZB,Uzbekistan,2007,22311393927.8817,9.473,824.0282,,,4.99,10335312.0,27076008.0,68.483,74.4142,39.6709,34.7433,8.1083,2.9918,7.4906,99.5
UZB,Uzbekistan,2008,29549438883.8338,9.0292,1074.7293,,,4.89,10579619.0,27494774.0,69.035,79.748,41.1685,38.5795,10.7755,1.8544,9.0801,99.5
UZB,Uzbekistan,2009,33689223673.2577,8.0509,1205.7994,,,5.04,10930045.0,27939328.0,69.517,68.6731,34.6626,34.0105,5.2277,1.8199,11.9,99.5
UZB,Uzbekistan,2010,55544226552.8467,7.5972,1956.7813,,,5.36,11169651.0,28385506.0,69.836,44.1433,21.7681,22.3752,4.1024,2.9936,15.9,99.6
UZB,Uzbekistan,2011,67404618404.5392,8.1279,2338.5546,13.7797,,4.96,11443387.0,28823196.0,70.143,44.3314,21.1478,23.1836,4.1295,2.3961,18.6,99.7
UZB,Uzbekistan,2012,75318846931.3239,7.3568,2573.9559,13.2088,,4.87,11719212.0,29261903.0,70.411,39.657,17.2862,22.3709,1.6052,0.9881,23.6,99.7
UZB,Uzbekistan,2013,82674178351.6216,7.9218,2781.3887,11.8414,3.0565,4.86,11943472.0,29724065.0,70.692,37.5113,16.5045,21.0068,1.5915,0.8365,26.8,99.8
UZB,Uzbekistan,2014,91303765114.0144,7.7137,3021.0033,9.2831,2.5569,5.09,12175844.0,30222994.0,70.973,32.1925,14.2076,17.985,2.2737,0.8857,35.5,99.8
UZB,Uzbekistan,2015,97564568986.8161,7.9448,3172.899,8.7519,3.4279,5.15,12408130.0,30749346.0,71.33,27.1725,12.1686,15.0038,0.918,1.0672,42.8,99.9
UZB,Uzbekistan,2016,97871364319.3985,6.7111,3128.4231,8.1309,4.5838,5.16,12621150.0,31284568.0,71.58,25.6926,10.8545,14.8381,0.2179,1.6991,46.7913,99.9
UZB,Uzbekistan,2017,72276404057.649,4.7003,2271.473,13.8757,-5.1501,5.83,12801349.0,31819178.0,71.737,41.0443,17.8214,23.2229,2.0448,2.4881,48.7,100.0
UZB,Uzbekistan,2018,61318332402.7908,5.7237,1894.0909,17.5242,-5.26,5.392,12995383.0,32373490.0,71.999,61.3951,23.143,38.2521,-5.8599,1.0188,55.2,100.0
UZB,Uzbekistan,2019,70170662562.6111,6.7933,2128.6607,14.5257,5.3359,4.936,13189076.0,32964701.0,72.093,62.3004,24.3108,37.9896,-4.8043,3.3012,70.4,100.0
UZB,Uzbekistan,2020,70127127133.2164,1.6216,2087.9637,12.8677,9.3382,5.293,13101591.0,33586372.0,71.461,53.1071,20.7642,32.3429,-4.3177,2.4644,71.1,100.0
UZB,Uzbekistan,2021,81170051810.5825,8.2045,2370.3648,10.8492,7.5706,5.364,13396633.0,34243696.0,71.681,54.7478,20.302,34.4458,-6.0337,2.8093,76.5904,99.9
UZB,Uzbekistan,2022,94286355836.1594,6.0859,2698.6026,11.4466,6.7543,4.456,13993646.0,34938955.0,72.147,60.0484,22.233,37.8154,-3.0187,2.8184,83.9,100.0
UZB,Uzbekistan,2023,107526539716.318,6.316,3015.9771,9.9566,7.2301,4.434,14231376.0,35652307.0,72.388,63.1022,23.3152,39.787,-7.2513,2.0054,89.0136,100.0
UZB,Uzbekistan,2024,121356065241.228,6.6762,3337.4549,9.6283,7.9462,4.439,14455298.0,36361859.0,72.528,57.5295,21.567,35.9625,-4.716,2.4513,89.5055,100.0
UZB,Uzbekistan,2025,147038081129.405,7.6996,3968.272,8.7964,,4.622,14638807.0,37053428.0,,57.4005,22.036,35.3645,-3.9338,2.9913,,
VCT,St. Vincent and the Grenadines,2000,427946037.037,1.639,3768.9554,0.1677,3.4361,20.8,50373.0,113545.0,70.35,,,,-6.8802,12.6914,3.245,80.0
VCT,St. Vincent and the Grenadines,2001,462072333.3333,1.7482,4071.086,0.9009,5.1894,21.1,50779.0,113501.0,70.382,,,,-5.5324,3.8614,5.0948,82.4
VCT,St. Vincent and the Grenadines,2002,487763851.8519,5.3421,4303.2798,1.8555,11.3323,20.623,51390.0,113347.0,70.658,,,,-3.6477,5.3879,5.5496,82.4
VCT,St. Vincent and the Grenadines,2003,509090888.8889,6.6913,4499.6145,0.206,14.3171,19.985,52025.0,113141.0,70.43,,,,-8.4094,6.8513,6.4623,83.7
VCT,St. Vincent and the Grenadines,2004,549900185.1852,4.1147,4873.4895,2.96,5.7307,19.545,52547.0,112835.0,70.445,,,,-13.3113,15.1201,7.3712,84.9
VCT,St. Vincent and the Grenadines,2005,579948925.9259,2.4886,5157.3937,3.7334,6.492,19.461,52991.0,112450.0,70.454,,,,-14.033,6.8817,9.1983,86.2
VCT,St. Vincent and the Grenadines,2006,643501148.1481,6.9969,5744.8279,2.7407,5.8141,19.162,53462.0,112014.0,70.434,,,,-16.458,18.6437,12.0,87.5
VCT,St. Vincent and the Grenadines,2007,713596666.6667,3.323,6398.1912,7.2361,2.1301,18.934,53839.0,111531.0,70.446,,,,-21.3718,11.7816,16.0,88.8
VCT,St. Vincent and the Grenadines,2008,732663259.2593,0.4046,6598.9053,10.0662,7.1058,18.79,54133.0,111028.0,70.611,,,,-31.3887,21.451,21.0,90.1
VCT,St. Vincent and the Grenadines,2009,714300259.2593,-1.3782,6463.7878,0.4215,10.45,19.365,54347.0,110508.0,70.712,,,,-25.6758,15.3014,31.0,91.4
VCT,St. Vincent and the Grenadines,2010,720447888.8889,-4.4705,6551.9684,0.7471,3.4014,19.924,54437.0,109959.0,70.66,,,,-26.3255,13.3089,33.7,92.7
VCT,St. Vincent and the Grenadines,2011,713796370.3704,-0.6063,6527.69,3.186,9.4855,20.006,54477.0,109349.0,70.609,,,,-22.3323,11.8576,36.7,94.1
VCT,St. Vincent and the Grenadines,2012,730032592.5926,1.1691,6713.8077,2.5984,8.2317,19.833,54510.0,108736.0,70.539,,,,-25.3028,18.1986,40.0,95.4
VCT,St. Vincent and the Grenadines,2013,764781259.2593,2.4625,7072.4674,0.8051,7.0398,19.356,54562.0,108135.0,70.091,,,,-24.7267,20.0777,43.5,96.8
VCT,St. Vincent and the Grenadines,2014,770900000.0,1.1457,7168.8288,0.1939,9.5203,19.237,54577.0,107535.0,70.355,,,,-25.2077,16.1399,47.4,98.1
VCT,St. Vincent and the Grenadines,2015,786555555.5556,2.7851,7353.7356,-1.7336,10.1108,19.135,54603.0,106960.0,70.463,,,,-15.5813,15.7496,49.4,99.4
VCT,St. Vincent and the Grenadines,2016,814303703.7037,4.1497,7656.9004,-0.1496,9.773,19.029,54627.0,106349.0,70.7,,,,-13.0834,8.6607,51.5,99.7
VCT,St. Vincent and the Grenadines,2017,844040740.7407,1.5481,7988.0445,2.1533,6.5452,19.024,54592.0,105663.0,71.013,,,,-11.8947,19.5954,53.7,100.0
VCT,St. Vincent and the Grenadines,2018,884329629.6296,3.1756,8428.1268,2.3241,6.8314,19.005,54559.0,104926.0,71.017,,,,-10.3038,4.5241,56.0,100.0
VCT,St. Vincent and the Grenadines,2019,910481481.4815,0.6684,8740.5943,0.9131,5.9426,19.248,54464.0,104167.0,70.994,,,,-2.3882,7.5607,59.5763,100.0
VCT,St. Vincent and the Grenadines,2020,864566666.6667,-4.2689,8351.2032,-0.6281,8.8712,20.635,53554.0,103526.0,69.605,,,,-15.8942,7.5465,63.381,100.0
VCT,St. Vincent and the Grenadines,2021,888677777.7778,2.0934,8641.279,1.5727,6.922,20.356,53497.0,102841.0,69.132,,,,-23.2111,18.8916,68.8334,100.0
VCT,St. Vincent and the Grenadines,2022,989188888.8889,3.1108,9693.5587,5.6601,-0.5187,19.277,53833.0,102046.0,71.191,,,,-20.0994,6.5951,74.7548,100.0
VCT,St. Vincent and the Grenadines,2023,1072237037.037,5.3264,10582.3657,4.5646,4.1283,18.348,53876.0,101323.0,71.23,,,,-17.7792,6.8861,75.5368,100.0
VCT,St. Vincent and the Grenadines,2024,1157207407.4074,4.0618,11501.2265,3.6277,3.2626,18.093,53881.0,100616.0,71.382,,,,-16.6849,12.006,76.1901,100.0
VCT,St. Vincent and the Grenadines,2025,1255222222.2222,3.3922,12561.7692,0.8153,2.0474,18.003,53688.0,99924.0,,,,,-16.0707,8.8742,,
VEN,"Venezuela, RB",2000,117146466002.661,3.5354,4776.2817,,-3.4273,13.99,10357302.0,24526708.0,72.388,0.0,0.0,0.0,10.1181,4.0146,3.3596,98.9
VEN,"Venezuela, RB",2001,122911036746.729,3.4146,4920.3931,,13.4068,13.04,10637185.0,24979922.0,71.019,0.0,0.0,0.0,1.6134,3.0136,4.636,99.9
VEN,"Venezuela, RB",2002,92893587733.6549,-8.7264,3652.099,,2.8178,16.17,10767716.0,25435671.0,72.823,0.0,0.0,0.0,8.1803,0.8192,4.9104,99.8
VEN,"Venezuela, RB",2003,83620628582.1082,-7.7519,3229.5056,,-7.2153,16.78,10900540.0,25892703.0,72.056,0.0,0.0,0.0,14.1066,1.8811,7.5,95.7
VEN,"Venezuela, RB",2004,112451400424.964,18.2073,4269.0897,,-11.5984,15.07,11370905.0,26340838.0,72.752,0.0,0.0,0.0,13.8006,1.3241,8.4045,99.1
VEN,"Venezuela, RB",2005,145513489651.872,10.1896,5432.4854,,-9.9771,10.663,11741977.0,26785804.0,73.075,0.0,0.0,0.0,17.4877,1.6837,12.553,98.8
VEN,"Venezuela, RB",2006,183477522123.894,9.8925,6739.3807,,-2.0409,8.606,12114160.0,27224686.0,72.972,0.0,0.0,0.0,14.4225,0.1079,15.2247,99.3
VEN,"Venezuela, RB",2007,230364012575.687,8.8063,8331.621,,1.484,7.279,12288144.0,27649363.0,73.348,0.0,0.0,0.0,5.8447,1.8918,20.83,98.9
VEN,"Venezuela, RB",2008,315953388510.678,5.2158,11262.4514,,-6.0198,6.245,12512529.0,28053696.0,72.578,0.0,0.0,0.0,9.9056,0.6593,25.88,98.9
VEN,"Venezuela, RB",2009,329787628928.472,-3.0769,11596.6022,27.0809,11.3297,6.097,12701604.0,28438298.0,72.785,0.0,0.0,0.0,0.1301,-0.3448,32.7,99.0
VEN,"Venezuela, RB",2010,393192354510.653,-1.5873,13646.3047,28.1875,-18.9896,7.112,12898145.0,28813101.0,73.092,0.0,0.0,0.0,1.4204,0.4026,37.37,99.1
VEN,"Venezuela, RB",2011,316482190800.364,4.1219,10843.923,26.0902,-8.631,6.902,13082614.0,29185212.0,73.09,0.0,0.0,0.0,5.1636,1.85,40.22,98.8
VEN,"Venezuela, RB",2012,371846610182.327,5.6799,12582.0126,21.069,-3.4927,6.601,13203531.0,29553826.0,73.086,50.7514,29.5954,21.1561,0.6954,1.3409,49.0501,99.3
VEN,"Venezuela, RB",2013,258512396297.714,1.3029,8642.3738,40.6394,-16.7579,7.54,13325068.0,29912198.0,73.076,62.582,30.2459,32.3361,1.781,0.8297,54.9,99.4
VEN,"Venezuela, RB",2014,214838755021.964,-3.8585,7101.1501,62.1686,-42.8355,6.821,13437961.0,30254079.0,72.837,64.0956,43.4511,20.6445,2.2896,0.5283,57.0,100.0
VEN,"Venezuela, RB",2015,125249941853.534,-6.1873,4096.6199,121.7381,-49.1739,6.139,13538387.0,30573972.0,73.004,60.3774,40.7547,19.6226,-12.8152,2.3601,58.0,100.0
VEN,"Venezuela, RB",2016,112948035494.959,-17.1123,3671.23,254.9485,-70.4418,5.319,13570521.0,30765720.0,72.002,41.3928,31.1978,10.195,-3.4264,1.4051,60.0,99.4
VEN,"Venezuela, RB",2017,115892475742.789,-15.6989,3791.6326,,-89.472,5.045,13220939.0,30565323.0,71.903,42.6149,33.3333,9.2816,,-0.258,,99.2
VEN,"Venezuela, RB",2018,101987075928.918,-19.6429,3421.5134,,,5.468,12502649.0,29807592.0,72.641,54.6333,42.5471,12.0862,,0.6099,,99.9
VEN,"Venezuela, RB",2019,73014157107.594,-27.619,2523.1153,,,5.89,11487785.0,28938098.0,72.766,58.1288,47.1957,10.9331,,0.7725,49.0501,99.8
VEN,"Venezuela, RB",2020,42837965906.8675,-29.8246,1506.0417,,,7.53,9889854.0,28444077.0,72.369,26.0906,13.0054,13.0851,,3.5109,72.4411,99.9
VEN,"Venezuela, RB",2021,56615026262.6535,0.625,2004.9357,,,7.027,9968779.0,28237826.0,71.536,29.2264,15.3501,13.8763,,2.1425,74.1122,100.0
VEN,"Venezuela, RB",2022,89013251020.9831,8.0745,3155.0419,,,5.646,10509662.0,28213017.0,72.566,27.8981,16.3491,11.549,,2.6389,75.8218,100.0
VEN,"Venezuela, RB",2023,102377501185.925,4.023,3617.4704,,,5.407,10735039.0,28300854.0,72.514,28.0944,18.0664,10.0281,,0.0127,76.3319,100.0
VEN,"Venezuela, RB",2024,120566112397.063,5.5249,4244.4572,,,5.321,11010896.0,28405543.0,72.673,26.2374,16.735,9.5024,,1.3541,76.6789,100.0
VEN,"Venezuela, RB",2025,99661244155.6306,1.5707,3494.8139,,,5.307,11118416.0,28516896.0,,25.0115,14.9032,10.1084,,,,
VGB,British Virgin Islands,2000,,,,,,,,20241.0,74.753,,,,,,,97.1
VGB,British Virgin Islands,2001,,,,,,,,20796.0,74.831,,,,,,,97.2
VGB,British Virgin Islands,2002,,,,,,,,21430.0,74.971,,,,,,18.8857,97.3
VGB,British Virgin Islands,2003,,,,,,,,22134.0,75.183,,,,,,,97.4
VGB,British Virgin Islands,2004,,,,,,,,22881.0,75.404,,,,,,,97.5
VGB,British Virgin Islands,2005,,,,,,,,23665.0,75.569,,,,,,,97.6
VGB,British Virgin Islands,2006,,,,,,,,24493.0,75.745,,,,,,,97.8
VGB,British Virgin Islands,2007,,,,,,,,25366.0,75.893,,,,,,,97.9
VGB,British Virgin Islands,2008,,,,,,,,26288.0,76.07,,,,,,,98.1
VGB,British Virgin Islands,2009,,,,,,,,27218.0,76.205,,,,,,36.0,98.3
VGB,British Virgin Islands,2010,,,,,,,,27675.0,76.289,,,,,,37.0,98.3
VGB,British Virgin Islands,2011,,,,,,,,28710.0,76.363,,,,,,37.4,98.7
VGB,British Virgin Islands,2012,,,,,,,,30345.0,76.433,,,,,,37.6,98.9
VGB,British Virgin Islands,2013,,,,,,,,31703.0,76.472,,,,,,,99.1
VGB,British Virgin Islands,2014,,,,,,,,32962.0,76.527,,,,,,,99.2
VGB,British Virgin Islands,2015,,,,,,,,34498.0,76.558,,,,,,,100.0
VGB,British Virgin Islands,2016,,,,,,,,33878.0,76.624,,,,,,77.7014,100.0
VGB,British Virgin Islands,2017,,,,,,,,32699.0,75.67,,,,,,77.7043,100.0
VGB,British Virgin Islands,2018,,,,,,,,34657.0,76.728,,,,,,,100.0
VGB,British Virgin Islands,2019,,,,,,,,36395.0,76.845,,,,,,,100.0
VGB,British Virgin Islands,2020,,,,,,,,37135.0,76.894,,,,,,,100.0
VGB,British Virgin Islands,2021,,,,,,,,37809.0,75.297,,,,,,,100.0
VGB,British Virgin Islands,2022,,,,,,,,38319.0,77.177,,,,,,,100.0
VGB,British Virgin Islands,2023,,,,,,,,38985.0,77.276,,,,,,,100.0
VGB,British Virgin Islands,2024,,,,,,,,39471.0,77.431,,,,,,,100.0
VGB,British Virgin Islands,2025,,,,,,,,39732.0,,,,,,,,
VIR,Virgin Islands (U.S.),2000,,,,,,9.834,48131.0,108642.0,76.6195,,,,,,13.8151,100.0
VIR,Virgin Islands (U.S.),2001,,,,,,9.969,50350.0,108549.0,77.622,,,,,,18.3758,100.0
VIR,Virgin Islands (U.S.),2002,3262000000.0,,30062.0225,,,10.227,49875.0,108509.0,77.522,283.1698,147.4249,135.7449,,,27.4944,100.0
VIR,Virgin Islands (U.S.),2003,3443000000.0,-0.3961,31731.2566,,,10.574,49034.0,108505.0,77.522,362.9683,189.3697,173.5986,,,27.4291,100.0
VIR,Virgin Islands (U.S.),2004,3797000000.0,3.2859,35006.3614,,,10.266,50895.0,108466.0,77.7732,435.1593,226.5999,208.5594,,,27.377,100.0
VIR,Virgin Islands (U.S.),2005,4428000000.0,3.4853,40828.7461,,,10.228,52057.0,108453.0,77.422,503.2069,262.692,240.5149,,,27.3443,100.0
VIR,Virgin Islands (U.S.),2006,4484000000.0,3.505,41377.1466,,,9.734,52651.0,108369.0,78.3244,552.1186,283.8983,268.2203,,,27.3326,100.0
VIR,Virgin Islands (U.S.),2007,4784000000.0,4.0106,44158.5054,,,9.523,53487.0,108337.0,76.8634,560.3679,295.5895,264.7784,,,27.3393,100.0
VIR,Virgin Islands (U.S.),2008,4244000000.0,1.2186,39152.3751,,,9.605,53588.0,108397.0,77.1634,863.1951,433.836,429.3591,,,27.3618,100.0
VIR,Virgin Islands (U.S.),2009,4201000000.0,-6.5948,38753.1825,,,10.864,53743.0,108404.0,77.5146,508.4028,255.1059,253.2968,,,27.3965,100.0
VIR,Virgin Islands (U.S.),2010,4324000000.0,0.5964,39905.1284,,,11.059,52285.0,108357.0,77.8659,586.4015,299.3756,287.0259,,,31.22,100.0
VIR,Virgin Islands (U.S.),2011,4223000000.0,-8.2042,38997.1373,,,11.337,52982.0,108290.0,78.3171,679.2328,340.3031,338.9297,,,35.6,100.0
VIR,Virgin Islands (U.S.),2012,4089000000.0,-14.8125,37795.3193,,,11.387,52085.0,108188.0,78.5171,157.1778,80.1663,77.0115,,,40.5479,100.0
VIR,Virgin Islands (U.S.),2013,3738000000.0,-6.2852,34597.9767,,,11.802,49212.0,108041.0,78.7171,142.2418,67.5495,74.6923,,,45.3,100.0
VIR,Virgin Islands (U.S.),2014,3565000000.0,-1.7745,33045.3644,,,11.871,48643.0,107882.0,78.8683,164.2917,78.3731,85.9187,,,50.07,100.0
VIR,Virgin Islands (U.S.),2015,3663000000.0,-0.4251,34007.3529,,,11.649,50829.0,107712.0,79.0171,84.7666,41.6325,43.134,,,54.8391,100.0
VIR,Virgin Islands (U.S.),2016,3798000000.0,1.6009,35324.9749,,,11.734,50806.0,107516.0,79.1683,113.2965,47.0247,66.2717,,,59.6083,100.0
VIR,Virgin Islands (U.S.),2017,3794000000.0,-0.7353,35365.0693,,,11.445,51811.0,107281.0,79.3683,157.6964,63.3368,94.3595,,,64.3775,100.0
VIR,Virgin Islands (U.S.),2018,3923000000.0,1.8783,36663.2088,,,11.703,48542.0,107001.0,79.5195,159.2404,53.1226,106.1178,,,,100.0
VIR,Virgin Islands (U.S.),2019,4121000000.0,2.9083,38633.5299,,,11.774,46389.0,106669.0,79.6683,155.4234,54.9624,100.4611,,,,100.0
VIR,Virgin Islands (U.S.),2020,4229000000.0,-1.6149,39787.3742,,,14.366,46574.0,106290.0,79.8195,113.5966,38.3069,75.2897,,,,100.0
VIR,Virgin Islands (U.S.),2021,4507000000.0,3.6676,42571.0777,,,13.508,47357.0,105870.0,80.0683,180.2973,90.2818,90.0155,,,,100.0
VIR,Virgin Islands (U.S.),2022,4672000000.0,-1.3112,44320.9092,,,12.092,47986.0,105413.0,80.3195,205.6293,97.3673,108.262,,,,100.0
VIR,Virgin Islands (U.S.),2023,,,,,,11.358,47790.0,104917.0,80.5195,,,,,,,100.0
VIR,Virgin Islands (U.S.),2024,,,,,,11.423,47476.0,104377.0,80.7707,,,,,,,100.0
VIR,Virgin Islands (U.S.),2025,,,,,,11.443,47132.0,103792.0,,,,,,,,
VNM,Viet Nam,2000,31172518403.3162,6.7873,404.0298,-1.7103,6.9058,2.26,38790735.0,77154011.0,72.746,111.4171,53.9215,57.4956,3.548,4.1639,0.2542,88.2
VNM,Viet Nam,2001,32685198808.5549,6.1929,419.2057,-0.4315,6.624,2.76,40511879.0,77969361.0,72.984,111.9559,55.0619,56.894,2.0866,3.9773,1.2657,88.9
VNM,Viet Nam,2002,35064105500.8344,6.3208,445.1329,3.8308,4.1669,2.12,41102232.0,78772224.0,73.138,116.6969,54.7391,61.9577,-1.7226,3.9927,1.855,89.1
VNM,Viet Nam,2003,39552513231.9169,6.8991,497.1171,3.2346,2.2131,2.25,41746162.0,79563777.0,73.236,124.328,56.6733,67.6547,-4.8821,3.666,3.7803,90.3
VNM,Viet Nam,2004,45427854693.2554,7.5364,565.4523,7.7549,1.1889,2.14,42508994.0,80338971.0,73.062,133.0165,59.731,73.2855,-2.1066,3.5441,7.6424,91.0
VNM,Viet Nam,2005,57633255738.1992,7.5472,710.7468,8.2846,-6.5529,2.078,43513617.0,81088313.0,73.198,130.7148,63.6995,67.0154,-0.972,3.3904,12.7399,96.1
VNM,Viet Nam,2006,66371664817.0436,6.978,807.7566,7.418,2.4015,2.046,44781401.0,82167897.0,73.293,138.3136,67.7168,70.5968,-0.2467,3.616,17.2546,96.0
VNM,Viet Nam,2007,77414425532.2452,7.1295,925.6403,8.3444,1.4136,2.026,46296491.0,83633375.0,73.385,154.6054,70.5179,84.0875,-8.9817,8.6547,20.7554,93.1
VNM,Viet Nam,2008,99130304099.1274,5.6618,1163.832,23.1154,-5.6163,1.889,47894666.0,85175788.0,73.455,154.3175,70.3367,83.9808,-10.918,9.663,23.92,93.8
VNM,Viet Nam,2009,106014659565.214,5.3979,1226.1698,6.717,3.6279,1.737,49267257.0,86460018.0,73.525,134.7063,62.6089,72.0974,-6.2331,7.1688,26.55,96.1
VNM,Viet Nam,2010,147201173196.979,6.4232,1683.1618,9.2075,-20.4971,1.114,50303014.0,87455152.0,73.611,113.9777,54.1758,59.8018,-2.9049,5.4347,30.65,97.4
VNM,Viet Nam,2011,172595049183.925,6.4132,1950.925,18.6777,-3.6733,0.999,51197726.0,88468314.0,73.713,125.2606,61.1802,64.0804,0.1367,4.3049,35.07,99.0
VNM,Viet Nam,2012,195590661129.249,5.5045,2185.1177,9.0947,4.0283,1.027,51916391.0,89510356.0,73.762,123.2241,63.4739,59.7502,4.8208,4.2783,36.8,97.9
VNM,Viet Nam,2013,213708811665.34,5.5535,2359.5174,6.5927,6.0897,1.316,53209344.0,90573104.0,73.821,130.8464,66.8004,64.0459,3.6241,4.1645,38.5,98.5
VNM,Viet Nam,2014,233451469642.519,6.4222,2546.3846,4.0846,4.7897,1.256,53885546.0,91679578.0,73.886,135.4105,69.5986,65.8119,4.009,3.9409,41.0,99.2
VNM,Viet Nam,2015,239258328381.741,6.9872,2577.5689,0.6312,8.9883,1.848,54628714.0,92823254.0,73.955,144.9142,72.9229,71.9914,-0.8531,4.9319,45.0,99.3
VNM,Viet Nam,2016,257096001177.982,6.69,2735.0604,2.6682,5.0486,1.848,54888312.0,94000117.0,73.984,145.4095,74.1073,71.3022,0.2431,4.9009,53.0,99.2
VNM,Viet Nam,2017,281353605986.903,6.9402,2956.1099,3.5203,2.5915,1.874,55533898.0,95176977.0,74.026,160.9801,81.7625,79.2176,-0.5861,5.0115,58.14,100.0
VNM,Viet Nam,2018,310106478394.659,7.465,3222.31,3.5396,3.6142,1.161,56235855.0,96237319.0,74.1,164.6639,84.4235,80.2405,1.9024,4.9983,69.8479,100.0
VNM,Viet Nam,2019,334365270496.667,7.3593,3440.9003,2.7958,5.1593,1.681,56180127.0,97173776.0,74.211,164.7042,85.1576,79.5466,3.9182,4.8211,68.6616,99.4
VNM,Viet Nam,2020,346615738537.796,2.8654,3534.0395,3.2209,6.0906,2.103,55149609.0,98079191.0,75.383,163.2459,84.3816,78.8643,4.3449,4.5584,70.3,99.8
VNM,Viet Nam,2021,366474752771.009,2.5537,3704.1936,1.8347,4.7922,2.383,55299911.0,98935098.0,74.145,186.6758,93.8502,92.8256,-1.2628,4.2731,74.21,100.0
VNM,Viet Nam,2022,413445230668.578,8.5375,4147.6978,3.1565,3.4186,1.57,56475416.0,99680655.0,74.502,183.1536,93.4201,89.7335,0.3391,4.3295,78.59,100.0
VNM,Viet Nam,2023,433805036898.465,4.9787,4322.8257,3.2529,7.0063,1.645,56381956.0,100352192.0,74.588,164.9956,86.7367,78.2589,5.9458,4.2646,78.08,99.8
VNM,Viet Nam,2024,476324572783.807,7.0396,4716.6599,3.6211,,1.602,56703936.0,100987686.0,74.736,173.8853,90.1663,83.719,6.335,4.2345,84.15,100.0
VNM,Viet Nam,2025,514697215165.065,8.0188,5065.9909,3.31,,1.523,57041323.0,101598527.0,,190.3368,98.2444,92.0924,,,,
VUT,Vanuatu,2000,272014627.8353,5.9248,1460.2382,2.5377,,8.266,81643.0,186281.0,68.586,87.1558,39.179,47.9768,1.8361,7.4467,2.1083,22.2
VUT,Vanuatu,2001,257926881.7204,-3.3976,1350.1834,3.5776,,8.415,84696.0,191031.0,68.722,87.7721,37.9562,49.8159,0.7052,6.9804,2.8306,24.0
VUT,Vanuatu,2002,262596535.549,-5.1983,1340.7154,1.9636,,8.598,87881.0,195863.0,68.836,91.6997,42.3112,49.3886,-6.4956,5.3933,3.51,25.7
VUT,Vanuatu,2003,314471413.0018,4.2883,1566.514,3.0162,,8.659,90905.0,200746.0,68.933,91.568,43.2765,48.2915,-7.0446,5.7273,3.9033,27.5
VUT,Vanuatu,2004,364996869.1296,3.9874,1774.3187,1.4189,,8.432,94000.0,205711.0,68.985,98.706,45.5996,53.1064,-6.1478,5.4359,4.7466,29.2
VUT,Vanuatu,2005,394962433.0294,5.3053,1873.9914,1.1992,,8.121,97119.0,210760.0,69.166,100.1738,45.3833,54.7905,-8.6205,3.3552,5.0823,31.0
VUT,Vanuatu,2006,439358586.5356,8.4607,2034.7929,2.0408,,8.006,100201.0,215923.0,69.126,89.5415,41.2726,48.2689,-6.8583,9.8887,5.8506,26.4
VUT,Vanuatu,2007,516392922.5137,2.8759,2333.7051,3.9355,,6.855,99698.0,221276.0,69.144,90.1717,41.5876,48.5841,-6.6644,6.6142,6.8,33.6
VUT,Vanuatu,2008,590748429.4019,5.601,2603.6088,4.8417,,5.663,98679.0,226896.0,69.302,105.7749,46.4778,59.2971,-23.9661,6.3808,7.2691,36.5
VUT,Vanuatu,2009,592622319.1457,3.0373,2546.3832,4.2971,,4.565,97111.0,232731.0,69.422,108.4892,50.5557,57.9335,1.7347,5.4235,7.5,33.3
VUT,Vanuatu,2010,670712979.682,1.2589,2815.1883,2.7627,,4.681,94738.0,238248.0,69.57,103.8233,48.7184,55.1049,-6.2885,9.4093,8.0,44.1
VUT,Vanuatu,2011,770153588.2188,3.1398,3163.1862,0.8738,,4.811,96016.0,243474.0,69.729,96.9988,45.6063,51.3925,-7.9149,7.9358,9.2,42.0
VUT,Vanuatu,2012,747839697.7466,1.01,3004.7842,1.3474,,4.936,97169.0,248883.0,69.898,104.4516,51.3107,53.141,-9.175,8.0751,10.598,43.9
VUT,Vanuatu,2013,863347171.9068,0.4634,3392.5668,1.4589,-5.7367,5.038,98219.0,254482.0,69.986,93.4639,45.3941,48.0698,-0.5969,6.8778,11.3,31.7
VUT,Vanuatu,2014,879185478.4981,3.1051,3378.3641,0.7989,8.8709,5.137,99196.0,260240.0,70.043,91.3913,43.1536,48.2377,0.4817,1.5089,18.8,49.1
VUT,Vanuatu,2015,855360239.6099,3.501,3214.4195,2.4833,4.4167,5.168,100128.0,266101.0,70.163,92.5428,34.7621,57.7806,-13.4017,3.6267,22.3514,52.3
VUT,Vanuatu,2016,908725512.791,3.6198,3339.8344,0.8421,7.8947,5.197,101055.0,272087.0,70.397,93.2944,38.0973,55.1971,-7.7546,4.8616,,57.8
VUT,Vanuatu,2017,998536154.8821,4.2233,3585.318,3.0845,4.9338,5.247,102073.0,278507.0,70.5,90.0681,37.6592,52.4089,-7.0926,3.8279,,62.8
VUT,Vanuatu,2018,1034402941.043,2.5153,3626.1886,2.331,6.7164,5.353,103194.0,285259.0,70.626,89.6801,37.9036,51.7766,2.862,3.6333,,61.6
VUT,Vanuatu,2019,1061547512.6926,3.2768,3635.6234,2.7625,6.3368,5.444,104361.0,291985.0,70.783,85.2924,30.9252,54.3672,6.9041,4.9786,,64.5
VUT,Vanuatu,2020,1017403362.8012,-5.7253,3404.3036,5.3294,7.3606,4.046,105798.0,298858.0,70.385,65.482,13.7016,51.7804,-5.6868,4.0455,,67.3
VUT,Vanuatu,2021,1093826088.9427,-1.1633,3576.1377,2.3433,5.9548,4.776,108816.0,305868.0,69.952,60.1427,7.9451,52.1976,-6.8979,3.9362,,70.0
VUT,Vanuatu,2022,1151863789.7662,5.592,3679.5352,6.6793,3.5198,5.077,111868.0,313046.0,71.302,70.4738,15.3546,55.1192,-11.0631,0.9285,,70.0
VUT,Vanuatu,2023,1188137265.1905,5.8297,3708.1894,11.1825,8.24,5.011,114864.0,320409.0,71.477,78.0649,28.3701,49.6947,,0.7801,,61.6
VUT,Vanuatu,2024,1297956614.7778,3.7656,3959.877,1.1435,3.1459,4.988,117969.0,327777.0,71.654,73.3835,25.3486,48.0349,,2.2237,,65.5
VUT,Vanuatu,2025,1353658840.6399,3.0536,4038.7352,0.6565,6.1285,5.073,120833.0,335169.0,,,,,,,,
WSM,Samoa,2000,258856139.7985,5.093,1424.7524,0.9668,,4.733,60878.0,181685.0,70.791,,,,,-0.4662,0.5664,88.0
WSM,Samoa,2001,266299591.4794,7.3901,1453.8702,3.8383,7.936,4.96,60920.0,183166.0,71.028,,,,,0.5312,1.6899,88.7
WSM,Samoa,2002,281790134.212,5.652,1527.5579,8.0503,9.819,4.975,61260.0,184471.0,71.233,87.92,34.1788,53.7412,,0.5676,2.2448,89.3
WSM,Samoa,2003,333426188.4188,5.2126,1798.1243,0.1158,8.5172,5.038,61769.0,185430.0,71.441,76.2721,31.0962,45.176,,0.8171,2.7996,89.9
WSM,Samoa,2004,407747565.097,3.0873,2189.2604,16.3132,3.8834,5.162,62248.0,186249.0,71.508,72.5294,29.0656,43.4638,-6.4149,0.6084,3.0755,90.5
WSM,Samoa,2005,476801793.1594,6.6392,2550.0422,1.8568,7.1468,5.212,62548.0,186978.0,71.487,76.2247,28.5356,47.6892,-9.9694,0.7894,3.3526,91.1
WSM,Samoa,2006,499923757.7807,2.1321,2663.2914,3.7001,6.1245,5.321,62996.0,187709.0,71.62,82.4692,29.6138,52.8554,-15.3383,4.3862,4.4692,96.4
WSM,Samoa,2007,573548459.8334,0.486,3038.619,5.5771,4.8025,5.425,63617.0,188753.0,71.605,83.2022,29.2106,53.9916,-7.9777,1.1894,4.75,92.5
WSM,Samoa,2008,641346191.6648,3.5561,3373.6064,11.5659,3.2451,5.538,64212.0,190107.0,71.531,73.8864,27.8624,46.024,-8.4582,7.1567,5.0316,98.1
WSM,Samoa,2009,628006115.4241,-0.5417,3279.1827,6.325,10.2331,5.646,64885.0,191513.0,69.486,75.9794,27.9968,47.9826,-1.7842,1.5713,6.0,97.9
WSM,Samoa,2010,680260907.154,6.1247,3524.2479,0.777,16.7267,5.621,65260.0,193023.0,71.451,78.5698,27.7154,50.8544,-9.0487,0.0495,7.0,96.4
WSM,Samoa,2011,744097050.1691,3.8491,3821.5068,5.2354,10.9722,5.68,65692.0,194713.0,71.393,81.601,28.3934,53.2075,-10.9187,2.0416,11.0,96.7
WSM,Samoa,2012,773141661.1655,-3.7321,3934.6032,2.049,5.6077,8.752,66549.0,196498.0,71.159,82.734,26.2447,56.4893,-0.9966,2.6996,12.9225,96.8
WSM,Samoa,2013,797736334.2813,0.1073,4023.5254,0.6101,7.6745,8.772,67321.0,198268.0,71.229,77.8778,28.1007,49.7771,-5.6071,1.7289,15.3,97.0
WSM,Samoa,2014,796683519.5938,0.6599,3982.6808,-0.4068,9.0844,8.72,67926.0,200037.0,71.142,80.5008,27.5923,52.9085,-5.8318,2.8681,21.2,97.9
WSM,Samoa,2015,824150498.6535,3.8504,4084.3608,0.7245,5.3323,8.901,68373.0,201782.0,71.06,74.6344,27.1409,47.4934,-1.5422,3.26,,98.2
WSM,Samoa,2016,843924796.6974,7.9839,4147.071,1.3047,6.6966,9.063,68644.0,203499.0,71.003,75.2118,28.778,46.4338,-4.554,0.2987,,98.9
WSM,Samoa,2017,884844384.4632,1.4063,4307.5938,1.7499,8.4311,9.4,69083.0,205415.0,70.991,74.0111,29.6623,44.3488,-1.0703,1.0415,,96.8
WSM,Samoa,2018,878448433.4043,-0.6096,4231.8141,4.1975,7.7673,8.649,67014.0,207582.0,71.052,78.935,31.9657,46.9693,2.6891,1.9026,,99.8
WSM,Samoa,2019,912950466.0649,4.4519,4351.9423,0.9823,7.3199,7.858,64742.0,209780.0,70.269,83.3311,35.0333,48.2977,3.7322,-0.2387,,99.2
WSM,Samoa,2020,868884902.9531,-3.1086,4099.5966,-1.5689,7.3924,7.467,61909.0,211944.0,70.727,77.4848,29.1964,48.2884,-8.716,0.5094,,100.0
WSM,Samoa,2021,859724936.0576,-5.0435,4021.5593,3.1332,9.291,6.664,59735.0,213779.0,71.096,59.7698,11.4709,48.2989,-13.3119,1.0409,,98.3
WSM,Samoa,2022,889554711.8423,2.2671,4132.4472,10.9619,5.6053,5.048,57627.0,215261.0,71.55,60.8478,11.4858,49.362,-8.3232,0.5396,,98.3
WSM,Samoa,2023,1044909500.0253,15.2336,4822.7408,7.9216,1.3948,4.92,57666.0,216663.0,71.698,80.8405,26.2086,54.6319,3.8443,0.2293,,100.0
WSM,Samoa,2024,1175749785.6511,4.7484,5392.8776,2.1725,0.0051,4.855,57801.0,218019.0,71.826,79.5241,30.6579,48.8663,5.5773,0.3182,,100.0
WSM,Samoa,2025,1287936621.6462,4.2044,5872.7833,2.212,2.0879,4.996,57776.0,219306.0,,70.6296,27.619,43.0106,6.9307,0.1725,,
XKX,Kosovo,2000,,,,,,,,1802493.0,71.321,,,,,,,
XKX,Kosovo,2001,,,,,,,,1820009.0,71.782,,,,,,,
XKX,Kosovo,2002,,,,,,,,1829462.0,72.227,,,,,,,
XKX,Kosovo,2003,,,,-1.0848,,,,1826434.0,72.678,,,,,,,
XKX,Kosovo,2004,,,,-1.0647,,,,1822773.0,73.132,,,,,,,
XKX,Kosovo,2005,,,,-1.3852,,,,1818354.0,73.437,,,,,,,
XKX,Kosovo,2006,,,,0.6216,,,,1813079.0,73.63,,,,,,,
XKX,Kosovo,2007,,,,4.3585,,,,1807094.0,74.422,,,,,,,
XKX,Kosovo,2008,5202943075.4945,,2889.1468,9.3504,,,,1800858.0,74.711,76.7307,17.1907,59.54,-13.0296,10.455,,
XKX,Kosovo,2009,5035779642.0168,5.0349,2805.9469,-2.4103,17.7251,,,1794681.0,74.79,77.7554,19.2278,58.5276,-10.3735,8.0057,,
XKX,Kosovo,2010,5343950626.1667,4.94,2987.5452,3.4805,7.4944,,,1788743.0,74.609,82.1775,21.6692,60.5083,-12.678,9.1702,,
XKX,Kosovo,2011,6341614504.5914,6.3198,3538.9481,7.3364,7.0282,,,1791949.0,75.323,86.1517,24.952,61.1997,-13.3321,8.4415,,
XKX,Kosovo,2012,6163483291.0805,1.7122,3410.655,2.4767,8.8292,,,1807126.0,75.75,81.3639,24.522,56.8419,-6.1606,4.7553,,
XKX,Kosovo,2013,6735327512.0518,5.3408,3704.5581,1.7673,11.4265,,,1818119.0,76.336,75.1035,23.0039,52.0996,-3.5806,5.5156,,
XKX,Kosovo,2014,7074392884.0451,3.3488,3902.4932,0.429,8.8715,,,1812788.0,76.179,77.0761,23.5269,53.5492,-7.0905,2.8255,,
XKX,Kosovo,2015,6295845465.359,5.9162,3520.6269,-0.5369,7.6656,,,1788274.0,76.024,74.0204,22.4514,51.569,-8.6944,5.4536,,
XKX,Kosovo,2016,6682674062.9615,5.5718,3759.4478,0.2732,6.616,,,1777568.0,76.748,75.0188,23.8274,51.1914,-7.9344,3.648,,
XKX,Kosovo,2017,7180768692.2635,4.8257,4009.3202,1.4882,6.3647,,,1791019.0,77.105,80.4101,27.3288,53.0813,-5.2635,3.9945,83.8936,
XKX,Kosovo,2018,7878762812.2016,3.4066,4384.188,1.0538,5.079,,,1797086.0,77.117,86.3151,29.0535,57.2616,-7.6217,4.0431,89.443,
XKX,Kosovo,2019,7899204690.7921,4.7568,4415.6993,2.676,,,,1788891.0,77.249,85.7534,29.3126,56.4408,-5.6617,3.609,,
XKX,Kosovo,2020,7734497455.7541,-5.3403,4320.5838,0.1982,,,,1790151.0,74.212,75.608,21.6951,53.9129,-6.996,5.1021,,
XKX,Kosovo,2021,9412099545.058,10.7457,5269.6995,3.3537,,,,1786079.0,74.981,98.6384,33.4092,65.2292,-8.6947,5.3222,,
XKX,Kosovo,2022,9367633202.5467,4.2785,5298.1474,11.5805,,,,1768096.0,77.623,110.012,38.6257,71.3864,-9.4111,8.1575,,
XKX,Kosovo,2023,10466753839.9923,4.0676,6220.3321,4.9443,,,,1682668.0,78.033,109.9519,39.6405,70.3114,-7.186,8.6814,,
XKX,Kosovo,2024,11203038332.3359,4.5731,7026.6988,1.6194,,,,1594353.0,78.222,113.7897,41.7484,72.0413,-8.3235,7.6748,,
XKX,Kosovo,2025,12456403306.8191,3.5922,7899.4184,3.8595,,,,1576876.0,,118.1909,43.9521,74.2388,-8.1,10.0049,,
YEM,"Yemen, Rep.",2000,9679316770.1863,6.1819,493.2352,4.59,-3.0843,11.557,4519390.0,19624141.0,62.761,75.4388,41.4089,34.0299,,0.0661,0.0825,49.2
YEM,"Yemen, Rep.",2001,9852990692.9871,3.8036,487.1413,11.9116,14.3572,11.724,4622334.0,20226147.0,63.286,70.8924,35.8969,34.9955,,1.5746,0.0908,50.4
YEM,"Yemen, Rep.",2002,10693430511.4664,3.9352,513.2415,12.2385,8.2755,11.839,4728950.0,20835086.0,63.807,74.7305,37.0012,37.7293,,1.0689,0.5188,51.5
YEM,"Yemen, Rep.",2003,11777532662.0499,3.7474,548.9059,10.8324,6.4095,12.014,4840323.0,21456379.0,64.407,74.3826,36.439,37.9436,,-0.7566,0.6047,52.6
YEM,"Yemen, Rep.",2004,13867634371.4773,3.9727,627.632,12.5151,3.8441,12.131,4959009.0,22095167.0,64.881,71.8467,36.3825,35.4642,,1.0353,0.8812,49.6
YEM,"Yemen, Rep.",2005,16731566717.1888,5.5917,734.1599,11.8113,-0.45,12.213,5102583.0,22790085.0,65.356,76.7733,40.8968,35.8765,3.7303,-1.8053,1.0486,54.8
YEM,"Yemen, Rep.",2006,19063143369.858,3.1704,809.7131,10.8448,3.8836,12.349,5269013.0,23543083.0,65.8,82.0762,41.2586,40.8176,1.0792,5.8803,1.2478,55.8
YEM,"Yemen, Rep.",2007,21650528674.0933,3.3384,890.3058,7.9051,6.4134,12.486,5442713.0,24318082.0,66.23,79.1234,35.9034,43.22,-6.9667,4.2368,5.01,57.2
YEM,"Yemen, Rep.",2008,26910855807.288,3.6476,1071.6358,18.9763,-1.9752,12.656,5624158.0,25111941.0,66.609,81.2447,37.837,43.4078,-4.6498,5.777,6.89,58.4
YEM,"Yemen, Rep.",2009,25130278212.5575,3.8662,969.2435,5.4078,29.2517,12.762,5811858.0,25927724.0,66.905,68.0714,28.3252,39.7462,-10.0573,0.5141,9.96,59.6
YEM,"Yemen, Rep.",2010,30906749533.221,7.7013,1155.2031,11.1748,0.1746,12.777,6001445.0,26754387.0,67.223,64.3856,29.9951,34.3906,-3.4107,0.6104,12.35,60.8
YEM,"Yemen, Rep.",2011,32726417878.391,-12.7149,1186.475,19.5436,5.8303,13.311,6114378.0,27582897.0,67.412,63.0595,30.3404,32.719,-1.6114,-1.5823,14.905,62.0
YEM,"Yemen, Rep.",2012,35401331609.5916,2.393,1245.0507,9.8854,17.5713,13.473,6230735.0,28433647.0,67.569,61.3616,24.8637,36.4979,-0.9452,-0.0402,17.4465,52.4
YEM,"Yemen, Rep.",2013,40415233436.1767,4.8235,1378.75,10.9684,11.7888,13.673,6349911.0,29312952.0,67.961,52.5119,22.3596,30.1523,-3.7869,-0.3305,20.0,75.6
YEM,"Yemen, Rep.",2014,43228585321.3272,-0.1887,1430.1642,8.1047,,13.467,6474957.0,30226309.0,68.003,48.243,21.4841,26.759,-3.4428,-0.5392,22.55,66.1
YEM,"Yemen, Rep.",2015,42444490073.8555,-27.9945,1362.1738,,,17.9,5811186.0,31159379.0,66.761,30.3677,9.0516,21.3161,-7.1294,-0.0364,24.0854,67.4
YEM,"Yemen, Rep.",2016,31317825274.1507,-9.3751,975.3594,,,18.42,6044703.0,32109010.0,67.105,31.0815,4.8092,26.2723,-7.7239,-1.7913,24.5792,68.9
YEM,"Yemen, Rep.",2017,26842229044.5848,-5.0718,811.166,,,18.611,6279018.0,33090921.0,67.12,42.9699,9.6882,33.2817,,-1.0053,,79.2
YEM,"Yemen, Rep.",2018,21606160663.0318,0.7524,633.8872,,,17.593,6505806.0,34085182.0,65.915,56.0778,8.7561,47.3217,,-1.3056,,62.0
YEM,"Yemen, Rep.",2019,,,,,,17.213,6735232.0,35111408.0,66.567,,,,,,17.491,72.8
YEM,"Yemen, Rep.",2020,,,,,,17.963,6884754.0,36134863.0,66.435,,,,,,,73.9
YEM,"Yemen, Rep.",2021,,,,,,18.312,7037044.0,37140230.0,66.019,,,,,,,74.9
YEM,"Yemen, Rep.",2022,,,,,,17.224,7408746.0,38222876.0,67.952,,,,,,,76.0
YEM,"Yemen, Rep.",2023,,,,,,16.944,7664536.0,39390799.0,69.295,,,,,,,83.6
YEM,"Yemen, Rep.",2024,,,,,,16.97,7928543.0,40583164.0,69.439,,,,,,,86.3
YEM,"Yemen, Rep.",2025,,,,,,17.322,8155939.0,41773878.0,,,,,,,,
ZAF,South Africa,2000,151752757215.309,4.2,3217.8469,5.339,4.8706,22.788,17579103.0,47159719.0,58.368,46.2207,24.4043,21.8164,-0.1256,0.6384,5.3486,72.4
ZAF,South Africa,2001,135429905922.526,2.7,2847.1519,5.7019,5.5383,22.652,17886684.0,47566800.0,57.161,49.1709,26.3567,22.8143,0.253,5.3683,6.3466,70.2
ZAF,South Africa,2002,129087556612.449,3.7004,2688.2368,9.4947,2.8542,22.579,18213750.0,48019415.0,55.58,53.4655,28.4312,25.0343,0.7819,1.1464,6.7103,76.7
ZAF,South Africa,2003,197018965308.697,2.9491,4062.2176,5.6794,8.0478,22.679,18543438.0,48500348.0,54.245,45.7239,23.9153,21.8086,-0.7824,0.3975,7.0077,78.8
ZAF,South Africa,2004,255806908594.573,4.5546,5221.4633,-0.692,4.9504,22.567,18856474.0,48991421.0,53.963,45.6436,22.7575,22.8861,-2.5073,0.2742,8.4251,80.6
ZAF,South Africa,2005,288867217196.534,5.2771,5836.8766,2.0629,4.7615,22.472,19148046.0,49490033.0,53.914,47.4278,23.5998,23.828,-2.7748,2.2578,7.4885,80.8
ZAF,South Africa,2006,303858675363.643,5.6038,6077.3829,3.2439,4.8103,22.304,19425615.0,49998277.0,54.22,53.7681,26.0982,27.6699,-4.0001,0.2051,7.6071,80.7
ZAF,South Africa,2007,333077117253.684,5.3605,6591.8554,6.1778,4.546,22.26,19701783.0,50528584.0,54.948,57.1251,27.959,29.1662,-4.8619,1.9776,8.0654,82.0
ZAF,South Africa,2008,316131258616.309,3.191,6184.7547,9.91,6.7452,22.407,19985153.0,51114599.0,55.982,65.9745,32.2547,33.7199,-5.1862,3.1269,8.43,81.9
ZAF,South Africa,2009,329754060647.129,-1.5381,6374.7056,7.2381,2.8025,23.523,19627941.0,51728516.0,57.413,49.5875,24.9827,24.6048,-2.3846,2.3122,10.0,82.6
ZAF,South Africa,2010,417363822801.713,3.0397,7973.472,4.0675,3.491,24.683,19313604.0,52344051.0,58.886,50.4061,25.7834,24.6227,-1.299,0.8849,24.0,82.8
ZAF,South Africa,2011,458199494830.834,3.1686,8646.0557,5.0009,3.2793,24.639,19595642.0,52995205.0,60.602,54.6364,27.6981,26.9382,-2.0197,0.9034,33.97,83.6
ZAF,South Africa,2012,434400545085.811,2.3962,8076.9768,5.738,3.8829,24.727,20077789.0,53782567.0,61.737,55.5826,27.1391,28.4435,-4.6837,1.0649,41.0,85.2
ZAF,South Africa,2013,400886013595.573,2.4855,7331.6547,5.7802,2.5092,24.561,20696420.0,54678791.0,62.388,58.875,28.3793,30.4957,-5.3384,2.0536,46.5,85.2
ZAF,South Africa,2014,381198869776.106,1.4138,6856.7314,6.1328,3.567,24.89,21191119.0,55594838.0,63.184,59.4996,29.0006,30.499,-4.8124,1.5193,49.0,85.9
ZAF,South Africa,2015,346709790458.563,1.3219,6112.2738,4.5187,3.6677,25.149,22199948.0,56723537.0,64.053,56.7267,27.7136,29.013,-4.3103,0.4387,51.9191,85.3
ZAF,South Africa,2016,323585509674.481,0.6646,5651.2059,6.6029,3.2783,26.536,22454382.0,57259551.0,64.749,55.8613,28.1561,27.7052,-2.6336,0.6846,54.0,83.9
ZAF,South Africa,2017,381448814653.456,1.1579,6618.3351,5.1862,4.6473,27.035,22888401.0,57635162.0,65.422,53.5359,27.3401,26.1959,-2.3744,0.5397,56.1674,84.4
ZAF,South Africa,2018,405260723892.517,1.5568,6914.178,4.5099,5.8562,26.906,23325105.0,58613001.0,65.726,54.4855,27.497,26.9885,-3.0005,1.3743,62.4,84.7
ZAF,South Africa,2019,389330032224.269,0.2599,6533.7112,4.1029,5.2684,28.468,23899064.0,59587885.0,66.071,53.898,27.2021,26.6959,-2.62,1.3141,69.6969,85.0
ZAF,South Africa,2020,337974655408.055,-6.1689,5580.6038,3.2324,2.1984,29.217,22347803.0,60562381.0,65.15,50.7597,27.5759,23.1837,2.0035,0.9331,72.1128,90.0
ZAF,South Africa,2021,419986284375.368,4.8586,6828.7562,4.6187,0.5951,34.007,23480812.0,61502603.0,62.01,56.1647,31.1916,24.9731,3.7724,9.681,74.9686,89.3
ZAF,South Africa,2022,407596043067.885,2.0581,6534.2487,7.0399,3.3739,33.268,24587967.0,62378410.0,65.454,64.9471,33.5394,31.4077,-0.2962,2.2667,78.2932,86.5
ZAF,South Africa,2023,381440724491.232,0.8061,6034.2721,6.0752,6.4721,32.098,25707269.0,63212384.0,66.139,65.6799,33.2538,32.4261,-1.1036,1.0127,78.3367,87.7
ZAF,South Africa,2024,401144998373.585,0.5348,6267.1868,4.3612,7.4175,32.279,26362253.0,64007187.0,66.312,61.6468,31.7919,29.8549,-0.6428,0.5809,78.3576,90.2
ZAF,South Africa,2025,427184325997.307,1.1146,6597.7145,3.2055,7.6835,32.391,26731522.0,64747319.0,,60.9111,31.4102,29.5009,-0.4228,-0.5058,,
ZMB,Zambia,2000,3600632111.4141,3.8973,359.4295,26.0304,4.6648,12.93,3100873.0,10017631.0,46.577,60.3875,23.9239,36.4636,-18.3981,3.38,0.1911,16.7
ZMB,Zambia,2001,4094441301.2142,5.3169,396.549,21.3938,16.6775,13.404,3205152.0,10325185.0,47.408,64.6683,25.1097,39.5586,-18.0008,3.5414,0.2331,20.2
ZMB,Zambia,2002,4193850445.4263,4.506,393.8646,22.2333,21.6156,14.131,3315125.0,10647949.0,48.461,64.9165,27.1337,37.7828,-15.8142,7.1149,0.4778,17.4
ZMB,Zambia,2003,4901869764.0596,6.945,446.2901,21.4016,19.5253,14.704,3428701.0,10983595.0,49.616,62.3128,25.684,36.6289,-13.53,7.0789,0.9805,18.5
ZMB,Zambia,2004,6221110219.4554,7.0324,548.686,17.9678,9.1969,15.332,3547801.0,11338198.0,50.54,70.8131,33.54,37.2731,-7.1488,5.8517,1.1,20.3
ZMB,Zambia,2005,8331870169.1498,7.2356,710.9821,18.3244,9.9091,15.9,3675118.0,11718819.0,51.615,62.2003,30.6107,31.5896,-2.785,4.284,1.3,23.3
ZMB,Zambia,2006,12756858899.2812,7.9037,1051.7171,9.0196,7.5178,13.229,3812820.0,12129553.0,52.693,57.8568,32.593,25.2639,4.6447,4.8271,1.6,24.1
ZMB,Zambia,2007,14056957976.2648,8.3524,1118.7316,10.6573,5.2409,10.559,3958969.0,12565085.0,53.73,65.7715,33.5912,32.1803,-1.238,9.4181,1.9,18.5
ZMB,Zambia,2008,17910858637.9048,7.7739,1375.5021,12.4456,7.6138,7.93,4112860.0,13021324.0,54.835,59.4549,28.9194,30.5355,-3.3306,5.2405,2.2,25.7
ZMB,Zambia,2009,15328342303.9575,9.2203,1136.2417,13.3953,15.6336,10.583,4271856.0,13490389.0,55.886,56.1214,29.251,26.8704,5.9534,4.5328,2.5,26.6
ZMB,Zambia,2010,20265559483.8548,10.2982,1451.1062,8.5018,6.1129,13.19,4433254.0,13965594.0,56.896,67.9009,37.0259,30.875,7.5255,8.5332,3.0,22.0
ZMB,Zambia,2011,23459515275.5776,5.5693,1624.8682,6.4294,6.9566,10.548,4593175.0,14437796.0,57.843,72.7954,40.4712,32.3242,4.6582,4.7252,3.5,28.3
ZMB,Zambia,2012,25503060420.026,7.5974,1710.0506,6.5759,4.8215,7.85,4755565.0,14913629.0,58.704,75.3677,40.0829,35.2848,5.379,6.7894,4.1,29.2
ZMB,Zambia,2013,28037239462.7142,5.0575,1820.7185,6.9777,-0.1914,7.272,4924206.0,15398997.0,59.445,80.4562,40.4827,39.9735,-0.576,7.4893,4.8,30.1
ZMB,Zambia,2014,27141023558.0829,4.6933,1707.4857,7.8069,5.8164,6.576,5100623.0,15895315.0,60.109,76.1935,38.8223,37.3712,-1.4271,5.5554,6.5,27.9
ZMB,Zambia,2015,21251216798.7762,2.9204,1295.8779,10.1106,6.1792,5.951,5282918.0,16399089.0,60.728,79.8653,37.1385,42.7267,-3.6123,7.4474,8.8,31.1
ZMB,Zambia,2016,20958412538.3093,3.7551,1239.0853,17.8697,1.6939,5.244,5472448.0,16914423.0,61.129,73.9586,35.3247,38.6339,-4.5517,3.1625,10.3,35.4
ZMB,Zambia,2017,25873601260.8353,3.5259,1483.4658,6.5773,2.0915,4.529,5669282.0,17441320.0,61.564,71.5857,34.9929,36.5928,-1.6813,4.2805,12.2,40.3
ZMB,Zambia,2018,26311507273.6735,4.0345,1463.9,7.4946,2.2159,5.032,5870382.0,17973569.0,62.138,74.8884,37.9574,36.931,-1.3012,1.5523,14.3,40.2
ZMB,Zambia,2019,23308667781.2258,1.4413,1258.9862,9.1503,2.4697,5.538,6200188.0,18513839.0,62.914,68.7912,34.6362,34.155,0.6037,2.3509,14.4719,43.0
ZMB,Zambia,2020,18137764930.651,-2.7851,951.6443,15.7331,-3.893,6.032,6574250.0,19059395.0,63.361,79.2068,46.7202,32.4867,11.791,1.3519,14.6458,44.6
ZMB,Zambia,2021,22096416932.0089,6.2349,1127.1608,22.0208,,5.197,6728077.0,19603607.0,62.363,86.2085,52.2161,33.9924,11.9004,1.7841,14.8219,46.7
ZMB,Zambia,2022,29163782140.4858,5.2112,1447.1231,10.9932,,5.993,6905885.0,20152938.0,65.279,69.2973,40.194,29.1033,3.7478,-0.2233,15.0,47.8
ZMB,Zambia,2023,27577956471.244,5.3679,1330.7278,10.8845,,5.861,7453413.0,20723965.0,66.349,78.2419,40.8461,37.3958,-3.0375,2.3247,16.4507,51.1
ZMB,Zambia,2024,25303185342.2511,3.82,1187.1094,14.9856,,5.898,7724343.0,21314956.0,66.528,62.5349,34.9819,27.553,-4.411,9.3244,17.101,53.6
ZMB,Zambia,2025,28879806220.1264,3.7577,1317.8777,13.9099,,5.918,8011366.0,21913874.0,,,,,,,,
ZWE,Zimbabwe,2000,6693250000.0,-3.0591,562.8338,,,5.685,4537120.0,11892055.0,46.034,74.0709,38.1616,35.9093,,0.3466,0.4014,33.7
ZWE,Zimbabwe,2001,6780750000.0,1.4395,566.3887,,,5.313,4587960.0,11971901.0,44.525,67.8981,34.9593,32.9388,,0.056,0.7998,34.2
ZWE,Zimbabwe,2002,6345250000.0,-8.894,524.9365,,,5.005,4639582.0,12087653.0,45.938,66.8098,31.8348,34.975,,0.4082,1.1,34.2
ZWE,Zimbabwe,2003,5730500000.0,-16.9951,468.4719,,,4.738,4688939.0,12232323.0,45.373,70.452,32.3968,38.0551,,0.0663,1.8,35.1
ZWE,Zimbabwe,2004,5808500000.0,-5.8075,469.7193,,,4.39,4728584.0,12365896.0,46.043,76.0394,34.471,41.5684,,0.1498,2.1,35.6
ZWE,Zimbabwe,2005,5758250000.0,-5.7111,461.2714,,,4.632,4760160.0,12483432.0,46.57,76.0431,33.5475,42.4955,,1.7853,2.4,36.1
ZWE,Zimbabwe,2006,5446750000.0,-3.4614,431.035,,,4.767,4810305.0,12636445.0,47.056,82.82,35.9572,46.8628,,0.7344,2.4,37.2
ZWE,Zimbabwe,2007,5294750000.0,-3.6533,413.5212,,,5.008,4867035.0,12804058.0,47.576,84.1683,37.7827,46.3856,,1.3013,3.0,37.2
ZWE,Zimbabwe,2008,4418000000.0,-17.669,340.9174,,,5.401,4911151.0,12959149.0,48.456,109.5235,41.4667,68.0568,,1.1679,3.5,37.7
ZWE,Zimbabwe,2009,9670750000.0,13.2721,735.8217,,,5.476,4959627.0,13142790.0,49.75,61.7765,19.4763,42.3002,-7.5534,1.0857,4.0,43.4
ZWE,Zimbabwe,2010,12047750000.0,19.6754,902.0108,3.0227,,5.469,5015581.0,13356548.0,51.925,83.1234,29.6404,53.483,-13.7402,1.0175,6.4,38.9
ZWE,Zimbabwe,2011,14109000000.0,14.1939,1037.7757,3.4661,,5.368,5081883.0,13595424.0,53.911,89.4659,34.8005,54.6655,-19.4877,2.4403,8.4,36.9
ZWE,Zimbabwe,2012,17123500000.0,16.6654,1239.2271,3.7253,7.2746,5.057,5143461.0,13817887.0,55.386,74.1627,25.1628,48.9999,-13.3009,2.0431,12.0,44.0
ZWE,Zimbabwe,2013,19100750000.0,1.9895,1362.995,1.635,0.3373,4.948,5200964.0,14013808.0,56.842,58.6561,21.9874,36.6687,-13.8673,1.9531,15.5,40.6
ZWE,Zimbabwe,2014,19505500000.0,2.377,1372.9153,-0.1978,9.744,4.774,5270044.0,14207359.0,58.106,54.6718,20.93,33.7418,-11.965,2.4239,16.3647,32.3
ZWE,Zimbabwe,2015,19973250000.0,1.7799,1387.1263,-2.431,7.8865,5.399,5349250.0,14399013.0,58.989,56.7497,19.1606,37.589,-7.994,1.9987,22.7428,33.7
ZWE,Zimbabwe,2016,20559250000.0,0.7558,1408.1395,-1.5437,4.8468,5.896,5441038.0,14600294.0,59.76,51.219,19.9436,31.2755,-3.3924,1.6684,23.12,42.5
ZWE,Zimbabwe,2017,51035657370.5179,4.7344,3445.4494,0.894,-64.057,6.35,5543892.0,14812482.0,60.263,55.0283,24.6582,30.3701,-0.5314,0.6019,24.4,44.0
ZWE,Zimbabwe,2018,34141666666.6667,5.0099,2270.8953,10.6189,3.4548,6.788,5654759.0,15034452.0,60.906,54.5503,26.1641,28.3863,-4.0409,1.2122,25.0,45.4
ZWE,Zimbabwe,2019,33360632553.3556,-6.3324,2184.5216,255.305,-76.6316,7.373,5773237.0,15271368.0,61.06,36.5179,18.0339,18.484,2.7591,0.7484,26.5883,46.7
ZWE,Zimbabwe,2020,31979753644.6558,-7.817,2059.637,557.2018,-80.6103,8.617,5805013.0,15526888.0,61.53,31.8226,14.9941,16.8284,2.1213,0.4705,29.2986,52.7
ZWE,Zimbabwe,2021,41287852523.5016,8.468,2613.6167,98.5461,-30.3182,9.54,6005153.0,15797210.0,60.135,34.9401,15.6502,19.2899,0.8434,0.5752,32.5924,49.0
ZWE,Zimbabwe,2022,40757585308.5016,6.1393,2536.402,104.7052,-38.0937,10.087,6118687.0,16069056.0,62.36,43.6151,18.7705,24.8446,0.7482,0.8263,36.2565,50.1
ZWE,Zimbabwe,2023,35871781303.429,5.3509,2195.225,,-68.8773,9.348,6499497.0,16340822.0,62.775,40.2913,17.1171,23.1742,0.3732,1.6843,38.6748,62.0
ZWE,Zimbabwe,2024,41521975830.2351,1.6765,2496.1551,,-85.897,9.435,6660943.0,16634373.0,63.064,41.504,18.0564,23.4475,1.2071,1.1209,41.6428,62.0
ZWE,Zimbabwe,2025,51215643905.5886,8.1067,3021.4302,,-20.0745,9.293,6854692.0,16950795.0,,,,,,,,
